interaction_id,student_id,material_id,timestamp,duration_seconds,score,mastery_level,completed,competency,subject
625,1,8,2025-09-05,1980,5,0.286,False,Algebra Expressions and Linear Equations,Mathematics
2797,1,28,2025-09-06,3960,19,0.277,False,Introduction to Calculus Differentiation,Mathematics
3565,1,53,2025-09-06,4080,33,0.265,False,Kinematics and Projectile Motion,Physics
1056,1,30,2025-09-25,4020,33,0.215,True,Vectors and Transformations,Mathematics
2971,1,17,2025-09-25,3060,9,0.228,False,Geometry Circles Polygons and Constructions,Mathematics
2615,1,17,2025-10-08,3900,18,0.207,True,Geometry Circles Polygons and Constructions,Mathematics
3869,1,40,2025-10-09,2040,46,0.25,False,Light Reflection and Refraction,Physics
909,1,11,2025-10-11,2280,35,0.213,True,Statistics Data Collection and Representation,Mathematics
4441,1,54,2025-10-15,2820,39,0.256,True,Electricity AC Circuits and Electronics,Physics
871,1,46,2025-10-22,3060,15,0.21,True,Thermal Physics and Heat Transfer,Physics
3097,1,12,2025-10-23,2400,24,0.213,False,Statistics Data Collection and Representation,Mathematics
1793,1,58,2025-10-24,3600,21,0.291,True,Electromagnetic Induction,Physics
2625,1,7,2025-10-30,2340,46,0.394,True,Algebra Expressions and Linear Equations,Mathematics
2804,1,3,2025-11-10,3000,38,0.271,True,Whole Numbers and Number Theory,Mathematics
4557,1,5,2025-11-11,2520,20,0.337,False,Fractions Decimals and Percentages,Mathematics
580,1,25,2025-11-15,3780,28,0.237,True,Logarithmic and Exponential Functions,Mathematics
4113,1,15,2025-11-15,3120,23,0.263,True,Functions and Graphs,Mathematics
3990,1,60,2025-11-23,4260,32,0.266,True,Optics Interference and Diffraction,Physics
667,1,36,2025-11-24,2280,14,0.225,False,Forces and Newtons Laws,Physics
2345,1,40,2025-12-03,2820,10,0.194,True,Light Reflection and Refraction,Physics
4352,1,33,2025-12-09,2640,35,0.319,False,Physical Quantities and Units,Physics
3478,1,5,2025-12-17,2580,36,0.319,True,Fractions Decimals and Percentages,Mathematics
2802,1,44,2025-12-22,2160,38,0.266,True,Mechanics Work Energy and Power,Physics
4297,1,23,2025-12-27,4020,40,0.32,False,Algebra Polynomials and Rational Expressions,Mathematics
2814,1,31,2025-12-30,2820,35,0.229,True,Probability and Statistical Distributions,Mathematics
583,1,6,2026-01-13,2700,30,0.262,False,Fractions Decimals and Percentages,Mathematics
3972,1,33,2026-01-15,2880,33,0.361,True,Physical Quantities and Units,Physics
84,1,57,2026-01-18,4140,50,0.254,True,Atomic Structure and Nuclear Physics,Physics
1140,1,25,2026-02-02,2940,15,0.246,True,Logarithmic and Exponential Functions,Mathematics
2995,1,6,2026-02-02,2700,39,0.301,True,Fractions Decimals and Percentages,Mathematics
2742,1,34,2026-02-11,1440,25,0.338,True,Physical Quantities and Units,Physics
1806,1,54,2026-02-21,4080,50,0.255,True,Electricity AC Circuits and Electronics,Physics
3690,1,37,2026-02-22,3420,27,0.244,True,Energy Forms and Conservation,Physics
4094,2,41,2025-09-08,1560,35,0.287,True,Matter States and Properties,Physics
1604,2,13,2025-09-16,3240,37,0.255,True,Algebra Quadratic Equations and Inequalities,Mathematics
2859,2,58,2025-09-25,3720,42,0.418,True,Electromagnetic Induction,Physics
3587,2,7,2025-09-26,2760,37,0.356,False,Algebra Expressions and Linear Equations,Mathematics
115,2,9,2025-10-12,2880,11,0.285,False,Geometry Lines Angles and Triangles,Mathematics
2980,2,51,2025-10-20,3420,25,0.275,True,Electromagnetism Basic Concepts,Physics
601,2,11,2025-10-22,2580,31,0.302,False,Statistics Data Collection and Representation,Mathematics
1678,2,31,2025-10-23,3000,34,0.266,True,Probability and Statistical Distributions,Mathematics
2174,2,59,2025-10-29,3480,18,0.34,True,Electromagnetic Induction,Physics
1770,2,8,2025-11-05,3300,30,0.276,False,Algebra Expressions and Linear Equations,Mathematics
4802,2,3,2025-11-08,2700,28,0.312,False,Whole Numbers and Number Theory,Mathematics
2048,2,58,2025-11-20,3900,20,0.241,True,Electromagnetic Induction,Physics
1548,2,31,2025-11-21,2700,19,0.19,True,Probability and Statistical Distributions,Mathematics
1007,2,46,2025-11-25,2940,32,0.27,False,Thermal Physics and Heat Transfer,Physics
3464,2,26,2025-11-29,2100,18,0.299,False,Logarithmic and Exponential Functions,Mathematics
2278,2,35,2025-12-07,2340,43,0.237,True,Forces and Newtons Laws,Physics
3801,2,26,2025-12-21,3180,41,0.329,True,Logarithmic and Exponential Functions,Mathematics
3931,2,49,2025-12-26,3420,39,0.284,False,Electricity DC Circuits and Ohms Law,Physics
1687,2,26,2025-12-27,3240,21,0.253,False,Logarithmic and Exponential Functions,Mathematics
1076,2,56,2025-12-31,3420,15,0.2,False,Atomic Structure and Nuclear Physics,Physics
425,2,11,2026-01-01,1800,14,0.242,True,Statistics Data Collection and Representation,Mathematics
263,2,18,2026-01-02,3120,32,0.224,True,Geometry Circles Polygons and Constructions,Mathematics
4803,2,44,2026-01-04,2880,28,0.309,True,Mechanics Work Energy and Power,Physics
1244,2,20,2026-01-05,2640,30,0.258,True,Trigonometry Introduction to Ratios,Mathematics
1658,2,10,2026-01-08,3120,35,0.285,True,Geometry Lines Angles and Triangles,Mathematics
4655,2,33,2026-01-16,2460,32,0.319,True,Physical Quantities and Units,Physics
2432,2,5,2026-01-17,2700,37,0.328,False,Fractions Decimals and Percentages,Mathematics
3322,2,5,2026-01-26,2520,16,0.366,True,Fractions Decimals and Percentages,Mathematics
1026,2,5,2026-01-28,2460,30,0.299,True,Fractions Decimals and Percentages,Mathematics
4021,2,27,2026-02-09,3840,40,0.289,False,Trigonometry Advanced Applications,Mathematics
997,2,40,2026-02-13,1920,15,0.285,True,Light Reflection and Refraction,Physics
51,2,37,2026-02-15,3240,25,0.268,True,Energy Forms and Conservation,Physics
2547,2,37,2026-02-15,1980,26,0.369,True,Energy Forms and Conservation,Physics
3918,2,44,2026-02-21,3120,24,0.235,True,Mechanics Work Energy and Power,Physics
252,2,15,2026-02-26,2220,35,0.274,True,Functions and Graphs,Mathematics
1025,3,2,2025-09-05,3120,31,0.36,False,Sets and Venn Diagrams,Mathematics
3892,3,34,2025-09-08,1680,4,0.323,True,Physical Quantities and Units,Physics
1112,3,9,2025-09-23,3360,17,0.273,True,Geometry Lines Angles and Triangles,Mathematics
4231,3,51,2025-09-26,2520,25,0.27,False,Electromagnetism Basic Concepts,Physics
1245,3,30,2025-09-29,2820,26,0.318,True,Vectors and Transformations,Mathematics
3245,3,35,2025-09-30,3660,34,0.216,True,Forces and Newtons Laws,Physics
4395,3,9,2025-10-02,3300,18,0.375,True,Geometry Lines Angles and Triangles,Mathematics
2569,3,8,2025-10-14,3000,17,0.289,True,Algebra Expressions and Linear Equations,Mathematics
4064,3,31,2025-10-20,3780,7,0.239,True,Probability and Statistical Distributions,Mathematics
3373,3,56,2025-10-22,3120,25,0.295,True,Atomic Structure and Nuclear Physics,Physics
459,3,36,2025-10-25,3000,21,0.212,True,Forces and Newtons Laws,Physics
3183,3,1,2025-11-09,3420,49,0.44,True,Sets and Venn Diagrams,Mathematics
3682,3,37,2025-11-09,3060,31,0.245,False,Energy Forms and Conservation,Physics
389,3,3,2025-11-11,1980,38,0.319,True,Whole Numbers and Number Theory,Mathematics
707,3,2,2025-11-13,3180,26,0.283,False,Sets and Venn Diagrams,Mathematics
1125,3,56,2025-11-17,4620,32,0.272,True,Atomic Structure and Nuclear Physics,Physics
3305,3,34,2025-11-17,2280,27,0.274,False,Physical Quantities and Units,Physics
2595,3,3,2025-11-27,2280,22,0.331,True,Whole Numbers and Number Theory,Mathematics
3117,3,56,2025-12-03,2640,37,0.303,True,Atomic Structure and Nuclear Physics,Physics
3845,3,6,2025-12-03,2760,14,0.245,True,Fractions Decimals and Percentages,Mathematics
2770,3,10,2025-12-09,2820,41,0.318,True,Geometry Lines Angles and Triangles,Mathematics
3795,3,9,2025-12-18,3600,46,0.366,True,Geometry Lines Angles and Triangles,Mathematics
1854,3,19,2025-12-23,1920,7,0.201,True,Trigonometry Introduction to Ratios,Mathematics
477,3,58,2025-12-26,4080,0,0.225,True,Electromagnetic Induction,Physics
740,3,1,2026-01-11,3300,7,0.333,True,Sets and Venn Diagrams,Mathematics
3294,3,35,2026-01-13,2340,44,0.256,False,Forces and Newtons Laws,Physics
3385,3,27,2026-01-16,3300,40,0.292,False,Trigonometry Advanced Applications,Mathematics
4585,3,46,2026-01-16,2820,43,0.253,True,Thermal Physics and Heat Transfer,Physics
2066,3,46,2026-01-18,2160,11,0.202,True,Thermal Physics and Heat Transfer,Physics
868,3,16,2026-01-19,3000,33,0.281,True,Functions and Graphs,Mathematics
1145,3,32,2026-01-26,2580,16,0.234,True,Probability and Statistical Distributions,Mathematics
399,3,52,2026-01-31,3180,38,0.313,True,Kinematics and Projectile Motion,Physics
4979,3,15,2026-02-17,2460,25,0.291,False,Functions and Graphs,Mathematics
344,3,10,2026-02-21,2760,39,0.292,True,Geometry Lines Angles and Triangles,Mathematics
4468,3,28,2026-02-22,3780,21,0.184,True,Introduction to Calculus Differentiation,Mathematics
1511,3,40,2026-02-27,3300,34,0.216,True,Light Reflection and Refraction,Physics
4122,4,57,2025-09-07,3360,29,0.32,False,Atomic Structure and Nuclear Physics,Physics
4327,4,52,2025-09-07,3120,15,0.194,True,Kinematics and Projectile Motion,Physics
1660,4,41,2025-09-08,2640,48,0.321,False,Matter States and Properties,Physics
1357,4,15,2025-09-16,3000,27,0.245,True,Functions and Graphs,Mathematics
4874,4,6,2025-09-18,1980,30,0.357,False,Fractions Decimals and Percentages,Mathematics
2916,4,15,2025-09-21,3300,65,0.364,False,Functions and Graphs,Mathematics
3103,4,45,2025-09-23,2100,13,0.241,True,Thermal Physics and Heat Transfer,Physics
3693,4,27,2025-09-28,2820,9,0.222,False,Trigonometry Advanced Applications,Mathematics
1191,4,9,2025-09-30,2580,16,0.231,True,Geometry Lines Angles and Triangles,Mathematics
1332,4,5,2025-10-02,3000,23,0.299,True,Fractions Decimals and Percentages,Mathematics
346,4,22,2025-10-06,2220,28,0.193,True,Numbers Surds and Indices,Mathematics
2769,4,15,2025-10-13,2160,49,0.369,True,Functions and Graphs,Mathematics
4927,4,44,2025-10-17,1920,15,0.18,True,Mechanics Work Energy and Power,Physics
4867,4,49,2025-10-22,3540,7,0.172,True,Electricity DC Circuits and Ohms Law,Physics
2992,4,19,2025-10-26,2520,13,0.182,False,Trigonometry Introduction to Ratios,Mathematics
4143,4,49,2025-10-31,3180,23,0.156,True,Electricity DC Circuits and Ohms Law,Physics
1643,4,57,2025-11-08,3660,25,0.226,True,Atomic Structure and Nuclear Physics,Physics
4791,4,1,2025-11-08,2580,40,0.303,True,Sets and Venn Diagrams,Mathematics
2778,4,45,2025-11-17,2880,18,0.144,True,Thermal Physics and Heat Transfer,Physics
3874,4,31,2025-11-17,2160,41,0.395,True,Probability and Statistical Distributions,Mathematics
4866,4,39,2025-11-17,1680,41,0.28,True,Light Reflection and Refraction,Physics
348,4,58,2025-11-19,3060,26,0.195,True,Electromagnetic Induction,Physics
1187,4,40,2025-11-29,3300,17,0.186,True,Light Reflection and Refraction,Physics
4494,4,36,2025-12-05,2820,28,0.145,True,Forces and Newtons Laws,Physics
1106,4,31,2025-12-07,3780,35,0.343,True,Probability and Statistical Distributions,Mathematics
243,4,5,2025-12-13,2340,18,0.199,True,Fractions Decimals and Percentages,Mathematics
2641,4,60,2025-12-19,4140,21,0.133,False,Optics Interference and Diffraction,Physics
534,4,34,2025-12-23,2160,25,0.236,True,Physical Quantities and Units,Physics
1231,4,39,2025-12-25,2760,33,0.254,True,Light Reflection and Refraction,Physics
3782,4,60,2025-12-25,3960,11,0.208,True,Optics Interference and Diffraction,Physics
282,4,7,2025-12-31,2820,40,0.34,True,Algebra Expressions and Linear Equations,Mathematics
633,4,1,2026-01-06,2520,35,0.212,True,Sets and Venn Diagrams,Mathematics
2323,4,34,2026-01-13,2700,36,0.255,True,Physical Quantities and Units,Physics
699,4,21,2026-01-14,2520,25,0.142,True,Statistics Measures of Central Tendency,Mathematics
27,4,3,2026-01-20,1680,23,0.219,True,Whole Numbers and Number Theory,Mathematics
1079,4,21,2026-01-23,2640,20,0.225,False,Statistics Measures of Central Tendency,Mathematics
3082,4,13,2026-01-30,2700,36,0.248,True,Algebra Quadratic Equations and Inequalities,Mathematics
1201,4,12,2026-02-05,1740,16,0.223,True,Statistics Data Collection and Representation,Mathematics
1527,4,44,2026-02-17,1980,21,0.246,True,Mechanics Work Energy and Power,Physics
2122,4,16,2026-02-17,3780,35,0.311,True,Functions and Graphs,Mathematics
1451,4,17,2026-02-23,3000,17,0.247,True,Geometry Circles Polygons and Constructions,Mathematics
3604,4,2,2026-02-23,2160,45,0.263,True,Sets and Venn Diagrams,Mathematics
575,5,43,2025-09-05,2640,32,0.309,True,Mechanics Work Energy and Power,Physics
2398,5,20,2025-09-14,2460,31,0.258,True,Trigonometry Introduction to Ratios,Mathematics
1046,5,52,2025-09-16,4200,33,0.315,True,Kinematics and Projectile Motion,Physics
2061,5,46,2025-09-20,2460,45,0.336,True,Thermal Physics and Heat Transfer,Physics
443,5,42,2025-09-25,2880,42,0.361,True,Matter States and Properties,Physics
4179,5,49,2025-09-29,3600,38,0.336,True,Electricity DC Circuits and Ohms Law,Physics
1010,5,29,2025-10-01,3720,27,0.354,False,Introduction to Calculus Differentiation,Mathematics
1783,5,23,2025-10-06,4200,25,0.329,True,Algebra Polynomials and Rational Expressions,Mathematics
2028,5,6,2025-10-07,2400,17,0.347,False,Fractions Decimals and Percentages,Mathematics
4017,5,33,2025-10-13,2940,63,0.383,True,Physical Quantities and Units,Physics
4796,5,12,2025-10-21,2760,35,0.337,True,Statistics Data Collection and Representation,Mathematics
4870,5,37,2025-11-04,1860,26,0.383,True,Energy Forms and Conservation,Physics
2533,5,41,2025-11-07,1740,24,0.45,True,Matter States and Properties,Physics
4898,5,2,2025-11-11,3540,29,0.254,True,Sets and Venn Diagrams,Mathematics
700,5,37,2025-11-20,3420,7,0.326,True,Energy Forms and Conservation,Physics
4405,5,24,2025-11-21,3660,49,0.439,True,Algebra Polynomials and Rational Expressions,Mathematics
4445,5,44,2025-11-25,2040,44,0.344,True,Mechanics Work Energy and Power,Physics
3800,5,33,2025-11-28,3060,17,0.359,False,Physical Quantities and Units,Physics
4756,5,49,2025-11-28,3000,56,0.354,True,Electricity DC Circuits and Ohms Law,Physics
1559,5,38,2025-11-29,2640,46,0.323,False,Energy Forms and Conservation,Physics
800,5,6,2025-12-03,2280,17,0.303,True,Fractions Decimals and Percentages,Mathematics
3718,5,23,2025-12-04,2940,45,0.406,True,Algebra Polynomials and Rational Expressions,Mathematics
99,5,45,2025-12-07,3000,36,0.287,False,Thermal Physics and Heat Transfer,Physics
2631,5,12,2025-12-09,2340,27,0.322,True,Statistics Data Collection and Representation,Mathematics
1297,5,22,2025-12-27,3240,23,0.332,True,Numbers Surds and Indices,Mathematics
3781,5,3,2025-12-30,2520,32,0.403,False,Whole Numbers and Number Theory,Mathematics
4651,5,52,2026-01-02,3720,56,0.439,True,Kinematics and Projectile Motion,Physics
1390,5,52,2026-01-24,2700,39,0.364,True,Kinematics and Projectile Motion,Physics
4379,5,51,2026-02-01,3420,43,0.392,True,Electromagnetism Basic Concepts,Physics
2728,5,28,2026-02-03,3300,36,0.345,True,Introduction to Calculus Differentiation,Mathematics
1340,5,30,2026-02-16,2940,38,0.307,True,Vectors and Transformations,Mathematics
2332,5,19,2026-02-17,3360,31,0.263,True,Trigonometry Introduction to Ratios,Mathematics
4293,5,4,2026-02-18,1980,30,0.4,True,Whole Numbers and Number Theory,Mathematics
2497,5,4,2026-02-24,2400,31,0.339,True,Whole Numbers and Number Theory,Mathematics
4157,6,28,2025-09-01,4560,13,0.156,True,Introduction to Calculus Differentiation,Mathematics
1738,6,25,2025-09-15,2640,40,0.232,True,Logarithmic and Exponential Functions,Mathematics
3539,6,5,2025-09-22,2580,3,0.292,False,Fractions Decimals and Percentages,Mathematics
3151,6,51,2025-09-23,2220,36,0.28,False,Electromagnetism Basic Concepts,Physics
3543,6,14,2025-09-24,2760,31,0.347,True,Algebra Quadratic Equations and Inequalities,Mathematics
3333,6,32,2025-09-25,2460,28,0.291,True,Probability and Statistical Distributions,Mathematics
4380,6,23,2025-09-27,2940,21,0.284,True,Algebra Polynomials and Rational Expressions,Mathematics
2055,6,15,2025-09-28,1980,37,0.224,True,Functions and Graphs,Mathematics
4749,6,23,2025-10-05,2760,49,0.353,True,Algebra Polynomials and Rational Expressions,Mathematics
4132,6,46,2025-10-06,2940,31,0.292,True,Thermal Physics and Heat Transfer,Physics
4246,6,29,2025-10-09,3720,16,0.196,False,Introduction to Calculus Differentiation,Mathematics
4375,6,14,2025-10-27,2940,37,0.358,True,Algebra Quadratic Equations and Inequalities,Mathematics
3494,6,44,2025-10-28,2700,41,0.303,True,Mechanics Work Energy and Power,Physics
4998,6,30,2025-10-29,2340,15,0.222,True,Vectors and Transformations,Mathematics
4705,6,45,2025-11-09,3060,16,0.303,True,Thermal Physics and Heat Transfer,Physics
2720,6,41,2025-11-10,2040,18,0.259,True,Matter States and Properties,Physics
3233,6,44,2025-11-17,3060,18,0.233,True,Mechanics Work Energy and Power,Physics
4205,6,52,2025-12-05,2520,12,0.188,True,Kinematics and Projectile Motion,Physics
1977,6,42,2025-12-07,2040,7,0.264,False,Matter States and Properties,Physics
1118,6,2,2025-12-08,3720,11,0.249,False,Sets and Venn Diagrams,Mathematics
1456,6,37,2025-12-11,1920,26,0.192,False,Energy Forms and Conservation,Physics
684,6,55,2025-12-21,2820,42,0.282,True,Electricity AC Circuits and Electronics,Physics
1794,6,53,2026-01-02,4560,14,0.198,True,Kinematics and Projectile Motion,Physics
3998,6,32,2026-01-09,2400,37,0.293,True,Probability and Statistical Distributions,Mathematics
3507,6,40,2026-01-19,3180,10,0.222,True,Light Reflection and Refraction,Physics
1460,6,24,2026-01-21,2460,41,0.253,False,Algebra Polynomials and Rational Expressions,Mathematics
124,6,23,2026-01-23,2820,27,0.246,False,Algebra Polynomials and Rational Expressions,Mathematics
273,6,42,2026-01-27,2040,27,0.16,False,Matter States and Properties,Physics
485,6,18,2026-02-03,2280,0,0.177,True,Geometry Circles Polygons and Constructions,Mathematics
1699,6,42,2026-02-14,1980,5,0.187,True,Matter States and Properties,Physics
1864,6,60,2026-02-15,2820,39,0.249,True,Optics Interference and Diffraction,Physics
2159,6,14,2026-02-24,3000,23,0.219,True,Algebra Quadratic Equations and Inequalities,Mathematics
2150,6,54,2026-02-26,3420,16,0.225,True,Electricity AC Circuits and Electronics,Physics
4665,7,22,2025-09-02,2580,39,0.368,False,Numbers Surds and Indices,Mathematics
421,7,27,2025-09-12,3600,24,0.332,False,Trigonometry Advanced Applications,Mathematics
2673,7,46,2025-10-02,3540,34,0.325,False,Thermal Physics and Heat Transfer,Physics
2719,7,60,2025-10-05,2760,29,0.371,True,Optics Interference and Diffraction,Physics
4398,7,41,2025-10-06,2040,37,0.391,True,Matter States and Properties,Physics
408,7,37,2025-10-08,3120,41,0.351,True,Energy Forms and Conservation,Physics
2200,7,1,2025-10-11,1920,33,0.343,True,Sets and Venn Diagrams,Mathematics
2421,7,21,2025-11-04,2340,36,0.385,False,Statistics Measures of Central Tendency,Mathematics
524,7,48,2025-11-05,2400,40,0.325,True,Wave Properties Sound and Light,Physics
1730,7,51,2025-11-16,2520,19,0.314,True,Electromagnetism Basic Concepts,Physics
1017,7,4,2025-11-18,1800,38,0.309,True,Whole Numbers and Number Theory,Mathematics
4580,7,47,2025-11-21,2880,53,0.471,False,Wave Properties Sound and Light,Physics
1650,7,17,2025-11-22,3900,35,0.418,False,Geometry Circles Polygons and Constructions,Mathematics
1208,7,16,2025-11-23,3000,34,0.306,True,Functions and Graphs,Mathematics
3497,7,10,2025-11-26,2820,44,0.332,True,Geometry Lines Angles and Triangles,Mathematics
2308,7,7,2025-11-27,3540,27,0.269,True,Algebra Expressions and Linear Equations,Mathematics
3936,7,39,2025-12-04,1980,38,0.324,True,Light Reflection and Refraction,Physics
1318,7,47,2025-12-08,2400,40,0.417,True,Wave Properties Sound and Light,Physics
1477,7,2,2025-12-11,2160,40,0.357,True,Sets and Venn Diagrams,Mathematics
3515,7,48,2025-12-21,2520,37,0.471,False,Wave Properties Sound and Light,Physics
529,7,35,2025-12-24,2160,27,0.265,False,Forces and Newtons Laws,Physics
2183,7,43,2025-12-30,2700,26,0.335,False,Mechanics Work Energy and Power,Physics
2152,7,9,2026-01-01,2640,37,0.285,True,Geometry Lines Angles and Triangles,Mathematics
3979,7,5,2026-01-04,2220,13,0.299,True,Fractions Decimals and Percentages,Mathematics
4996,7,56,2026-01-06,4440,38,0.31,True,Atomic Structure and Nuclear Physics,Physics
60,7,59,2026-01-08,3480,39,0.26,True,Electromagnetic Induction,Physics
2540,7,15,2026-01-13,2580,32,0.334,True,Functions and Graphs,Mathematics
1038,7,29,2026-01-17,2520,46,0.34,True,Introduction to Calculus Differentiation,Mathematics
1483,7,50,2026-02-05,3360,48,0.228,True,Electricity DC Circuits and Ohms Law,Physics
372,7,30,2026-02-06,4140,27,0.334,True,Vectors and Transformations,Mathematics
2733,7,19,2026-02-09,2520,39,0.269,True,Trigonometry Introduction to Ratios,Mathematics
522,7,21,2026-02-13,1800,23,0.291,True,Statistics Measures of Central Tendency,Mathematics
4692,7,58,2026-02-14,4020,9,0.28,True,Electromagnetic Induction,Physics
2544,7,16,2026-02-19,2520,19,0.361,True,Functions and Graphs,Mathematics
841,7,55,2026-02-25,3840,30,0.318,True,Electricity AC Circuits and Electronics,Physics
1914,7,60,2026-02-25,2400,25,0.31,True,Optics Interference and Diffraction,Physics
4524,7,15,2026-02-26,3120,41,0.412,True,Functions and Graphs,Mathematics
1069,7,22,2026-02-27,3000,39,0.311,True,Numbers Surds and Indices,Mathematics
4753,8,54,2025-09-04,2640,31,0.29,True,Electricity AC Circuits and Electronics,Physics
3870,8,26,2025-09-15,2460,32,0.289,False,Logarithmic and Exponential Functions,Mathematics
2132,8,5,2025-09-18,2100,25,0.215,True,Fractions Decimals and Percentages,Mathematics
150,8,44,2025-09-22,1980,29,0.305,False,Mechanics Work Energy and Power,Physics
3410,8,56,2025-09-27,3600,37,0.246,True,Atomic Structure and Nuclear Physics,Physics
2110,8,13,2025-09-30,3120,29,0.316,False,Algebra Quadratic Equations and Inequalities,Mathematics
2077,8,30,2025-10-11,4140,23,0.21,True,Vectors and Transformations,Mathematics
1762,8,30,2025-10-19,2400,4,0.207,True,Vectors and Transformations,Mathematics
1418,8,25,2025-11-02,2880,22,0.272,False,Logarithmic and Exponential Functions,Mathematics
3288,8,15,2025-11-13,3480,18,0.274,False,Functions and Graphs,Mathematics
2431,8,4,2025-11-15,2340,23,0.258,True,Whole Numbers and Number Theory,Mathematics
3890,8,9,2025-11-19,4080,16,0.186,True,Geometry Lines Angles and Triangles,Mathematics
3637,8,15,2025-11-22,2220,20,0.312,True,Functions and Graphs,Mathematics
3899,8,1,2025-11-30,2040,15,0.234,True,Sets and Venn Diagrams,Mathematics
2051,8,48,2025-12-02,2940,18,0.236,True,Wave Properties Sound and Light,Physics
4400,8,47,2025-12-06,2820,22,0.294,True,Wave Properties Sound and Light,Physics
4271,8,13,2025-12-07,2280,22,0.344,False,Algebra Quadratic Equations and Inequalities,Mathematics
4984,8,48,2025-12-09,3600,37,0.339,True,Wave Properties Sound and Light,Physics
156,8,49,2025-12-13,2100,6,0.241,True,Electricity DC Circuits and Ohms Law,Physics
3917,8,13,2025-12-24,3480,26,0.326,True,Algebra Quadratic Equations and Inequalities,Mathematics
3621,8,47,2025-12-26,2760,29,0.299,True,Wave Properties Sound and Light,Physics
1736,8,9,2026-01-03,3360,8,0.153,False,Geometry Lines Angles and Triangles,Mathematics
339,8,43,2026-01-06,2280,58,0.324,False,Mechanics Work Energy and Power,Physics
1934,8,31,2026-01-09,3000,16,0.245,True,Probability and Statistical Distributions,Mathematics
409,8,9,2026-01-17,4080,22,0.209,False,Geometry Lines Angles and Triangles,Mathematics
2220,8,19,2026-01-23,1980,38,0.307,False,Trigonometry Introduction to Ratios,Mathematics
3997,8,4,2026-01-29,1680,25,0.33,False,Whole Numbers and Number Theory,Mathematics
3698,8,2,2026-01-31,3240,46,0.259,False,Sets and Venn Diagrams,Mathematics
1338,8,7,2026-02-03,3420,17,0.279,True,Algebra Expressions and Linear Equations,Mathematics
4110,8,41,2026-02-04,1680,44,0.323,True,Matter States and Properties,Physics
1314,9,48,2025-09-03,2880,47,0.321,True,Wave Properties Sound and Light,Physics
4156,9,12,2025-09-11,3000,33,0.397,False,Statistics Data Collection and Representation,Mathematics
772,9,47,2025-09-13,1860,27,0.29,True,Wave Properties Sound and Light,Physics
1068,9,49,2025-09-15,2880,6,0.252,True,Electricity DC Circuits and Ohms Law,Physics
1470,9,44,2025-09-20,3360,18,0.23,False,Mechanics Work Energy and Power,Physics
4252,9,4,2025-09-22,2280,44,0.326,True,Whole Numbers and Number Theory,Mathematics
4050,9,4,2025-10-02,2400,40,0.29,False,Whole Numbers and Number Theory,Mathematics
1895,9,11,2025-10-03,2040,18,0.279,True,Statistics Data Collection and Representation,Mathematics
2880,9,60,2025-10-03,2400,30,0.289,True,Optics Interference and Diffraction,Physics
2731,9,34,2025-10-04,1500,3,0.237,True,Physical Quantities and Units,Physics
3878,9,32,2025-10-08,2940,26,0.269,True,Probability and Statistical Distributions,Mathematics
2104,9,42,2025-10-29,2280,28,0.275,True,Matter States and Properties,Physics
4283,9,51,2025-10-30,3000,41,0.222,True,Electromagnetism Basic Concepts,Physics
2400,9,53,2025-10-31,4560,12,0.241,False,Kinematics and Projectile Motion,Physics
2266,9,37,2025-11-06,1980,32,0.262,True,Energy Forms and Conservation,Physics
4230,9,17,2025-11-10,2340,16,0.213,True,Geometry Circles Polygons and Constructions,Mathematics
2668,9,43,2025-12-26,2700,20,0.25,True,Mechanics Work Energy and Power,Physics
4459,9,48,2026-01-04,2640,38,0.378,True,Wave Properties Sound and Light,Physics
2005,9,46,2026-01-15,3660,23,0.221,True,Thermal Physics and Heat Transfer,Physics
2178,9,39,2026-01-19,1680,30,0.25,True,Light Reflection and Refraction,Physics
4669,9,48,2026-01-22,3660,43,0.424,True,Wave Properties Sound and Light,Physics
4209,9,46,2026-01-28,2820,31,0.199,True,Thermal Physics and Heat Transfer,Physics
1488,9,48,2026-02-12,3240,30,0.329,True,Wave Properties Sound and Light,Physics
105,9,32,2026-02-14,3900,33,0.209,True,Probability and Statistical Distributions,Mathematics
1306,9,20,2026-02-14,3840,28,0.181,True,Trigonometry Introduction to Ratios,Mathematics
1768,9,51,2026-02-14,2820,18,0.176,True,Electromagnetism Basic Concepts,Physics
561,9,21,2026-02-16,2100,25,0.279,True,Statistics Measures of Central Tendency,Mathematics
1931,9,39,2026-02-20,2280,42,0.221,True,Light Reflection and Refraction,Physics
4318,9,34,2026-02-26,1980,22,0.253,False,Physical Quantities and Units,Physics
4359,10,26,2025-09-04,3000,17,0.312,True,Logarithmic and Exponential Functions,Mathematics
1384,10,54,2025-09-08,3600,36,0.307,False,Electricity AC Circuits and Electronics,Physics
4285,10,32,2025-09-15,2940,34,0.336,True,Probability and Statistical Distributions,Mathematics
1120,10,32,2025-09-22,4140,28,0.273,True,Probability and Statistical Distributions,Mathematics
4438,10,11,2025-09-22,1560,31,0.307,True,Statistics Data Collection and Representation,Mathematics
2344,10,40,2025-09-23,2940,44,0.33,True,Light Reflection and Refraction,Physics
3394,10,56,2025-09-29,2820,48,0.441,True,Atomic Structure and Nuclear Physics,Physics
287,10,8,2025-10-03,2640,44,0.283,False,Algebra Expressions and Linear Equations,Mathematics
2303,10,24,2025-10-08,2820,42,0.299,True,Algebra Polynomials and Rational Expressions,Mathematics
1940,10,38,2025-11-04,2580,13,0.247,True,Energy Forms and Conservation,Physics
3002,10,9,2025-11-10,2460,41,0.363,True,Geometry Lines Angles and Triangles,Mathematics
1522,10,22,2025-11-22,3060,42,0.304,False,Numbers Surds and Indices,Mathematics
2290,10,60,2025-11-25,3300,16,0.347,True,Optics Interference and Diffraction,Physics
852,10,15,2025-12-11,2700,30,0.373,False,Functions and Graphs,Mathematics
2652,10,55,2025-12-11,3120,41,0.352,True,Electricity AC Circuits and Electronics,Physics
2954,10,4,2025-12-15,1440,15,0.259,False,Whole Numbers and Number Theory,Mathematics
3714,10,40,2025-12-20,2220,21,0.375,True,Light Reflection and Refraction,Physics
2876,10,27,2025-12-21,4200,19,0.245,True,Trigonometry Advanced Applications,Mathematics
3664,10,41,2025-12-21,1500,23,0.317,True,Matter States and Properties,Physics
4792,10,2,2025-12-22,3300,43,0.317,True,Sets and Venn Diagrams,Mathematics
397,10,53,2025-12-26,4020,34,0.331,False,Kinematics and Projectile Motion,Physics
3428,10,23,2026-01-04,2460,31,0.406,True,Algebra Polynomials and Rational Expressions,Mathematics
286,10,57,2026-01-05,4080,42,0.32,False,Atomic Structure and Nuclear Physics,Physics
1605,10,57,2026-01-12,3720,15,0.395,False,Atomic Structure and Nuclear Physics,Physics
3227,10,31,2026-01-12,3660,36,0.268,False,Probability and Statistical Distributions,Mathematics
987,10,28,2026-01-13,4500,29,0.277,False,Introduction to Calculus Differentiation,Mathematics
2863,10,60,2026-01-31,3960,52,0.441,False,Optics Interference and Diffraction,Physics
2933,10,44,2026-01-31,2520,35,0.314,False,Mechanics Work Energy and Power,Physics
108,10,60,2026-02-07,2580,20,0.29,False,Optics Interference and Diffraction,Physics
742,10,15,2026-02-10,2220,31,0.31,True,Functions and Graphs,Mathematics
686,10,30,2026-02-11,2400,25,0.282,True,Vectors and Transformations,Mathematics
153,10,33,2026-02-13,2700,35,0.268,False,Physical Quantities and Units,Physics
3501,10,29,2026-02-14,3540,13,0.308,False,Introduction to Calculus Differentiation,Mathematics
2796,10,10,2026-02-16,3300,33,0.328,True,Geometry Lines Angles and Triangles,Mathematics
4964,10,42,2026-02-23,2820,36,0.365,False,Matter States and Properties,Physics
2883,11,53,2025-09-01,3060,29,0.269,False,Kinematics and Projectile Motion,Physics
3508,11,15,2025-09-05,2760,34,0.3,True,Functions and Graphs,Mathematics
3838,11,47,2025-09-11,2160,21,0.291,False,Wave Properties Sound and Light,Physics
993,11,42,2025-09-15,1860,14,0.226,False,Matter States and Properties,Physics
1468,11,50,2025-09-22,3360,54,0.24,False,Electricity DC Circuits and Ohms Law,Physics
4970,11,46,2025-09-22,3840,19,0.195,False,Thermal Physics and Heat Transfer,Physics
3641,11,51,2025-09-25,2580,16,0.279,True,Electromagnetism Basic Concepts,Physics
1445,11,30,2025-09-28,3780,32,0.157,True,Vectors and Transformations,Mathematics
926,11,3,2025-09-29,2220,28,0.225,False,Whole Numbers and Number Theory,Mathematics
2771,11,46,2025-09-30,3480,8,0.145,True,Thermal Physics and Heat Transfer,Physics
957,11,15,2025-10-03,2700,7,0.221,True,Functions and Graphs,Mathematics
4186,11,57,2025-10-04,4020,35,0.187,True,Atomic Structure and Nuclear Physics,Physics
4938,11,59,2025-10-06,2340,29,0.299,False,Electromagnetic Induction,Physics
3555,11,21,2025-10-15,2460,20,0.23,True,Statistics Measures of Central Tendency,Mathematics
2736,11,59,2025-10-20,3600,29,0.299,False,Electromagnetic Induction,Physics
2239,11,57,2025-10-22,3780,26,0.227,True,Atomic Structure and Nuclear Physics,Physics
4773,11,4,2025-10-26,1860,44,0.361,True,Whole Numbers and Number Theory,Mathematics
2633,11,6,2025-10-28,2100,23,0.313,True,Fractions Decimals and Percentages,Mathematics
996,11,42,2025-11-05,1680,29,0.277,True,Matter States and Properties,Physics
1672,11,2,2025-11-06,2640,12,0.182,True,Sets and Venn Diagrams,Mathematics
2803,11,48,2025-11-09,2940,24,0.233,False,Wave Properties Sound and Light,Physics
641,11,14,2025-12-02,2460,11,0.199,True,Algebra Quadratic Equations and Inequalities,Mathematics
3912,11,39,2025-12-02,1740,22,0.33,True,Light Reflection and Refraction,Physics
383,11,46,2025-12-04,3660,21,0.153,True,Thermal Physics and Heat Transfer,Physics
218,11,18,2025-12-13,2520,27,0.205,True,Geometry Circles Polygons and Constructions,Mathematics
897,11,49,2025-12-19,2640,26,0.21,False,Electricity DC Circuits and Ohms Law,Physics
1408,11,46,2025-12-29,3120,9,0.169,True,Thermal Physics and Heat Transfer,Physics
3378,11,40,2026-01-07,2400,27,0.242,True,Light Reflection and Refraction,Physics
4658,11,56,2026-01-14,3360,40,0.212,False,Atomic Structure and Nuclear Physics,Physics
1919,11,10,2026-01-15,2340,24,0.18,False,Geometry Lines Angles and Triangles,Mathematics
165,11,4,2026-01-16,1500,26,0.231,True,Whole Numbers and Number Theory,Mathematics
3109,11,27,2026-01-17,3660,13,0.245,True,Trigonometry Advanced Applications,Mathematics
2167,11,20,2026-01-21,2460,39,0.251,True,Trigonometry Introduction to Ratios,Mathematics
288,11,30,2026-01-30,2940,7,0.155,True,Vectors and Transformations,Mathematics
2599,11,15,2026-02-08,3360,24,0.263,True,Functions and Graphs,Mathematics
4936,11,45,2026-02-13,2880,12,0.194,True,Thermal Physics and Heat Transfer,Physics
3712,11,29,2026-02-15,4080,46,0.265,True,Introduction to Calculus Differentiation,Mathematics
712,11,25,2026-02-22,3720,14,0.195,False,Logarithmic and Exponential Functions,Mathematics
337,11,60,2026-02-23,3000,26,0.22,True,Optics Interference and Diffraction,Physics
1421,11,35,2026-02-25,2880,11,0.203,True,Forces and Newtons Laws,Physics
2851,11,3,2026-02-25,2340,47,0.284,True,Whole Numbers and Number Theory,Mathematics
3636,12,40,2025-09-03,2820,21,0.207,True,Light Reflection and Refraction,Physics
3068,12,26,2025-09-04,3720,15,0.233,True,Logarithmic and Exponential Functions,Mathematics
4175,12,26,2025-09-06,2340,12,0.23,True,Logarithmic and Exponential Functions,Mathematics
143,12,50,2025-09-08,2400,40,0.249,True,Electricity DC Circuits and Ohms Law,Physics
2446,12,5,2025-09-12,2160,19,0.219,True,Fractions Decimals and Percentages,Mathematics
4744,12,51,2025-09-15,2100,9,0.14,True,Electromagnetism Basic Concepts,Physics
3018,12,56,2025-09-19,3780,29,0.248,True,Atomic Structure and Nuclear Physics,Physics
2457,12,18,2025-09-21,3780,28,0.235,True,Geometry Circles Polygons and Constructions,Mathematics
4572,12,19,2025-09-23,2340,34,0.199,True,Trigonometry Introduction to Ratios,Mathematics
1539,12,12,2025-10-16,1800,6,0.217,True,Statistics Data Collection and Representation,Mathematics
4443,12,50,2025-11-12,2400,20,0.275,True,Electricity DC Circuits and Ohms Law,Physics
242,12,53,2025-11-22,4380,27,0.168,True,Kinematics and Projectile Motion,Physics
1422,12,16,2025-11-25,3060,3,0.21,False,Functions and Graphs,Mathematics
4794,12,25,2025-11-30,3960,33,0.219,True,Logarithmic and Exponential Functions,Mathematics
3213,12,44,2025-12-10,2580,21,0.206,True,Mechanics Work Energy and Power,Physics
2203,12,46,2025-12-13,3480,15,0.246,True,Thermal Physics and Heat Transfer,Physics
3254,12,48,2025-12-13,2640,19,0.193,False,Wave Properties Sound and Light,Physics
1200,12,44,2025-12-20,2040,14,0.173,True,Mechanics Work Energy and Power,Physics
442,12,14,2025-12-26,3600,10,0.202,True,Algebra Quadratic Equations and Inequalities,Mathematics
2090,12,53,2026-01-12,3480,16,0.168,True,Kinematics and Projectile Motion,Physics
1987,12,59,2026-01-16,2520,28,0.177,True,Electromagnetic Induction,Physics
1569,12,53,2026-01-19,3180,10,0.131,False,Kinematics and Projectile Motion,Physics
3346,12,7,2026-01-22,3720,0,0.178,False,Algebra Expressions and Linear Equations,Mathematics
4648,12,39,2026-01-25,2880,27,0.212,True,Light Reflection and Refraction,Physics
2162,12,39,2026-01-28,2820,12,0.197,True,Light Reflection and Refraction,Physics
2056,12,53,2026-02-03,3300,14,0.166,True,Kinematics and Projectile Motion,Physics
3764,12,4,2026-02-05,1560,51,0.248,True,Whole Numbers and Number Theory,Mathematics
4159,12,2,2026-02-07,3720,24,0.183,True,Sets and Venn Diagrams,Mathematics
756,12,33,2026-02-08,2100,0,0.192,True,Physical Quantities and Units,Physics
653,12,21,2026-02-12,2340,37,0.253,True,Statistics Measures of Central Tendency,Mathematics
3797,12,39,2026-02-13,2880,8,0.192,True,Light Reflection and Refraction,Physics
1054,12,41,2026-02-26,2160,16,0.19,True,Matter States and Properties,Physics
1308,12,60,2026-02-27,3780,7,0.199,True,Optics Interference and Diffraction,Physics
4417,13,50,2025-09-02,3060,32,0.247,True,Electricity DC Circuits and Ohms Law,Physics
1861,13,12,2025-09-24,3060,21,0.242,True,Statistics Data Collection and Representation,Mathematics
853,13,7,2025-10-08,3180,23,0.206,True,Algebra Expressions and Linear Equations,Mathematics
1962,13,15,2025-10-18,2580,31,0.218,True,Functions and Graphs,Mathematics
1732,13,17,2025-10-22,3720,32,0.213,True,Geometry Circles Polygons and Constructions,Mathematics
1653,13,56,2025-10-25,3840,33,0.259,True,Atomic Structure and Nuclear Physics,Physics
2987,13,53,2025-10-27,3120,30,0.342,True,Kinematics and Projectile Motion,Physics
739,13,35,2025-10-28,2280,1,0.171,True,Forces and Newtons Laws,Physics
1853,13,7,2025-10-31,2400,29,0.25,True,Algebra Expressions and Linear Equations,Mathematics
4172,13,20,2025-11-07,3240,13,0.18,True,Trigonometry Introduction to Ratios,Mathematics
4654,13,42,2025-11-23,2640,10,0.207,True,Matter States and Properties,Physics
2768,13,46,2025-12-06,2820,36,0.277,True,Thermal Physics and Heat Transfer,Physics
4282,13,46,2025-12-08,2820,28,0.261,False,Thermal Physics and Heat Transfer,Physics
4473,13,49,2025-12-08,3480,21,0.269,True,Electricity DC Circuits and Ohms Law,Physics
4858,13,20,2025-12-08,3120,19,0.221,True,Trigonometry Introduction to Ratios,Mathematics
3784,13,19,2025-12-10,3060,16,0.126,True,Trigonometry Introduction to Ratios,Mathematics
1360,13,20,2025-12-16,2460,28,0.163,True,Trigonometry Introduction to Ratios,Mathematics
2256,13,60,2025-12-18,2400,0,0.158,True,Optics Interference and Diffraction,Physics
3760,13,12,2025-12-27,1740,36,0.309,True,Statistics Data Collection and Representation,Mathematics
842,13,24,2026-01-02,3300,33,0.255,True,Algebra Polynomials and Rational Expressions,Mathematics
2648,13,13,2026-01-12,2520,26,0.215,True,Algebra Quadratic Equations and Inequalities,Mathematics
1058,13,49,2026-01-13,3840,7,0.192,True,Electricity DC Circuits and Ohms Law,Physics
1420,13,35,2026-01-17,2400,16,0.19,True,Forces and Newtons Laws,Physics
1824,13,34,2026-01-24,1440,19,0.217,True,Physical Quantities and Units,Physics
3229,13,18,2026-02-15,3240,28,0.225,True,Geometry Circles Polygons and Constructions,Mathematics
4412,13,33,2026-02-18,2340,27,0.284,True,Physical Quantities and Units,Physics
4751,13,26,2026-02-21,2940,23,0.214,True,Logarithmic and Exponential Functions,Mathematics
1954,14,21,2025-09-02,2400,47,0.288,False,Statistics Measures of Central Tendency,Mathematics
3685,14,29,2025-09-02,3540,19,0.192,False,Introduction to Calculus Differentiation,Mathematics
1453,14,8,2025-09-11,3120,28,0.254,True,Algebra Expressions and Linear Equations,Mathematics
4721,14,3,2025-09-13,2220,34,0.283,True,Whole Numbers and Number Theory,Mathematics
603,14,36,2025-09-14,2400,36,0.23,False,Forces and Newtons Laws,Physics
3754,14,5,2025-09-21,2280,17,0.189,True,Fractions Decimals and Percentages,Mathematics
2702,14,26,2025-10-08,3840,0,0.19,True,Logarithmic and Exponential Functions,Mathematics
829,14,18,2025-10-09,2940,38,0.244,True,Geometry Circles Polygons and Constructions,Mathematics
1675,14,16,2025-10-12,2400,14,0.18,True,Functions and Graphs,Mathematics
1221,14,21,2025-10-17,2940,29,0.239,True,Statistics Measures of Central Tendency,Mathematics
1825,14,39,2025-10-17,2580,25,0.294,True,Light Reflection and Refraction,Physics
4291,14,45,2025-10-23,2880,24,0.179,True,Thermal Physics and Heat Transfer,Physics
4463,14,48,2025-11-02,2580,4,0.169,True,Wave Properties Sound and Light,Physics
1554,14,22,2025-11-05,2280,23,0.197,True,Numbers Surds and Indices,Mathematics
785,14,32,2025-11-12,4140,22,0.219,True,Probability and Statistical Distributions,Mathematics
804,14,4,2025-11-25,2640,23,0.177,True,Whole Numbers and Number Theory,Mathematics
3250,14,40,2025-11-28,3120,13,0.41,True,Light Reflection and Refraction,Physics
3283,14,10,2025-11-28,2760,30,0.211,True,Geometry Lines Angles and Triangles,Mathematics
2412,14,32,2025-12-01,2400,17,0.241,True,Probability and Statistical Distributions,Mathematics
370,14,20,2025-12-05,3240,15,0.188,False,Trigonometry Introduction to Ratios,Mathematics
533,14,30,2025-12-22,2580,13,0.177,True,Vectors and Transformations,Mathematics
592,14,43,2025-12-23,2760,19,0.238,True,Mechanics Work Energy and Power,Physics
3354,14,9,2025-12-23,2400,33,0.234,True,Geometry Lines Angles and Triangles,Mathematics
3107,14,30,2026-01-14,3360,26,0.191,True,Vectors and Transformations,Mathematics
4612,14,55,2026-01-19,2400,41,0.235,True,Electricity AC Circuits and Electronics,Physics
1797,14,48,2026-01-25,2880,14,0.142,False,Wave Properties Sound and Light,Physics
1500,14,8,2026-01-28,2640,32,0.314,True,Algebra Expressions and Linear Equations,Mathematics
4521,14,11,2026-02-04,2280,16,0.165,True,Statistics Data Collection and Representation,Mathematics
3036,14,53,2026-02-09,3120,21,0.151,True,Kinematics and Projectile Motion,Physics
4774,14,59,2026-02-12,2700,14,0.161,False,Electromagnetic Induction,Physics
3611,14,34,2026-02-13,2580,32,0.27,False,Physical Quantities and Units,Physics
3600,14,3,2026-02-14,2220,41,0.244,True,Whole Numbers and Number Theory,Mathematics
4045,14,32,2026-02-19,2340,18,0.314,True,Probability and Statistical Distributions,Mathematics
2979,14,26,2026-02-20,2220,10,0.229,True,Logarithmic and Exponential Functions,Mathematics
572,14,2,2026-02-23,2760,6,0.207,True,Sets and Venn Diagrams,Mathematics
3181,14,23,2026-02-24,4260,4,0.147,True,Algebra Polynomials and Rational Expressions,Mathematics
1287,14,25,2026-02-26,2760,18,0.186,True,Logarithmic and Exponential Functions,Mathematics
4244,15,27,2025-09-04,2820,28,0.27,False,Trigonometry Advanced Applications,Mathematics
4191,15,55,2025-09-12,3240,46,0.335,True,Electricity AC Circuits and Electronics,Physics
2655,15,21,2025-09-13,1800,29,0.313,False,Statistics Measures of Central Tendency,Mathematics
2366,15,55,2025-09-18,2760,29,0.275,True,Electricity AC Circuits and Electronics,Physics
4526,15,27,2025-10-02,3060,36,0.337,True,Trigonometry Advanced Applications,Mathematics
3351,15,14,2025-10-04,3120,22,0.336,True,Algebra Quadratic Equations and Inequalities,Mathematics
145,15,34,2025-10-25,1500,33,0.309,True,Physical Quantities and Units,Physics
1999,15,33,2025-11-04,1740,28,0.349,True,Physical Quantities and Units,Physics
789,15,51,2025-11-07,2160,49,0.304,True,Electromagnetism Basic Concepts,Physics
2959,15,40,2025-11-07,1920,31,0.345,True,Light Reflection and Refraction,Physics
3337,15,32,2025-11-09,3420,29,0.228,False,Probability and Statistical Distributions,Mathematics
4535,15,3,2025-11-23,2400,28,0.385,False,Whole Numbers and Number Theory,Mathematics
799,15,24,2025-11-26,3780,34,0.242,True,Algebra Polynomials and Rational Expressions,Mathematics
3377,15,48,2025-11-29,3180,26,0.267,False,Wave Properties Sound and Light,Physics
3046,15,29,2025-12-01,3420,18,0.321,True,Introduction to Calculus Differentiation,Mathematics
3950,15,23,2025-12-06,3360,18,0.207,False,Algebra Polynomials and Rational Expressions,Mathematics
4607,15,26,2025-12-18,2280,37,0.29,True,Logarithmic and Exponential Functions,Mathematics
4748,15,36,2025-12-18,3360,0,0.268,False,Forces and Newtons Laws,Physics
1173,15,49,2025-12-20,3780,45,0.286,False,Electricity DC Circuits and Ohms Law,Physics
856,15,2,2025-12-23,3480,14,0.32,True,Sets and Venn Diagrams,Mathematics
2501,15,11,2025-12-27,2220,32,0.294,True,Statistics Data Collection and Representation,Mathematics
323,15,23,2025-12-29,3420,29,0.239,False,Algebra Polynomials and Rational Expressions,Mathematics
2791,15,28,2026-01-12,3000,34,0.288,True,Introduction to Calculus Differentiation,Mathematics
4720,15,1,2026-02-03,2760,22,0.362,True,Sets and Venn Diagrams,Mathematics
1553,15,8,2026-02-25,2760,31,0.268,True,Algebra Expressions and Linear Equations,Mathematics
3175,16,26,2025-09-07,2940,24,0.324,False,Logarithmic and Exponential Functions,Mathematics
538,16,38,2025-09-10,2160,17,0.248,True,Energy Forms and Conservation,Physics
3568,16,53,2025-09-14,3240,11,0.277,False,Kinematics and Projectile Motion,Physics
3642,16,49,2025-09-14,2220,28,0.323,True,Electricity DC Circuits and Ohms Law,Physics
1262,16,4,2025-09-16,1920,33,0.256,False,Whole Numbers and Number Theory,Mathematics
968,16,24,2025-09-18,3240,19,0.246,True,Algebra Polynomials and Rational Expressions,Mathematics
797,16,19,2025-10-01,3240,27,0.337,False,Trigonometry Introduction to Ratios,Mathematics
4634,16,52,2025-10-01,4140,32,0.338,True,Kinematics and Projectile Motion,Physics
3734,16,53,2025-10-03,3900,26,0.295,True,Kinematics and Projectile Motion,Physics
3301,16,57,2025-10-06,2820,34,0.31,False,Atomic Structure and Nuclear Physics,Physics
4895,16,25,2025-10-14,3540,39,0.336,True,Logarithmic and Exponential Functions,Mathematics
1737,16,5,2025-10-16,2580,12,0.317,True,Fractions Decimals and Percentages,Mathematics
3042,16,21,2025-10-16,2640,50,0.336,True,Statistics Measures of Central Tendency,Mathematics
2800,16,15,2025-10-20,2400,31,0.411,True,Functions and Graphs,Mathematics
1909,16,44,2025-10-22,2280,6,0.249,True,Mechanics Work Energy and Power,Physics
371,16,5,2025-10-30,2400,38,0.309,True,Fractions Decimals and Percentages,Mathematics
2466,16,58,2025-10-30,4080,39,0.248,True,Electromagnetic Induction,Physics
4019,16,28,2025-11-04,3960,30,0.296,True,Introduction to Calculus Differentiation,Mathematics
3216,16,28,2025-11-10,2640,30,0.298,True,Introduction to Calculus Differentiation,Mathematics
3802,16,55,2025-11-13,2520,38,0.298,True,Electricity AC Circuits and Electronics,Physics
1814,16,40,2025-11-27,2880,22,0.185,True,Light Reflection and Refraction,Physics
4681,16,56,2025-11-30,3480,50,0.33,False,Atomic Structure and Nuclear Physics,Physics
2779,16,30,2025-12-05,3540,30,0.317,True,Vectors and Transformations,Mathematics
3867,16,35,2025-12-10,2100,31,0.284,True,Forces and Newtons Laws,Physics
89,16,15,2025-12-13,3120,26,0.318,False,Functions and Graphs,Mathematics
2315,16,31,2025-12-15,2280,37,0.315,False,Probability and Statistical Distributions,Mathematics
4450,16,26,2025-12-16,2340,40,0.311,True,Logarithmic and Exponential Functions,Mathematics
132,16,19,2025-12-21,1860,14,0.288,False,Trigonometry Introduction to Ratios,Mathematics
1596,16,15,2025-12-24,2160,29,0.314,True,Functions and Graphs,Mathematics
248,16,31,2026-01-06,3300,30,0.317,True,Probability and Statistical Distributions,Mathematics
2135,16,49,2026-01-08,3360,53,0.302,True,Electricity DC Circuits and Ohms Law,Physics
4197,16,27,2026-01-09,3360,23,0.275,False,Trigonometry Advanced Applications,Mathematics
3271,16,30,2026-01-28,4140,32,0.302,True,Vectors and Transformations,Mathematics
3788,16,22,2026-01-31,3180,30,0.291,False,Numbers Surds and Indices,Mathematics
4508,16,46,2026-02-20,3300,32,0.336,True,Thermal Physics and Heat Transfer,Physics
3077,16,34,2026-02-21,2160,41,0.269,True,Physical Quantities and Units,Physics
4076,17,42,2025-09-01,1920,22,0.294,False,Matter States and Properties,Physics
2908,17,34,2025-09-02,1800,24,0.382,True,Physical Quantities and Units,Physics
2455,17,51,2025-09-19,3420,15,0.276,True,Electromagnetism Basic Concepts,Physics
1813,17,12,2025-09-24,1860,32,0.367,False,Statistics Data Collection and Representation,Mathematics
2206,17,8,2025-09-24,2760,26,0.402,True,Algebra Expressions and Linear Equations,Mathematics
4743,17,40,2025-09-24,1920,47,0.291,True,Light Reflection and Refraction,Physics
2330,17,55,2025-10-04,2760,30,0.276,True,Electricity AC Circuits and Electronics,Physics
881,17,9,2025-10-18,2520,31,0.375,True,Geometry Lines Angles and Triangles,Mathematics
4848,17,21,2025-10-18,2700,41,0.317,True,Statistics Measures of Central Tendency,Mathematics
2524,17,1,2025-10-27,2220,45,0.321,True,Sets and Venn Diagrams,Mathematics
3146,17,20,2025-10-27,3180,39,0.238,True,Trigonometry Introduction to Ratios,Mathematics
67,17,56,2025-11-01,2580,28,0.292,True,Atomic Structure and Nuclear Physics,Physics
4921,17,8,2025-11-08,2040,53,0.463,True,Algebra Expressions and Linear Equations,Mathematics
2209,17,33,2025-11-10,2220,12,0.301,True,Physical Quantities and Units,Physics
4241,17,26,2025-11-12,3180,44,0.372,True,Logarithmic and Exponential Functions,Mathematics
661,17,31,2025-11-20,2520,27,0.362,False,Probability and Statistical Distributions,Mathematics
3654,17,50,2025-11-26,2340,41,0.257,True,Electricity DC Circuits and Ohms Law,Physics
3034,17,11,2025-12-01,2100,54,0.456,False,Statistics Data Collection and Representation,Mathematics
1178,17,54,2025-12-05,3240,35,0.293,True,Electricity AC Circuits and Electronics,Physics
3282,17,32,2025-12-05,3960,41,0.368,True,Probability and Statistical Distributions,Mathematics
4451,17,26,2025-12-05,3660,50,0.438,False,Logarithmic and Exponential Functions,Mathematics
2097,17,21,2025-12-06,3060,20,0.291,True,Statistics Measures of Central Tendency,Mathematics
939,17,7,2025-12-11,3180,46,0.309,True,Algebra Expressions and Linear Equations,Mathematics
2707,17,48,2025-12-16,2520,33,0.304,True,Wave Properties Sound and Light,Physics
28,17,54,2025-12-17,3720,46,0.255,True,Electricity AC Circuits and Electronics,Physics
4028,17,14,2025-12-20,3780,36,0.293,False,Algebra Quadratic Equations and Inequalities,Mathematics
3488,17,19,2025-12-21,2820,34,0.323,True,Trigonometry Introduction to Ratios,Mathematics
3154,17,15,2025-12-28,2940,42,0.325,True,Functions and Graphs,Mathematics
136,17,11,2025-12-29,2640,33,0.304,True,Statistics Data Collection and Representation,Mathematics
1180,17,46,2026-01-07,2400,43,0.353,True,Thermal Physics and Heat Transfer,Physics
1581,17,28,2026-01-25,3120,29,0.265,True,Introduction to Calculus Differentiation,Mathematics
3134,17,49,2026-01-28,2160,28,0.237,True,Electricity DC Circuits and Ohms Law,Physics
1754,17,14,2026-01-29,3480,29,0.234,True,Algebra Quadratic Equations and Inequalities,Mathematics
1043,17,15,2026-02-09,2700,25,0.285,True,Functions and Graphs,Mathematics
2341,17,36,2026-02-11,2820,54,0.448,True,Forces and Newtons Laws,Physics
3037,17,38,2026-02-13,1800,31,0.315,False,Energy Forms and Conservation,Physics
4553,17,10,2026-02-16,2520,29,0.387,True,Geometry Lines Angles and Triangles,Mathematics
1216,17,35,2026-02-20,2640,44,0.367,True,Forces and Newtons Laws,Physics
384,17,44,2026-02-26,3120,14,0.304,True,Mechanics Work Energy and Power,Physics
846,17,53,2026-02-28,4440,21,0.228,True,Kinematics and Projectile Motion,Physics
1310,17,51,2026-02-28,2880,12,0.245,True,Electromagnetism Basic Concepts,Physics
4775,18,9,2025-09-10,4080,28,0.337,True,Geometry Lines Angles and Triangles,Mathematics
2723,18,51,2025-09-15,3180,30,0.247,True,Electromagnetism Basic Concepts,Physics
4002,18,57,2025-09-17,2820,33,0.282,True,Atomic Structure and Nuclear Physics,Physics
4267,18,50,2025-10-06,2700,31,0.294,True,Electricity DC Circuits and Ohms Law,Physics
1731,18,57,2025-10-09,2520,15,0.184,True,Atomic Structure and Nuclear Physics,Physics
2031,18,41,2025-10-17,2580,60,0.389,True,Matter States and Properties,Physics
3081,18,57,2025-10-25,3480,22,0.219,True,Atomic Structure and Nuclear Physics,Physics
3525,18,6,2025-10-31,1980,38,0.383,True,Fractions Decimals and Percentages,Mathematics
1052,18,48,2025-11-10,2100,23,0.281,True,Wave Properties Sound and Light,Physics
237,18,20,2025-11-24,2700,31,0.294,True,Trigonometry Introduction to Ratios,Mathematics
3258,18,60,2025-11-24,3540,33,0.223,False,Optics Interference and Diffraction,Physics
3811,18,16,2025-12-02,3180,31,0.228,True,Functions and Graphs,Mathematics
586,18,6,2025-12-06,3060,24,0.273,True,Fractions Decimals and Percentages,Mathematics
1815,18,59,2025-12-12,3780,51,0.367,True,Electromagnetic Induction,Physics
2188,18,43,2025-12-12,3480,34,0.313,False,Mechanics Work Energy and Power,Physics
488,18,17,2025-12-20,2880,31,0.17,True,Geometry Circles Polygons and Constructions,Mathematics
275,18,24,2025-12-24,2220,10,0.242,True,Algebra Polynomials and Rational Expressions,Mathematics
937,18,46,2025-12-28,3420,14,0.21,True,Thermal Physics and Heat Transfer,Physics
3940,18,37,2026-01-03,2940,33,0.3,True,Energy Forms and Conservation,Physics
1558,18,5,2026-01-05,2100,29,0.317,True,Fractions Decimals and Percentages,Mathematics
4183,18,16,2026-01-13,2640,31,0.3,True,Functions and Graphs,Mathematics
1387,18,39,2026-01-26,2280,18,0.26,True,Light Reflection and Refraction,Physics
2764,18,41,2026-01-26,1620,39,0.478,True,Matter States and Properties,Physics
1227,18,33,2026-02-13,1680,44,0.294,True,Physical Quantities and Units,Physics
840,18,42,2026-02-22,2700,26,0.296,True,Matter States and Properties,Physics
2722,18,42,2026-02-26,2520,45,0.428,True,Matter States and Properties,Physics
3167,19,46,2025-09-04,3000,11,0.183,True,Thermal Physics and Heat Transfer,Physics
3447,19,57,2025-09-09,3000,23,0.25,True,Atomic Structure and Nuclear Physics,Physics
1074,19,20,2025-09-11,2640,22,0.281,False,Trigonometry Introduction to Ratios,Mathematics
4764,19,34,2025-09-14,2640,24,0.205,True,Physical Quantities and Units,Physics
1575,19,25,2025-09-26,2520,22,0.23,True,Logarithmic and Exponential Functions,Mathematics
3045,19,6,2025-09-28,2880,8,0.268,True,Fractions Decimals and Percentages,Mathematics
3995,19,14,2025-10-01,2520,19,0.27,True,Algebra Quadratic Equations and Inequalities,Mathematics
2536,19,31,2025-10-05,3240,9,0.248,True,Probability and Statistical Distributions,Mathematics
1044,19,7,2025-10-09,3120,28,0.278,True,Algebra Expressions and Linear Equations,Mathematics
2442,19,3,2025-10-10,1920,19,0.19,False,Whole Numbers and Number Theory,Mathematics
2953,19,17,2025-10-10,2460,21,0.327,False,Geometry Circles Polygons and Constructions,Mathematics
4372,19,17,2025-10-15,3900,36,0.367,True,Geometry Circles Polygons and Constructions,Mathematics
1728,19,29,2025-10-20,3840,19,0.228,True,Introduction to Calculus Differentiation,Mathematics
801,19,7,2025-10-21,3120,2,0.234,False,Algebra Expressions and Linear Equations,Mathematics
2582,19,44,2025-10-21,2520,32,0.277,True,Mechanics Work Energy and Power,Physics
440,19,24,2025-10-26,3480,42,0.275,False,Algebra Polynomials and Rational Expressions,Mathematics
4713,19,13,2025-10-27,2760,27,0.236,True,Algebra Quadratic Equations and Inequalities,Mathematics
3131,19,22,2025-10-31,3240,42,0.24,True,Numbers Surds and Indices,Mathematics
313,19,53,2025-11-02,3780,37,0.242,True,Kinematics and Projectile Motion,Physics
2658,19,32,2025-11-13,3540,28,0.286,False,Probability and Statistical Distributions,Mathematics
377,19,50,2025-11-17,3540,34,0.26,False,Electricity DC Circuits and Ohms Law,Physics
3528,19,60,2025-11-19,3840,27,0.219,True,Optics Interference and Diffraction,Physics
433,19,2,2025-11-23,2160,37,0.277,True,Sets and Venn Diagrams,Mathematics
3408,19,42,2025-12-04,2520,18,0.241,False,Matter States and Properties,Physics
4643,19,39,2025-12-04,2640,23,0.3,True,Light Reflection and Refraction,Physics
2073,19,44,2025-12-11,2400,15,0.27,True,Mechanics Work Energy and Power,Physics
728,19,58,2025-12-14,2340,17,0.244,True,Electromagnetic Induction,Physics
3168,19,28,2025-12-14,4080,19,0.209,True,Introduction to Calculus Differentiation,Mathematics
3677,19,42,2026-01-05,2520,22,0.28,True,Matter States and Properties,Physics
1718,19,54,2026-01-22,4140,8,0.194,False,Electricity AC Circuits and Electronics,Physics
2285,19,30,2026-01-24,2460,30,0.325,True,Vectors and Transformations,Mathematics
3963,19,2,2026-01-25,2160,34,0.335,True,Sets and Venn Diagrams,Mathematics
4270,19,28,2026-01-25,3000,17,0.223,False,Introduction to Calculus Differentiation,Mathematics
1293,19,19,2026-01-26,2520,15,0.314,True,Trigonometry Introduction to Ratios,Mathematics
3552,19,49,2026-01-28,2820,32,0.319,True,Electricity DC Circuits and Ohms Law,Physics
4861,19,12,2026-01-29,2820,36,0.226,True,Statistics Data Collection and Representation,Mathematics
3355,19,47,2026-01-31,2040,32,0.241,False,Wave Properties Sound and Light,Physics
527,19,19,2026-02-08,2520,28,0.238,True,Trigonometry Introduction to Ratios,Mathematics
4994,19,4,2026-02-15,2460,4,0.182,True,Whole Numbers and Number Theory,Mathematics
2566,19,21,2026-02-19,1860,35,0.217,True,Statistics Measures of Central Tendency,Mathematics
1457,19,60,2026-02-21,2520,19,0.213,True,Optics Interference and Diffraction,Physics
3749,19,24,2026-02-28,3120,43,0.342,True,Algebra Polynomials and Rational Expressions,Mathematics
1555,20,30,2025-09-01,2340,19,0.235,True,Vectors and Transformations,Mathematics
2245,20,15,2025-09-21,2340,14,0.232,True,Functions and Graphs,Mathematics
674,20,47,2025-09-22,2880,33,0.265,True,Wave Properties Sound and Light,Physics
2576,20,48,2025-09-28,2340,50,0.355,True,Wave Properties Sound and Light,Physics
1404,20,38,2025-10-01,2520,18,0.256,True,Energy Forms and Conservation,Physics
665,20,26,2025-10-19,2760,5,0.165,True,Logarithmic and Exponential Functions,Mathematics
3657,20,59,2025-11-06,3420,17,0.185,True,Electromagnetic Induction,Physics
1623,20,36,2025-11-23,1920,9,0.19,True,Forces and Newtons Laws,Physics
2313,20,57,2025-12-02,3120,48,0.333,True,Atomic Structure and Nuclear Physics,Physics
951,20,6,2025-12-07,2940,16,0.234,False,Fractions Decimals and Percentages,Mathematics
4707,20,27,2025-12-14,3600,31,0.225,True,Trigonometry Advanced Applications,Mathematics
848,20,42,2026-01-01,1740,22,0.168,True,Matter States and Properties,Physics
4736,20,57,2026-01-07,2820,37,0.4,True,Atomic Structure and Nuclear Physics,Physics
2229,20,2,2026-01-11,3600,27,0.251,False,Sets and Venn Diagrams,Mathematics
133,20,52,2026-01-12,3060,15,0.183,True,Kinematics and Projectile Motion,Physics
364,20,12,2026-01-21,2040,32,0.305,False,Statistics Data Collection and Representation,Mathematics
58,20,27,2026-01-22,3720,35,0.246,True,Trigonometry Advanced Applications,Mathematics
1517,20,57,2026-02-02,3660,46,0.26,True,Atomic Structure and Nuclear Physics,Physics
300,20,29,2026-02-08,3660,28,0.25,False,Introduction to Calculus Differentiation,Mathematics
2819,20,50,2026-02-09,3720,18,0.159,True,Electricity DC Circuits and Ohms Law,Physics
126,20,54,2026-02-17,2880,16,0.195,True,Electricity AC Circuits and Electronics,Physics
3567,20,38,2026-02-17,2820,23,0.239,True,Energy Forms and Conservation,Physics
4142,20,35,2026-02-21,2880,21,0.226,True,Forces and Newtons Laws,Physics
817,20,8,2026-02-24,2040,38,0.31,True,Algebra Expressions and Linear Equations,Mathematics
1838,20,40,2026-02-27,2340,48,0.283,True,Light Reflection and Refraction,Physics
1890,21,34,2025-09-13,1920,13,0.151,True,Physical Quantities and Units,Physics
4281,21,8,2025-09-18,2400,19,0.226,True,Algebra Expressions and Linear Equations,Mathematics
3269,21,53,2025-09-24,2880,8,0.128,True,Kinematics and Projectile Motion,Physics
2320,21,18,2025-09-27,2280,6,0.213,True,Geometry Circles Polygons and Constructions,Mathematics
4026,21,28,2025-10-02,4380,22,0.341,True,Introduction to Calculus Differentiation,Mathematics
2869,21,40,2025-10-08,2280,18,0.166,False,Light Reflection and Refraction,Physics
4983,21,19,2025-10-08,3060,23,0.229,False,Trigonometry Introduction to Ratios,Mathematics
199,21,30,2025-10-11,4140,0,0.168,True,Vectors and Transformations,Mathematics
2774,21,42,2025-11-09,1980,33,0.211,True,Matter States and Properties,Physics
2054,21,10,2025-11-18,3060,16,0.166,True,Geometry Lines Angles and Triangles,Mathematics
4988,21,13,2025-11-22,2820,14,0.324,True,Algebra Quadratic Equations and Inequalities,Mathematics
2417,21,16,2025-11-28,3540,0,0.232,False,Functions and Graphs,Mathematics
683,21,29,2025-11-30,3600,34,0.187,True,Introduction to Calculus Differentiation,Mathematics
3618,21,27,2025-12-04,2940,29,0.192,True,Trigonometry Advanced Applications,Mathematics
118,21,55,2025-12-06,3600,12,0.196,True,Electricity AC Circuits and Electronics,Physics
1506,21,25,2025-12-09,2520,22,0.209,True,Logarithmic and Exponential Functions,Mathematics
2644,21,12,2025-12-10,3060,21,0.238,True,Statistics Data Collection and Representation,Mathematics
3740,21,51,2025-12-18,1920,14,0.176,True,Electromagnetism Basic Concepts,Physics
3613,21,2,2025-12-28,2580,27,0.173,False,Sets and Venn Diagrams,Mathematics
234,21,1,2025-12-30,2700,16,0.176,False,Sets and Venn Diagrams,Mathematics
3818,21,55,2026-01-05,2580,28,0.277,False,Electricity AC Circuits and Electronics,Physics
215,21,29,2026-01-24,2880,21,0.126,True,Introduction to Calculus Differentiation,Mathematics
2037,21,14,2026-01-27,3360,17,0.217,True,Algebra Quadratic Equations and Inequalities,Mathematics
407,21,42,2026-01-31,3000,6,0.149,False,Matter States and Properties,Physics
1702,21,15,2026-02-01,2940,25,0.199,False,Functions and Graphs,Mathematics
4316,21,41,2026-02-08,1920,8,0.229,True,Matter States and Properties,Physics
4350,21,13,2026-02-12,3480,11,0.269,False,Algebra Quadratic Equations and Inequalities,Mathematics
298,21,3,2026-02-20,2520,26,0.228,False,Whole Numbers and Number Theory,Mathematics
2294,21,60,2026-02-21,2760,19,0.202,True,Optics Interference and Diffraction,Physics
2354,22,17,2025-09-02,3180,28,0.279,True,Geometry Circles Polygons and Constructions,Mathematics
2371,22,3,2025-09-05,2640,46,0.306,True,Whole Numbers and Number Theory,Mathematics
2394,22,20,2025-09-11,3120,14,0.183,True,Trigonometry Introduction to Ratios,Mathematics
3703,22,10,2025-09-13,2100,19,0.235,True,Geometry Lines Angles and Triangles,Mathematics
183,22,28,2025-09-17,2880,23,0.212,True,Introduction to Calculus Differentiation,Mathematics
475,22,22,2025-09-24,2100,13,0.239,False,Numbers Surds and Indices,Mathematics
461,22,55,2025-09-28,3420,12,0.226,True,Electricity AC Circuits and Electronics,Physics
4274,22,56,2025-09-28,3720,9,0.156,True,Atomic Structure and Nuclear Physics,Physics
1880,22,5,2025-10-01,1980,32,0.255,True,Fractions Decimals and Percentages,Mathematics
1667,22,42,2025-10-02,1680,4,0.212,True,Matter States and Properties,Physics
4624,22,4,2025-10-08,2520,52,0.348,True,Whole Numbers and Number Theory,Mathematics
4702,22,19,2025-10-10,2880,0,0.206,True,Trigonometry Introduction to Ratios,Mathematics
3974,22,43,2025-10-23,3060,8,0.276,True,Mechanics Work Energy and Power,Physics
3153,22,38,2025-10-26,2580,29,0.322,True,Energy Forms and Conservation,Physics
69,22,46,2025-10-31,2100,23,0.253,False,Thermal Physics and Heat Transfer,Physics
4697,22,34,2025-11-08,1680,14,0.226,True,Physical Quantities and Units,Physics
304,22,14,2025-11-13,2580,24,0.25,True,Algebra Quadratic Equations and Inequalities,Mathematics
4677,22,31,2025-11-15,3120,15,0.191,False,Probability and Statistical Distributions,Mathematics
2703,22,15,2025-11-29,2340,36,0.215,True,Functions and Graphs,Mathematics
952,22,42,2025-12-06,1920,35,0.188,True,Matter States and Properties,Physics
1491,22,39,2025-12-07,2040,7,0.26,False,Light Reflection and Refraction,Physics
3630,22,49,2025-12-14,2760,22,0.23,True,Electricity DC Circuits and Ohms Law,Physics
3223,22,13,2025-12-23,2760,22,0.296,True,Algebra Quadratic Equations and Inequalities,Mathematics
4155,22,18,2025-12-26,2820,28,0.305,True,Geometry Circles Polygons and Constructions,Mathematics
3775,22,44,2026-01-16,2820,24,0.266,False,Mechanics Work Energy and Power,Physics
434,22,21,2026-01-31,1800,12,0.235,True,Statistics Measures of Central Tendency,Mathematics
3516,22,27,2026-02-08,4200,24,0.177,False,Trigonometry Advanced Applications,Mathematics
1726,22,29,2026-02-10,2400,8,0.257,True,Introduction to Calculus Differentiation,Mathematics
2743,22,6,2026-02-11,2340,28,0.3,True,Fractions Decimals and Percentages,Mathematics
422,22,13,2026-02-16,2520,23,0.302,False,Algebra Quadratic Equations and Inequalities,Mathematics
1958,22,12,2026-02-17,2280,15,0.235,True,Statistics Data Collection and Representation,Mathematics
2726,22,38,2026-02-24,2340,24,0.312,True,Energy Forms and Conservation,Physics
4780,23,51,2025-09-02,2880,29,0.212,True,Electromagnetism Basic Concepts,Physics
4259,23,3,2025-09-03,1800,43,0.374,True,Whole Numbers and Number Theory,Mathematics
879,23,8,2025-09-10,2760,11,0.266,False,Algebra Expressions and Linear Equations,Mathematics
3536,23,26,2025-09-11,3120,12,0.264,True,Logarithmic and Exponential Functions,Mathematics
945,23,4,2025-09-18,2280,39,0.3,False,Whole Numbers and Number Theory,Mathematics
874,23,18,2025-09-23,3780,39,0.3,True,Geometry Circles Polygons and Constructions,Mathematics
2826,23,44,2025-09-24,2880,39,0.407,True,Mechanics Work Energy and Power,Physics
4627,23,58,2025-09-25,2280,27,0.27,False,Electromagnetic Induction,Physics
4766,23,45,2025-09-29,2820,19,0.2,True,Thermal Physics and Heat Transfer,Physics
1893,23,27,2025-10-16,3540,24,0.285,False,Trigonometry Advanced Applications,Mathematics
2751,23,28,2025-10-20,4500,18,0.269,False,Introduction to Calculus Differentiation,Mathematics
4233,23,5,2025-10-22,2640,1,0.227,True,Fractions Decimals and Percentages,Mathematics
1240,23,7,2025-10-27,3420,38,0.307,True,Algebra Expressions and Linear Equations,Mathematics
4963,23,49,2025-10-28,2400,17,0.305,True,Electricity DC Circuits and Ohms Law,Physics
3241,23,59,2025-11-13,2880,34,0.291,True,Electromagnetic Induction,Physics
2529,23,8,2025-11-14,2880,32,0.367,True,Algebra Expressions and Linear Equations,Mathematics
555,23,41,2025-11-26,1620,10,0.3,True,Matter States and Properties,Physics
1901,23,46,2025-11-27,3120,9,0.16,True,Thermal Physics and Heat Transfer,Physics
342,23,42,2025-11-30,2940,21,0.271,True,Matter States and Properties,Physics
2713,23,19,2025-12-02,2340,33,0.206,True,Trigonometry Introduction to Ratios,Mathematics
3209,23,21,2025-12-04,2640,27,0.278,True,Statistics Measures of Central Tendency,Mathematics
4886,23,23,2025-12-09,2940,39,0.298,True,Algebra Polynomials and Rational Expressions,Mathematics
4272,23,30,2025-12-10,2400,14,0.249,True,Vectors and Transformations,Mathematics
4090,23,6,2025-12-18,2940,36,0.283,False,Fractions Decimals and Percentages,Mathematics
3157,23,3,2025-12-21,2520,25,0.358,True,Whole Numbers and Number Theory,Mathematics
2550,23,44,2025-12-23,2640,44,0.355,True,Mechanics Work Energy and Power,Physics
3701,23,1,2025-12-25,1920,35,0.249,True,Sets and Venn Diagrams,Mathematics
1757,23,12,2025-12-26,2160,5,0.244,False,Statistics Data Collection and Representation,Mathematics
723,23,53,2025-12-29,4320,15,0.221,True,Kinematics and Projectile Motion,Physics
3407,23,31,2025-12-31,3120,33,0.275,False,Probability and Statistical Distributions,Mathematics
3312,23,12,2026-01-04,2460,36,0.256,True,Statistics Data Collection and Representation,Mathematics
4635,23,12,2026-01-04,1860,51,0.3,True,Statistics Data Collection and Representation,Mathematics
3440,23,18,2026-01-06,3180,40,0.323,True,Geometry Circles Polygons and Constructions,Mathematics
1431,23,33,2026-01-12,2100,47,0.289,False,Physical Quantities and Units,Physics
3830,23,23,2026-01-21,3180,11,0.162,True,Algebra Polynomials and Rational Expressions,Mathematics
3243,23,49,2026-02-25,3240,39,0.325,False,Electricity DC Circuits and Ohms Law,Physics
2967,24,51,2025-09-04,2520,27,0.174,False,Electromagnetism Basic Concepts,Physics
2767,24,29,2025-09-08,3900,12,0.137,True,Introduction to Calculus Differentiation,Mathematics
2081,24,24,2025-09-11,3840,13,0.161,False,Algebra Polynomials and Rational Expressions,Mathematics
803,24,34,2025-09-12,2340,17,0.259,True,Physical Quantities and Units,Physics
4361,24,30,2025-09-17,2520,17,0.196,False,Vectors and Transformations,Mathematics
4165,24,28,2025-09-19,3420,21,0.163,True,Introduction to Calculus Differentiation,Mathematics
3197,24,4,2025-09-30,2640,20,0.247,True,Whole Numbers and Number Theory,Mathematics
472,24,12,2025-10-07,1740,33,0.198,True,Statistics Data Collection and Representation,Mathematics
3926,24,43,2025-10-07,3060,0,0.164,False,Mechanics Work Energy and Power,Physics
2136,24,5,2025-10-09,1980,16,0.18,False,Fractions Decimals and Percentages,Mathematics
3415,24,58,2025-10-14,4080,24,0.197,False,Electromagnetic Induction,Physics
1840,24,28,2025-11-03,4560,15,0.145,True,Introduction to Calculus Differentiation,Mathematics
2187,24,46,2025-12-08,3540,5,0.208,True,Thermal Physics and Heat Transfer,Physics
1614,24,18,2025-12-24,2940,22,0.159,True,Geometry Circles Polygons and Constructions,Mathematics
66,24,19,2026-01-12,3060,0,0.162,False,Trigonometry Introduction to Ratios,Mathematics
102,24,55,2026-01-17,2400,19,0.174,True,Electricity AC Circuits and Electronics,Physics
818,24,10,2026-01-31,2880,8,0.149,True,Geometry Lines Angles and Triangles,Mathematics
2436,24,30,2026-02-06,2700,11,0.12,False,Vectors and Transformations,Mathematics
4502,24,17,2026-02-07,3180,18,0.196,True,Geometry Circles Polygons and Constructions,Mathematics
4367,24,35,2026-02-08,3300,0,0.158,True,Forces and Newtons Laws,Physics
1833,24,9,2026-02-21,4080,7,0.197,True,Geometry Lines Angles and Triangles,Mathematics
3873,24,49,2026-02-22,3240,4,0.212,True,Electricity DC Circuits and Ohms Law,Physics
1265,24,55,2026-02-28,3420,31,0.214,True,Electricity AC Circuits and Electronics,Physics
3179,24,27,2026-02-28,3840,10,0.188,True,Trigonometry Advanced Applications,Mathematics
3849,25,41,2025-09-02,1860,23,0.243,False,Matter States and Properties,Physics
3558,25,39,2025-09-15,2940,32,0.254,False,Light Reflection and Refraction,Physics
417,25,38,2025-09-17,2040,29,0.32,True,Energy Forms and Conservation,Physics
1354,25,22,2025-09-19,2400,25,0.288,False,Numbers Surds and Indices,Mathematics
640,25,1,2025-09-22,2400,41,0.31,True,Sets and Venn Diagrams,Mathematics
999,25,3,2025-09-24,1860,15,0.251,False,Whole Numbers and Number Theory,Mathematics
2857,25,1,2025-09-30,2580,39,0.493,False,Sets and Venn Diagrams,Mathematics
3768,25,13,2025-10-05,2820,41,0.26,True,Algebra Quadratic Equations and Inequalities,Mathematics
2014,25,33,2025-10-11,2460,38,0.328,True,Physical Quantities and Units,Physics
1968,25,60,2025-10-26,2580,28,0.274,True,Optics Interference and Diffraction,Physics
4174,25,36,2025-11-02,2640,41,0.265,False,Forces and Newtons Laws,Physics
4819,25,60,2025-11-11,3780,17,0.306,True,Optics Interference and Diffraction,Physics
3504,25,29,2025-11-20,3720,31,0.283,True,Introduction to Calculus Differentiation,Mathematics
652,25,18,2025-11-30,2100,10,0.279,True,Geometry Circles Polygons and Constructions,Mathematics
2821,25,6,2025-12-01,2760,35,0.334,True,Fractions Decimals and Percentages,Mathematics
2759,25,20,2025-12-15,2700,30,0.402,False,Trigonometry Introduction to Ratios,Mathematics
3220,25,36,2025-12-16,3060,26,0.217,True,Forces and Newtons Laws,Physics
4788,25,55,2025-12-30,2520,32,0.251,True,Electricity AC Circuits and Electronics,Physics
3425,25,3,2026-01-03,3060,12,0.294,False,Whole Numbers and Number Theory,Mathematics
7,25,46,2026-01-09,3600,37,0.269,True,Thermal Physics and Heat Transfer,Physics
2204,25,19,2026-01-11,3480,44,0.343,True,Trigonometry Introduction to Ratios,Mathematics
894,25,29,2026-01-24,3960,23,0.246,False,Introduction to Calculus Differentiation,Mathematics
2499,25,1,2026-01-25,3420,58,0.443,True,Sets and Venn Diagrams,Mathematics
4614,25,56,2026-01-27,2820,0,0.206,True,Atomic Structure and Nuclear Physics,Physics
514,25,56,2026-01-29,4380,22,0.22,True,Atomic Structure and Nuclear Physics,Physics
3791,25,1,2026-01-30,2820,51,0.514,True,Sets and Venn Diagrams,Mathematics
4565,25,6,2026-02-01,1800,49,0.345,False,Fractions Decimals and Percentages,Mathematics
3514,25,57,2026-02-05,3540,30,0.192,True,Atomic Structure and Nuclear Physics,Physics
1638,25,19,2026-02-06,2340,31,0.237,True,Trigonometry Introduction to Ratios,Mathematics
949,25,25,2026-02-13,3480,14,0.32,False,Logarithmic and Exponential Functions,Mathematics
2018,25,7,2026-02-21,2760,30,0.284,True,Algebra Expressions and Linear Equations,Mathematics
2584,26,1,2025-09-06,2640,25,0.221,True,Sets and Venn Diagrams,Mathematics
2593,26,15,2025-09-08,3300,34,0.24,False,Functions and Graphs,Mathematics
3069,26,9,2025-09-13,3840,22,0.191,True,Geometry Lines Angles and Triangles,Mathematics
1040,26,11,2025-09-20,2460,15,0.252,True,Statistics Data Collection and Representation,Mathematics
2182,26,34,2025-09-24,2580,30,0.262,True,Physical Quantities and Units,Physics
1462,26,37,2025-09-27,2100,8,0.306,True,Energy Forms and Conservation,Physics
3833,26,33,2025-09-27,2340,44,0.368,True,Physical Quantities and Units,Physics
267,26,48,2025-10-05,3300,24,0.17,True,Wave Properties Sound and Light,Physics
579,26,51,2025-10-06,3060,15,0.271,True,Electromagnetism Basic Concepts,Physics
4012,26,14,2025-10-14,3660,20,0.148,True,Algebra Quadratic Equations and Inequalities,Mathematics
576,26,39,2025-10-17,2880,13,0.255,True,Light Reflection and Refraction,Physics
1327,26,24,2025-10-25,2160,35,0.343,True,Algebra Polynomials and Rational Expressions,Mathematics
4181,26,28,2025-11-01,3780,38,0.219,True,Introduction to Calculus Differentiation,Mathematics
2651,26,1,2025-11-02,2340,34,0.255,False,Sets and Venn Diagrams,Mathematics
4732,26,2,2025-11-03,3420,30,0.296,False,Sets and Venn Diagrams,Mathematics
3821,26,52,2025-11-06,3840,14,0.211,True,Kinematics and Projectile Motion,Physics
3994,26,9,2025-11-06,3720,28,0.271,False,Geometry Lines Angles and Triangles,Mathematics
2594,26,39,2025-11-11,2880,34,0.334,False,Light Reflection and Refraction,Physics
4062,26,13,2025-11-11,2700,24,0.212,True,Algebra Quadratic Equations and Inequalities,Mathematics
1579,26,34,2025-11-12,2280,4,0.213,True,Physical Quantities and Units,Physics
810,26,23,2025-11-16,3180,16,0.226,False,Algebra Polynomials and Rational Expressions,Mathematics
1252,26,46,2025-11-16,3000,18,0.234,False,Thermal Physics and Heat Transfer,Physics
1315,26,24,2025-11-27,3840,30,0.288,True,Algebra Polynomials and Rational Expressions,Mathematics
4034,26,46,2025-11-27,2460,40,0.36,False,Thermal Physics and Heat Transfer,Physics
2833,26,57,2025-12-03,2400,16,0.228,True,Atomic Structure and Nuclear Physics,Physics
4449,26,19,2025-12-05,3240,20,0.244,False,Trigonometry Introduction to Ratios,Mathematics
29,26,37,2025-12-07,2940,26,0.25,False,Energy Forms and Conservation,Physics
3418,26,24,2025-12-13,3600,38,0.411,False,Algebra Polynomials and Rational Expressions,Mathematics
4242,26,6,2025-12-13,1920,44,0.268,False,Fractions Decimals and Percentages,Mathematics
4225,26,15,2025-12-23,1980,33,0.266,True,Functions and Graphs,Mathematics
1855,26,23,2025-12-24,3960,32,0.372,False,Algebra Polynomials and Rational Expressions,Mathematics
3949,26,32,2025-12-25,3600,33,0.19,True,Probability and Statistical Distributions,Mathematics
3368,26,45,2025-12-30,2880,26,0.255,True,Thermal Physics and Heat Transfer,Physics
3733,26,21,2026-01-01,1980,26,0.262,False,Statistics Measures of Central Tendency,Mathematics
1856,26,6,2026-01-06,2820,17,0.236,True,Fractions Decimals and Percentages,Mathematics
1313,26,4,2026-01-11,2160,32,0.21,True,Whole Numbers and Number Theory,Mathematics
4761,26,56,2026-01-13,4020,40,0.315,False,Atomic Structure and Nuclear Physics,Physics
2763,26,23,2026-01-16,3900,70,0.387,True,Algebra Polynomials and Rational Expressions,Mathematics
1087,26,22,2026-01-17,3000,13,0.204,False,Numbers Surds and Indices,Mathematics
1603,26,4,2026-01-29,2400,24,0.267,True,Whole Numbers and Number Theory,Mathematics
254,26,7,2026-02-03,3840,13,0.227,False,Algebra Expressions and Linear Equations,Mathematics
3746,26,37,2026-02-17,2700,36,0.309,True,Energy Forms and Conservation,Physics
4851,26,4,2026-02-19,1440,30,0.331,True,Whole Numbers and Number Theory,Mathematics
334,26,38,2026-02-27,1740,24,0.277,True,Energy Forms and Conservation,Physics
101,27,27,2025-09-21,4020,17,0.247,True,Trigonometry Advanced Applications,Mathematics
3885,27,20,2025-09-22,2400,22,0.192,False,Trigonometry Introduction to Ratios,Mathematics
2862,27,45,2025-09-28,3300,17,0.226,True,Thermal Physics and Heat Transfer,Physics
992,27,42,2025-10-07,2160,13,0.268,True,Matter States and Properties,Physics
3913,27,4,2025-10-08,1500,55,0.353,True,Whole Numbers and Number Theory,Mathematics
2161,27,46,2025-10-10,3360,37,0.231,True,Thermal Physics and Heat Transfer,Physics
3115,27,33,2025-10-11,2220,22,0.185,True,Physical Quantities and Units,Physics
3884,27,2,2025-10-21,2880,33,0.29,True,Sets and Venn Diagrams,Mathematics
1365,27,16,2025-10-23,2760,29,0.258,True,Functions and Graphs,Mathematics
441,27,14,2025-10-29,2280,15,0.294,True,Algebra Quadratic Equations and Inequalities,Mathematics
1062,27,48,2025-11-02,2520,18,0.249,True,Wave Properties Sound and Light,Physics
3156,27,29,2025-11-03,2760,22,0.219,True,Introduction to Calculus Differentiation,Mathematics
3492,27,31,2025-11-07,2400,6,0.239,True,Probability and Statistical Distributions,Mathematics
4907,27,29,2025-11-07,2580,25,0.225,False,Introduction to Calculus Differentiation,Mathematics
2918,27,48,2025-11-11,2160,54,0.302,False,Wave Properties Sound and Light,Physics
3943,27,28,2025-11-18,2640,33,0.22,True,Introduction to Calculus Differentiation,Mathematics
765,27,43,2025-11-21,3240,18,0.289,True,Mechanics Work Energy and Power,Physics
75,27,36,2025-11-24,3300,17,0.155,True,Forces and Newtons Laws,Physics
2208,27,23,2025-11-29,2580,32,0.4,False,Algebra Polynomials and Rational Expressions,Mathematics
1775,27,21,2025-12-16,2520,22,0.217,True,Statistics Measures of Central Tendency,Mathematics
436,27,40,2025-12-20,3180,31,0.261,True,Light Reflection and Refraction,Physics
4618,27,30,2025-12-23,3840,10,0.219,True,Vectors and Transformations,Mathematics
2281,27,9,2026-01-06,2580,22,0.198,True,Geometry Lines Angles and Triangles,Mathematics
3278,27,12,2026-01-09,3000,32,0.306,True,Statistics Data Collection and Representation,Mathematics
2581,27,26,2026-01-15,3360,37,0.316,False,Logarithmic and Exponential Functions,Mathematics
859,27,47,2026-01-22,2460,16,0.22,True,Wave Properties Sound and Light,Physics
1494,27,24,2026-01-23,3840,30,0.279,True,Algebra Polynomials and Rational Expressions,Mathematics
2453,27,59,2026-01-30,3420,43,0.19,True,Electromagnetic Induction,Physics
1374,27,55,2026-02-03,2940,14,0.181,True,Electricity AC Circuits and Electronics,Physics
284,27,12,2026-02-17,2580,30,0.269,True,Statistics Data Collection and Representation,Mathematics
912,27,3,2026-02-24,2520,38,0.282,True,Whole Numbers and Number Theory,Mathematics
4254,27,60,2026-02-26,2280,42,0.276,True,Optics Interference and Diffraction,Physics
1008,28,5,2025-09-04,3300,23,0.197,True,Fractions Decimals and Percentages,Mathematics
4068,28,34,2025-09-17,2340,13,0.169,True,Physical Quantities and Units,Physics
1355,28,58,2025-09-18,2940,18,0.236,True,Electromagnetic Induction,Physics
4216,28,42,2025-09-22,2700,1,0.154,True,Matter States and Properties,Physics
2609,28,7,2025-10-05,3840,39,0.21,True,Algebra Expressions and Linear Equations,Mathematics
2172,28,18,2025-10-06,2460,38,0.274,True,Geometry Circles Polygons and Constructions,Mathematics
3841,28,17,2025-10-11,3600,26,0.341,True,Geometry Circles Polygons and Constructions,Mathematics
3579,28,44,2025-10-12,2700,7,0.212,True,Mechanics Work Energy and Power,Physics
1356,28,58,2025-10-26,2760,47,0.362,True,Electromagnetic Induction,Physics
958,28,26,2025-10-28,3060,18,0.147,True,Logarithmic and Exponential Functions,Mathematics
1975,28,52,2025-11-02,3660,23,0.21,False,Kinematics and Projectile Motion,Physics
1111,28,19,2025-11-09,2400,21,0.254,True,Trigonometry Introduction to Ratios,Mathematics
1697,28,44,2025-11-10,3180,9,0.151,True,Mechanics Work Energy and Power,Physics
4779,28,30,2025-11-16,4080,13,0.224,True,Vectors and Transformations,Mathematics
2748,28,48,2025-11-25,3600,11,0.173,True,Wave Properties Sound and Light,Physics
3726,28,46,2025-11-27,2460,20,0.154,True,Thermal Physics and Heat Transfer,Physics
4203,28,33,2025-12-05,2640,29,0.206,True,Physical Quantities and Units,Physics
4722,28,40,2025-12-09,3360,19,0.193,True,Light Reflection and Refraction,Physics
4369,28,18,2025-12-11,3420,45,0.352,False,Geometry Circles Polygons and Constructions,Mathematics
1759,28,43,2025-12-21,3840,21,0.167,True,Mechanics Work Energy and Power,Physics
2656,28,35,2025-12-22,2880,2,0.226,True,Forces and Newtons Laws,Physics
3091,28,1,2026-01-03,2940,16,0.181,True,Sets and Venn Diagrams,Mathematics
4249,28,38,2026-01-11,2220,26,0.243,True,Energy Forms and Conservation,Physics
932,28,59,2026-01-28,3120,35,0.176,True,Electromagnetic Induction,Physics
3836,28,30,2026-02-04,3120,0,0.167,False,Vectors and Transformations,Mathematics
2027,28,52,2026-02-13,2760,19,0.179,True,Kinematics and Projectile Motion,Physics
2927,29,39,2025-09-03,2760,53,0.408,True,Light Reflection and Refraction,Physics
3267,29,4,2025-09-07,1440,23,0.307,True,Whole Numbers and Number Theory,Mathematics
2555,29,31,2025-09-14,2460,29,0.246,True,Probability and Statistical Distributions,Mathematics
4025,29,38,2025-09-23,2160,26,0.266,True,Energy Forms and Conservation,Physics
2176,29,45,2025-09-26,2400,19,0.164,False,Thermal Physics and Heat Transfer,Physics
3073,29,30,2025-09-28,3000,32,0.29,True,Vectors and Transformations,Mathematics
1786,29,40,2025-09-30,3000,36,0.344,True,Light Reflection and Refraction,Physics
602,29,42,2025-10-06,2940,27,0.258,True,Matter States and Properties,Physics
3678,29,45,2025-10-08,3120,34,0.216,True,Thermal Physics and Heat Transfer,Physics
964,29,52,2025-10-10,3600,32,0.347,True,Kinematics and Projectile Motion,Physics
716,29,58,2025-10-11,2520,31,0.235,True,Electromagnetic Induction,Physics
1615,29,40,2025-10-13,2340,30,0.238,True,Light Reflection and Refraction,Physics
3450,29,41,2025-10-13,2100,40,0.407,True,Matter States and Properties,Physics
518,29,16,2025-10-14,3720,29,0.177,True,Functions and Graphs,Mathematics
1947,29,54,2025-10-16,3540,12,0.211,True,Electricity AC Circuits and Electronics,Physics
2467,29,53,2025-10-19,4020,23,0.349,True,Kinematics and Projectile Motion,Physics
1013,29,39,2025-10-23,1980,19,0.211,True,Light Reflection and Refraction,Physics
4893,29,54,2025-10-27,3720,35,0.294,True,Electricity AC Circuits and Electronics,Physics
1764,29,39,2025-10-28,2760,30,0.337,True,Light Reflection and Refraction,Physics
2735,29,23,2025-10-30,4200,33,0.305,True,Algebra Polynomials and Rational Expressions,Mathematics
1701,29,44,2025-11-01,2280,6,0.176,True,Mechanics Work Energy and Power,Physics
4551,29,23,2025-11-01,2940,34,0.331,True,Algebra Polynomials and Rational Expressions,Mathematics
560,29,33,2025-11-04,2220,45,0.325,True,Physical Quantities and Units,Physics
3752,29,58,2025-11-07,2580,30,0.256,True,Electromagnetic Induction,Physics
2840,29,41,2025-11-12,2700,48,0.367,True,Matter States and Properties,Physics
3449,29,43,2025-11-17,3300,22,0.21,True,Mechanics Work Energy and Power,Physics
834,29,35,2025-11-23,2400,35,0.274,True,Forces and Newtons Laws,Physics
1096,29,3,2025-11-23,1680,29,0.217,False,Whole Numbers and Number Theory,Mathematics
569,29,33,2025-12-06,1740,59,0.419,True,Physical Quantities and Units,Physics
20,29,41,2025-12-20,2280,24,0.215,True,Matter States and Properties,Physics
1574,29,15,2025-12-21,2520,14,0.221,True,Functions and Graphs,Mathematics
2418,29,2,2025-12-22,3300,31,0.272,True,Sets and Venn Diagrams,Mathematics
4448,29,51,2026-01-07,2400,21,0.27,True,Electromagnetism Basic Concepts,Physics
811,29,14,2026-01-08,2820,24,0.251,True,Algebra Quadratic Equations and Inequalities,Mathematics
858,29,28,2026-01-16,3960,27,0.213,True,Introduction to Calculus Differentiation,Mathematics
4340,29,59,2026-02-03,2580,4,0.243,True,Electromagnetic Induction,Physics
1544,29,43,2026-02-04,2460,35,0.198,True,Mechanics Work Energy and Power,Physics
2173,29,10,2026-02-16,2100,24,0.201,True,Geometry Lines Angles and Triangles,Mathematics
21,29,53,2026-02-18,2700,38,0.25,True,Kinematics and Projectile Motion,Physics
1972,29,39,2026-02-19,2220,28,0.414,True,Light Reflection and Refraction,Physics
559,29,53,2026-02-21,4080,33,0.347,True,Kinematics and Projectile Motion,Physics
2970,29,43,2026-02-22,3120,21,0.183,False,Mechanics Work Energy and Power,Physics
4811,29,5,2026-02-23,3120,35,0.285,True,Fractions Decimals and Percentages,Mathematics
4906,29,11,2026-02-28,1500,24,0.273,True,Statistics Data Collection and Representation,Mathematics
2491,30,38,2025-09-09,2400,21,0.225,True,Energy Forms and Conservation,Physics
590,30,46,2025-09-12,2580,10,0.232,True,Thermal Physics and Heat Transfer,Physics
3829,30,39,2025-09-12,1860,22,0.322,True,Light Reflection and Refraction,Physics
1656,30,3,2025-09-15,2760,29,0.265,True,Whole Numbers and Number Theory,Mathematics
3006,30,53,2025-09-16,3600,25,0.23,True,Kinematics and Projectile Motion,Physics
4490,30,53,2025-09-18,4260,18,0.165,True,Kinematics and Projectile Motion,Physics
2096,30,34,2025-09-20,1500,23,0.229,True,Physical Quantities and Units,Physics
1109,30,11,2025-09-28,1740,27,0.28,True,Statistics Data Collection and Representation,Mathematics
4644,30,39,2025-09-30,3060,40,0.371,True,Light Reflection and Refraction,Physics
4258,30,13,2025-10-03,2460,37,0.265,True,Algebra Quadratic Equations and Inequalities,Mathematics
4552,30,53,2025-10-14,3960,4,0.18,True,Kinematics and Projectile Motion,Physics
4570,30,33,2025-10-28,2460,15,0.203,True,Physical Quantities and Units,Physics
1751,30,31,2025-11-03,2520,12,0.173,True,Probability and Statistical Distributions,Mathematics
3983,30,14,2025-11-05,3300,0,0.133,True,Algebra Quadratic Equations and Inequalities,Mathematics
535,30,42,2025-11-10,2040,26,0.366,True,Matter States and Properties,Physics
3735,30,15,2025-11-16,3060,27,0.202,True,Functions and Graphs,Mathematics
1684,30,42,2025-11-18,1740,46,0.372,True,Matter States and Properties,Physics
2025,30,28,2025-11-18,3960,21,0.259,False,Introduction to Calculus Differentiation,Mathematics
2250,30,51,2025-11-20,2040,17,0.164,True,Electromagnetism Basic Concepts,Physics
3955,30,25,2025-11-23,3060,15,0.259,True,Logarithmic and Exponential Functions,Mathematics
180,30,16,2025-11-27,2520,23,0.203,True,Functions and Graphs,Mathematics
3423,30,17,2025-12-01,3300,0,0.116,False,Geometry Circles Polygons and Constructions,Mathematics
2158,30,7,2025-12-06,3060,37,0.199,True,Algebra Expressions and Linear Equations,Mathematics
1060,30,39,2025-12-11,1860,0,0.302,True,Light Reflection and Refraction,Physics
1155,30,54,2025-12-14,4140,33,0.257,True,Electricity AC Circuits and Electronics,Physics
4491,30,32,2025-12-16,2580,13,0.112,True,Probability and Statistical Distributions,Mathematics
4289,30,36,2025-12-17,3300,10,0.17,True,Forces and Newtons Laws,Physics
1092,30,48,2025-12-21,3720,17,0.158,True,Wave Properties Sound and Light,Physics
216,30,18,2025-12-22,2640,36,0.145,False,Geometry Circles Polygons and Constructions,Mathematics
3284,30,58,2025-12-24,3600,33,0.215,True,Electromagnetic Induction,Physics
423,30,35,2025-12-27,3240,0,0.203,True,Forces and Newtons Laws,Physics
4160,30,58,2026-01-02,4260,0,0.187,True,Electromagnetic Induction,Physics
127,30,42,2026-01-08,2760,4,0.226,True,Matter States and Properties,Physics
3387,30,18,2026-01-08,3120,22,0.143,False,Geometry Circles Polygons and Constructions,Mathematics
2216,30,40,2026-01-10,3180,31,0.276,False,Light Reflection and Refraction,Physics
3205,30,38,2026-01-13,1680,37,0.237,True,Energy Forms and Conservation,Physics
1602,30,59,2026-01-17,2340,4,0.219,True,Electromagnetic Induction,Physics
1933,30,17,2026-01-22,3360,9,0.173,True,Geometry Circles Polygons and Constructions,Mathematics
544,30,49,2026-01-25,3000,0,0.155,True,Electricity DC Circuits and Ohms Law,Physics
1177,30,40,2026-01-26,2280,45,0.328,True,Light Reflection and Refraction,Physics
1953,30,9,2026-01-28,3600,22,0.2,True,Geometry Lines Angles and Triangles,Mathematics
3919,30,10,2026-01-29,3840,44,0.305,True,Geometry Lines Angles and Triangles,Mathematics
1694,30,13,2026-01-31,3780,11,0.153,True,Algebra Quadratic Equations and Inequalities,Mathematics
2306,30,45,2026-02-04,2100,33,0.346,True,Thermal Physics and Heat Transfer,Physics
1873,30,21,2026-02-10,2280,24,0.257,True,Statistics Measures of Central Tendency,Mathematics
2472,30,57,2026-02-11,2400,31,0.265,True,Atomic Structure and Nuclear Physics,Physics
557,30,6,2026-02-13,2700,3,0.243,True,Fractions Decimals and Percentages,Mathematics
1943,30,39,2026-02-13,2220,23,0.345,True,Light Reflection and Refraction,Physics
3650,30,46,2026-02-19,2760,49,0.376,False,Thermal Physics and Heat Transfer,Physics
591,30,22,2026-02-21,2220,13,0.227,True,Numbers Surds and Indices,Mathematics
918,30,23,2026-02-27,3000,26,0.254,True,Algebra Polynomials and Rational Expressions,Mathematics
4083,31,14,2025-09-12,2640,35,0.404,True,Algebra Quadratic Equations and Inequalities,Mathematics
1427,31,21,2025-09-16,1740,45,0.316,True,Statistics Measures of Central Tendency,Mathematics
4067,31,38,2025-09-17,2940,17,0.221,True,Energy Forms and Conservation,Physics
3598,31,39,2025-09-22,2160,34,0.24,True,Light Reflection and Refraction,Physics
2670,31,27,2025-09-24,2820,43,0.347,False,Trigonometry Advanced Applications,Mathematics
2714,31,9,2025-09-24,4260,38,0.365,False,Geometry Lines Angles and Triangles,Mathematics
4864,31,53,2025-09-26,3000,43,0.45,True,Kinematics and Projectile Motion,Physics
1219,31,2,2025-10-05,3720,28,0.324,True,Sets and Venn Diagrams,Mathematics
860,31,27,2025-10-06,3720,17,0.276,True,Trigonometry Advanced Applications,Mathematics
3941,31,24,2025-10-07,2820,14,0.257,True,Algebra Polynomials and Rational Expressions,Mathematics
1458,31,25,2025-10-15,3060,21,0.354,True,Logarithmic and Exponential Functions,Mathematics
2998,31,33,2025-10-18,3000,35,0.305,True,Physical Quantities and Units,Physics
4292,31,9,2025-10-23,3420,52,0.462,True,Geometry Lines Angles and Triangles,Mathematics
138,31,19,2025-11-02,3480,30,0.326,True,Trigonometry Introduction to Ratios,Mathematics
4097,31,59,2025-11-04,2940,36,0.355,False,Electromagnetic Induction,Physics
2402,31,21,2025-11-10,2040,31,0.281,True,Statistics Measures of Central Tendency,Mathematics
1242,31,10,2025-11-13,2340,14,0.235,True,Geometry Lines Angles and Triangles,Mathematics
3731,31,58,2025-11-14,3780,35,0.332,True,Electromagnetic Induction,Physics
3895,31,29,2025-11-17,2820,32,0.293,True,Introduction to Calculus Differentiation,Mathematics
4140,31,41,2025-12-04,2280,21,0.387,True,Matter States and Properties,Physics
4215,31,54,2025-12-05,2280,24,0.208,True,Electricity AC Circuits and Electronics,Physics
4224,31,20,2025-12-07,2400,30,0.382,True,Trigonometry Introduction to Ratios,Mathematics
2460,31,25,2025-12-16,2880,47,0.391,True,Logarithmic and Exponential Functions,Mathematics
4493,31,45,2025-12-20,2280,40,0.308,True,Thermal Physics and Heat Transfer,Physics
2638,31,36,2025-12-22,1920,23,0.26,True,Forces and Newtons Laws,Physics
3306,31,36,2025-12-28,2220,25,0.322,True,Forces and Newtons Laws,Physics
2249,31,24,2026-01-02,2760,26,0.299,False,Algebra Polynomials and Rational Expressions,Mathematics
1342,31,53,2026-01-09,3300,46,0.397,True,Kinematics and Projectile Motion,Physics
462,31,41,2026-01-21,2580,27,0.277,True,Matter States and Properties,Physics
813,31,14,2026-01-23,3600,15,0.298,True,Algebra Quadratic Equations and Inequalities,Mathematics
3721,31,21,2026-01-23,2580,42,0.417,True,Statistics Measures of Central Tendency,Mathematics
1834,31,42,2026-01-26,2220,26,0.332,True,Matter States and Properties,Physics
214,31,57,2026-01-31,2340,42,0.278,True,Atomic Structure and Nuclear Physics,Physics
1094,31,53,2026-02-05,3000,33,0.371,True,Kinematics and Projectile Motion,Physics
368,31,30,2026-02-20,4200,18,0.378,True,Vectors and Transformations,Mathematics
2986,31,21,2026-02-23,2760,27,0.345,True,Statistics Measures of Central Tendency,Mathematics
624,32,19,2025-09-02,3300,30,0.129,True,Trigonometry Introduction to Ratios,Mathematics
1482,32,27,2025-09-09,4380,40,0.168,False,Trigonometry Advanced Applications,Mathematics
3937,32,36,2025-09-11,2340,0,0.139,True,Forces and Newtons Laws,Physics
1642,32,41,2025-09-13,1500,17,0.207,True,Matter States and Properties,Physics
2824,32,55,2025-09-21,3720,29,0.183,True,Electricity AC Circuits and Electronics,Physics
4364,32,6,2025-10-13,2580,29,0.189,True,Fractions Decimals and Percentages,Mathematics
3085,32,30,2025-10-14,2340,43,0.215,True,Vectors and Transformations,Mathematics
2377,32,44,2025-10-26,2460,4,0.112,True,Mechanics Work Energy and Power,Physics
611,32,17,2025-10-27,2460,16,0.149,True,Geometry Circles Polygons and Constructions,Mathematics
2886,32,49,2025-10-31,3240,29,0.146,False,Electricity DC Circuits and Ohms Law,Physics
3553,32,15,2025-10-31,2340,15,0.177,True,Functions and Graphs,Mathematics
2853,32,1,2025-11-27,2040,23,0.245,True,Sets and Venn Diagrams,Mathematics
2765,32,50,2025-11-30,4140,2,0.084,True,Electricity DC Circuits and Ohms Law,Physics
4522,32,3,2025-12-01,1980,14,0.185,True,Whole Numbers and Number Theory,Mathematics
4482,32,30,2025-12-15,3420,17,0.173,True,Vectors and Transformations,Mathematics
3786,32,56,2025-12-20,2640,26,0.194,True,Atomic Structure and Nuclear Physics,Physics
1837,32,33,2026-01-11,2040,30,0.199,False,Physical Quantities and Units,Physics
905,32,38,2026-01-25,2040,9,0.164,True,Energy Forms and Conservation,Physics
3465,32,4,2026-01-28,1560,20,0.195,True,Whole Numbers and Number Theory,Mathematics
3296,32,52,2026-01-30,4200,6,0.128,False,Kinematics and Projectile Motion,Physics
1619,32,11,2026-02-08,2160,12,0.171,True,Statistics Data Collection and Representation,Mathematics
1904,32,1,2026-02-27,2880,22,0.194,True,Sets and Venn Diagrams,Mathematics
1349,33,20,2025-09-04,2700,34,0.338,False,Trigonometry Introduction to Ratios,Mathematics
3365,33,53,2025-09-11,3780,26,0.302,False,Kinematics and Projectile Motion,Physics
2554,33,21,2025-09-22,2460,26,0.247,True,Statistics Measures of Central Tendency,Mathematics
4949,33,8,2025-09-22,2220,33,0.346,False,Algebra Expressions and Linear Equations,Mathematics
4362,33,27,2025-09-25,4260,21,0.236,True,Trigonometry Advanced Applications,Mathematics
3777,33,14,2025-10-08,2700,26,0.303,False,Algebra Quadratic Equations and Inequalities,Mathematics
4590,33,25,2025-10-08,2340,27,0.256,True,Logarithmic and Exponential Functions,Mathematics
186,33,38,2025-10-09,2580,23,0.253,True,Energy Forms and Conservation,Physics
3214,33,35,2025-11-13,3120,10,0.313,False,Forces and Newtons Laws,Physics
187,33,45,2025-11-17,2700,8,0.26,False,Thermal Physics and Heat Transfer,Physics
1722,33,15,2025-11-18,3240,12,0.287,True,Functions and Graphs,Mathematics
516,33,42,2025-11-19,2040,31,0.18,True,Matter States and Properties,Physics
1192,33,14,2025-11-27,3840,36,0.246,True,Algebra Quadratic Equations and Inequalities,Mathematics
367,33,20,2025-12-04,2880,18,0.27,True,Trigonometry Introduction to Ratios,Mathematics
1300,33,35,2025-12-19,3600,22,0.245,False,Forces and Newtons Laws,Physics
90,33,58,2025-12-29,3060,25,0.242,True,Electromagnetic Induction,Physics
2349,33,44,2025-12-30,2880,16,0.192,True,Mechanics Work Energy and Power,Physics
750,33,57,2026-01-23,2700,21,0.174,True,Atomic Structure and Nuclear Physics,Physics
2138,33,22,2026-02-05,3180,19,0.235,True,Numbers Surds and Indices,Mathematics
1785,33,5,2026-02-06,3420,43,0.349,True,Fractions Decimals and Percentages,Mathematics
2364,33,57,2026-02-14,2520,24,0.217,True,Atomic Structure and Nuclear Physics,Physics
4862,33,8,2026-02-15,2100,14,0.26,False,Algebra Expressions and Linear Equations,Mathematics
1871,33,10,2026-02-16,2220,20,0.252,True,Geometry Lines Angles and Triangles,Mathematics
3111,33,20,2026-02-16,2640,41,0.366,False,Trigonometry Introduction to Ratios,Mathematics
1075,33,5,2026-02-25,1920,19,0.325,True,Fractions Decimals and Percentages,Mathematics
32,34,7,2025-09-01,2340,39,0.351,True,Algebra Expressions and Linear Equations,Mathematics
1051,34,21,2025-09-05,2040,34,0.349,True,Statistics Measures of Central Tendency,Mathematics
3055,34,17,2025-09-05,3480,18,0.252,False,Geometry Circles Polygons and Constructions,Mathematics
9,34,48,2025-09-08,3060,28,0.308,True,Wave Properties Sound and Light,Physics
1288,34,7,2025-09-17,3840,79,0.574,True,Algebra Expressions and Linear Equations,Mathematics
419,34,36,2025-09-28,2220,32,0.288,True,Forces and Newtons Laws,Physics
3916,34,58,2025-10-04,2700,40,0.392,True,Electromagnetic Induction,Physics
2502,34,34,2025-10-06,2460,40,0.373,True,Physical Quantities and Units,Physics
4589,34,1,2025-10-08,2460,28,0.293,True,Sets and Venn Diagrams,Mathematics
1949,34,5,2025-10-15,1920,26,0.419,True,Fractions Decimals and Percentages,Mathematics
3612,34,26,2025-10-29,3720,24,0.266,True,Logarithmic and Exponential Functions,Mathematics
4409,34,17,2025-10-29,3480,4,0.249,True,Geometry Circles Polygons and Constructions,Mathematics
629,34,50,2025-10-31,2700,24,0.309,True,Electricity DC Circuits and Ohms Law,Physics
1973,34,34,2025-11-01,2280,27,0.3,True,Physical Quantities and Units,Physics
4528,34,24,2025-11-03,3480,30,0.322,False,Algebra Polynomials and Rational Expressions,Mathematics
3557,34,40,2025-11-05,3300,24,0.33,True,Light Reflection and Refraction,Physics
146,34,27,2025-11-06,3960,46,0.355,True,Trigonometry Advanced Applications,Mathematics
849,34,3,2025-11-10,2820,27,0.284,True,Whole Numbers and Number Theory,Mathematics
607,34,7,2025-11-12,3300,30,0.446,False,Algebra Expressions and Linear Equations,Mathematics
2798,34,44,2025-11-19,2820,15,0.291,True,Mechanics Work Energy and Power,Physics
1849,34,54,2025-11-22,2520,23,0.268,True,Electricity AC Circuits and Electronics,Physics
4182,34,30,2025-12-05,2760,21,0.259,True,Vectors and Transformations,Mathematics
2578,34,49,2025-12-07,3000,33,0.368,True,Electricity DC Circuits and Ohms Law,Physics
395,34,49,2025-12-11,3540,38,0.261,True,Electricity DC Circuits and Ohms Law,Physics
3922,34,4,2025-12-18,1740,27,0.278,True,Whole Numbers and Number Theory,Mathematics
182,34,5,2026-01-01,1980,16,0.318,True,Fractions Decimals and Percentages,Mathematics
1337,34,19,2026-01-20,2700,31,0.295,True,Trigonometry Introduction to Ratios,Mathematics
2429,34,43,2026-01-20,2760,35,0.27,False,Mechanics Work Energy and Power,Physics
1631,34,10,2026-01-23,3480,12,0.242,False,Geometry Lines Angles and Triangles,Mathematics
3513,34,39,2026-02-11,1980,31,0.286,True,Light Reflection and Refraction,Physics
4077,34,33,2026-02-12,1920,60,0.413,False,Physical Quantities and Units,Physics
1677,34,44,2026-02-13,3000,17,0.199,False,Mechanics Work Energy and Power,Physics
3310,34,59,2026-02-15,3180,21,0.292,True,Electromagnetic Induction,Physics
931,34,36,2026-02-22,3000,22,0.27,True,Forces and Newtons Laws,Physics
759,34,27,2026-02-23,3420,20,0.409,True,Trigonometry Advanced Applications,Mathematics
2010,34,9,2026-02-23,4020,32,0.334,True,Geometry Lines Angles and Triangles,Mathematics
3573,34,36,2026-02-23,2460,28,0.298,False,Forces and Newtons Laws,Physics
4385,34,38,2026-02-25,3000,29,0.306,False,Energy Forms and Conservation,Physics
3882,34,16,2026-02-26,3120,28,0.235,True,Functions and Graphs,Mathematics
2175,34,39,2026-02-27,1920,14,0.219,True,Light Reflection and Refraction,Physics
4911,35,3,2025-09-03,1800,20,0.21,True,Whole Numbers and Number Theory,Mathematics
862,35,42,2025-09-13,2280,6,0.157,True,Matter States and Properties,Physics
181,35,36,2025-09-14,2580,5,0.13,True,Forces and Newtons Laws,Physics
3966,35,44,2025-09-22,2220,9,0.145,True,Mechanics Work Energy and Power,Physics
2899,35,53,2025-10-05,3360,1,0.102,True,Kinematics and Projectile Motion,Physics
2500,35,19,2025-10-10,2640,11,0.207,False,Trigonometry Introduction to Ratios,Mathematics
4728,35,17,2025-10-10,3540,7,0.12,True,Geometry Circles Polygons and Constructions,Mathematics
1810,35,30,2025-10-14,3780,0,0.081,True,Vectors and Transformations,Mathematics
3910,35,2,2025-11-03,3180,20,0.198,True,Sets and Venn Diagrams,Mathematics
3813,35,36,2025-11-12,3420,31,0.378,True,Forces and Newtons Laws,Physics
3471,35,35,2025-11-19,3780,44,0.337,True,Forces and Newtons Laws,Physics
2262,35,17,2025-11-20,3720,32,0.178,True,Geometry Circles Polygons and Constructions,Mathematics
3482,35,34,2025-11-22,2520,17,0.147,True,Physical Quantities and Units,Physics
3458,35,39,2025-12-10,2700,24,0.188,True,Light Reflection and Refraction,Physics
365,35,9,2025-12-11,3360,28,0.194,True,Geometry Lines Angles and Triangles,Mathematics
1563,35,4,2025-12-25,2580,8,0.137,True,Whole Numbers and Number Theory,Mathematics
1716,35,47,2025-12-30,3120,39,0.254,True,Wave Properties Sound and Light,Physics
3222,35,20,2025-12-31,2160,17,0.241,False,Trigonometry Introduction to Ratios,Mathematics
4296,35,27,2026-01-07,4380,13,0.169,True,Trigonometry Advanced Applications,Mathematics
1669,35,48,2026-01-31,3300,25,0.222,True,Wave Properties Sound and Light,Physics
627,35,35,2026-02-03,3480,11,0.229,True,Forces and Newtons Laws,Physics
3460,35,41,2026-02-05,2100,13,0.185,False,Matter States and Properties,Physics
4202,35,1,2026-02-13,2820,18,0.208,True,Sets and Venn Diagrams,Mathematics
4387,35,16,2026-02-24,2340,24,0.311,True,Functions and Graphs,Mathematics
307,35,15,2026-02-28,2280,19,0.28,True,Functions and Graphs,Mathematics
3430,36,55,2025-09-08,2400,36,0.347,False,Electricity AC Circuits and Electronics,Physics
1405,36,57,2025-09-14,2580,18,0.259,True,Atomic Structure and Nuclear Physics,Physics
3327,36,10,2025-09-14,2520,24,0.206,True,Geometry Lines Angles and Triangles,Mathematics
3295,36,21,2025-09-17,2220,6,0.219,False,Statistics Measures of Central Tendency,Mathematics
3029,36,6,2025-09-18,1980,17,0.185,False,Fractions Decimals and Percentages,Mathematics
508,36,53,2025-09-30,3420,21,0.229,True,Kinematics and Projectile Motion,Physics
3141,36,24,2025-10-03,3180,31,0.172,True,Algebra Polynomials and Rational Expressions,Mathematics
735,36,37,2025-10-04,2280,41,0.271,False,Energy Forms and Conservation,Physics
1613,36,4,2025-10-08,2280,29,0.237,False,Whole Numbers and Number Theory,Mathematics
2068,36,11,2025-10-09,2160,24,0.315,True,Statistics Data Collection and Representation,Mathematics
1363,36,2,2025-10-10,2520,0,0.197,True,Sets and Venn Diagrams,Mathematics
4953,36,5,2025-10-10,2700,23,0.268,True,Fractions Decimals and Percentages,Mathematics
3433,36,58,2025-10-16,4140,10,0.191,True,Electromagnetic Induction,Physics
1835,36,17,2025-10-28,2340,22,0.24,True,Geometry Circles Polygons and Constructions,Mathematics
4357,36,9,2025-11-01,3180,21,0.256,True,Geometry Lines Angles and Triangles,Mathematics
3376,36,54,2025-11-11,3420,42,0.356,False,Electricity AC Circuits and Electronics,Physics
1015,36,33,2025-11-12,3000,21,0.212,True,Physical Quantities and Units,Physics
2616,36,51,2025-11-21,2520,15,0.227,True,Electromagnetism Basic Concepts,Physics
479,36,8,2025-11-23,3060,48,0.357,True,Algebra Expressions and Linear Equations,Mathematics
1254,36,20,2025-11-29,2760,11,0.189,True,Trigonometry Introduction to Ratios,Mathematics
4959,36,54,2025-12-16,2940,35,0.417,True,Electricity AC Circuits and Electronics,Physics
2192,36,55,2025-12-22,3240,24,0.313,True,Electricity AC Circuits and Electronics,Physics
428,36,14,2025-12-23,2400,4,0.182,True,Algebra Quadratic Equations and Inequalities,Mathematics
2312,36,9,2025-12-23,4200,0,0.174,True,Geometry Lines Angles and Triangles,Mathematics
593,36,60,2025-12-24,3300,19,0.187,True,Optics Interference and Diffraction,Physics
4436,36,56,2026-01-02,4260,38,0.45,False,Atomic Structure and Nuclear Physics,Physics
1582,36,19,2026-01-04,3300,30,0.221,True,Trigonometry Introduction to Ratios,Mathematics
768,36,27,2026-01-10,3300,16,0.185,False,Trigonometry Advanced Applications,Mathematics
4070,36,56,2026-01-12,3960,26,0.355,False,Atomic Structure and Nuclear Physics,Physics
3491,36,4,2026-01-16,1560,20,0.275,False,Whole Numbers and Number Theory,Mathematics
2395,36,12,2026-01-19,2100,38,0.423,False,Statistics Data Collection and Representation,Mathematics
314,36,7,2026-01-23,3600,27,0.252,True,Algebra Expressions and Linear Equations,Mathematics
3498,36,24,2026-01-24,2340,42,0.235,True,Algebra Polynomials and Rational Expressions,Mathematics
4243,36,4,2026-01-27,1620,33,0.321,False,Whole Numbers and Number Theory,Mathematics
1782,36,18,2026-02-07,3300,17,0.215,True,Geometry Circles Polygons and Constructions,Mathematics
4708,36,54,2026-02-11,3660,33,0.403,True,Electricity AC Circuits and Electronics,Physics
693,36,45,2026-02-13,2580,27,0.228,True,Thermal Physics and Heat Transfer,Physics
1858,36,28,2026-02-15,3660,21,0.171,False,Introduction to Calculus Differentiation,Mathematics
3279,36,25,2026-02-18,4020,4,0.15,False,Logarithmic and Exponential Functions,Mathematics
654,36,42,2026-02-23,2040,7,0.247,True,Matter States and Properties,Physics
4956,37,42,2025-09-06,2880,5,0.319,True,Matter States and Properties,Physics
2790,37,37,2025-09-10,2880,3,0.271,True,Energy Forms and Conservation,Physics
4195,37,16,2025-09-14,3720,15,0.215,True,Functions and Graphs,Mathematics
4934,37,8,2025-09-18,2640,12,0.312,True,Algebra Expressions and Linear Equations,Mathematics
1652,37,21,2025-09-23,2400,26,0.255,True,Statistics Measures of Central Tendency,Mathematics
709,37,27,2025-10-05,4020,14,0.236,True,Trigonometry Advanced Applications,Mathematics
2137,37,43,2025-10-16,2940,26,0.265,True,Mechanics Work Energy and Power,Physics
33,37,25,2025-10-24,3840,17,0.225,True,Logarithmic and Exponential Functions,Mathematics
864,37,16,2025-10-30,2700,25,0.193,True,Functions and Graphs,Mathematics
3649,37,29,2025-11-17,2340,35,0.224,True,Introduction to Calculus Differentiation,Mathematics
3246,37,24,2025-11-21,2820,29,0.327,True,Algebra Polynomials and Rational Expressions,Mathematics
2265,37,34,2025-11-23,2520,5,0.3,True,Physical Quantities and Units,Physics
4805,37,44,2025-11-23,2220,41,0.289,True,Mechanics Work Energy and Power,Physics
4977,37,54,2025-11-29,2400,12,0.206,False,Electricity AC Circuits and Electronics,Physics
4840,37,17,2025-12-03,2700,40,0.284,True,Geometry Circles Polygons and Constructions,Mathematics
1432,37,3,2025-12-05,1680,26,0.247,True,Whole Numbers and Number Theory,Mathematics
4579,37,27,2025-12-09,2580,25,0.259,True,Trigonometry Advanced Applications,Mathematics
2126,37,7,2025-12-15,3240,37,0.337,True,Algebra Expressions and Linear Equations,Mathematics
4569,37,37,2025-12-21,2220,19,0.313,False,Energy Forms and Conservation,Physics
3927,37,54,2026-01-03,3480,32,0.225,True,Electricity AC Circuits and Electronics,Physics
4239,37,50,2026-01-18,2700,2,0.237,False,Electricity DC Circuits and Ohms Law,Physics
439,37,7,2026-01-20,3840,21,0.268,True,Algebra Expressions and Linear Equations,Mathematics
190,37,9,2026-02-06,2700,34,0.326,True,Geometry Lines Angles and Triangles,Mathematics
2322,38,30,2025-09-07,3360,14,0.163,True,Vectors and Transformations,Mathematics
4280,38,34,2025-09-07,2340,38,0.255,True,Physical Quantities and Units,Physics
3647,38,56,2025-09-12,4440,21,0.195,True,Atomic Structure and Nuclear Physics,Physics
581,38,16,2025-09-26,2880,10,0.16,False,Functions and Graphs,Mathematics
1915,38,50,2025-09-30,3420,18,0.18,True,Electricity DC Circuits and Ohms Law,Physics
1335,38,34,2025-10-06,2040,12,0.241,True,Physical Quantities and Units,Physics
3100,38,7,2025-10-15,3840,30,0.268,True,Algebra Expressions and Linear Equations,Mathematics
3049,38,12,2025-10-20,1920,22,0.228,True,Statistics Data Collection and Representation,Mathematics
3439,38,19,2025-10-22,2940,37,0.297,True,Trigonometry Introduction to Ratios,Mathematics
2488,38,35,2025-11-05,2580,23,0.216,True,Forces and Newtons Laws,Physics
2001,38,6,2025-11-06,1860,48,0.267,True,Fractions Decimals and Percentages,Mathematics
1705,38,19,2025-11-15,3360,26,0.206,True,Trigonometry Introduction to Ratios,Mathematics
2043,38,1,2025-11-24,3120,46,0.419,True,Sets and Venn Diagrams,Mathematics
2426,38,3,2025-11-29,1920,30,0.322,True,Whole Numbers and Number Theory,Mathematics
644,38,2,2025-12-09,3240,24,0.206,True,Sets and Venn Diagrams,Mathematics
4342,38,43,2025-12-10,3480,19,0.211,True,Mechanics Work Energy and Power,Physics
2160,38,37,2025-12-14,2760,13,0.235,True,Energy Forms and Conservation,Physics
1839,38,51,2025-12-20,2820,14,0.264,True,Electromagnetism Basic Concepts,Physics
3626,38,11,2025-12-20,2160,45,0.316,True,Statistics Data Collection and Representation,Mathematics
2515,38,37,2025-12-21,3420,56,0.373,True,Energy Forms and Conservation,Physics
2002,38,1,2025-12-25,3180,31,0.314,True,Sets and Venn Diagrams,Mathematics
609,38,41,2026-01-10,2460,33,0.173,True,Matter States and Properties,Physics
2917,38,25,2026-01-13,3660,19,0.19,True,Logarithmic and Exponential Functions,Mathematics
4516,38,25,2026-02-02,4020,8,0.164,True,Logarithmic and Exponential Functions,Mathematics
3951,38,5,2026-02-03,2640,45,0.284,True,Fractions Decimals and Percentages,Mathematics
1911,38,16,2026-02-20,2700,34,0.264,True,Functions and Graphs,Mathematics
2762,38,23,2026-02-21,2400,1,0.235,True,Algebra Polynomials and Rational Expressions,Mathematics
1647,38,29,2026-02-23,4020,0,0.12,False,Introduction to Calculus Differentiation,Mathematics
4555,39,59,2025-09-08,3600,30,0.259,True,Electromagnetic Induction,Physics
4910,39,35,2025-09-15,2160,23,0.253,True,Forces and Newtons Laws,Physics
675,39,13,2025-09-21,3000,16,0.197,True,Algebra Quadratic Equations and Inequalities,Mathematics
305,39,8,2025-09-24,3060,16,0.245,False,Algebra Expressions and Linear Equations,Mathematics
1331,39,4,2025-09-26,2580,24,0.206,True,Whole Numbers and Number Theory,Mathematics
353,39,50,2025-10-04,3180,14,0.179,True,Electricity DC Circuits and Ohms Law,Physics
4238,39,24,2025-10-06,2280,28,0.206,True,Algebra Polynomials and Rational Expressions,Mathematics
406,39,25,2025-10-08,4080,20,0.212,True,Logarithmic and Exponential Functions,Mathematics
1124,39,35,2025-10-14,2340,31,0.234,True,Forces and Newtons Laws,Physics
2155,39,60,2025-10-19,3120,13,0.256,True,Optics Interference and Diffraction,Physics
928,39,49,2025-10-22,3480,14,0.187,False,Electricity DC Circuits and Ohms Law,Physics
2357,39,60,2025-11-03,2340,42,0.299,True,Optics Interference and Diffraction,Physics
3708,39,7,2025-11-05,2880,24,0.273,True,Algebra Expressions and Linear Equations,Mathematics
705,39,24,2025-11-06,3000,29,0.19,True,Algebra Polynomials and Rational Expressions,Mathematics
539,39,37,2025-11-13,2100,10,0.199,True,Energy Forms and Conservation,Physics
2511,39,22,2025-11-16,3300,30,0.24,True,Numbers Surds and Indices,Mathematics
4452,39,1,2025-11-18,2940,18,0.213,True,Sets and Venn Diagrams,Mathematics
1350,39,41,2025-11-21,1740,27,0.161,False,Matter States and Properties,Physics
2042,39,17,2025-11-21,2400,31,0.232,False,Geometry Circles Polygons and Constructions,Mathematics
2546,39,57,2025-11-22,2880,32,0.249,True,Atomic Structure and Nuclear Physics,Physics
283,39,1,2025-12-07,1920,11,0.207,True,Sets and Venn Diagrams,Mathematics
3978,39,25,2025-12-12,4080,27,0.233,True,Logarithmic and Exponential Functions,Mathematics
220,39,24,2025-12-22,2160,5,0.189,True,Algebra Polynomials and Rational Expressions,Mathematics
4446,39,26,2025-12-30,2460,9,0.269,True,Logarithmic and Exponential Functions,Mathematics
3342,39,21,2026-01-03,2460,8,0.192,True,Statistics Measures of Central Tendency,Mathematics
642,39,16,2026-01-13,3660,29,0.302,True,Functions and Graphs,Mathematics
4193,39,26,2026-01-16,3600,5,0.216,True,Logarithmic and Exponential Functions,Mathematics
792,39,16,2026-01-22,3540,40,0.407,True,Functions and Graphs,Mathematics
4955,39,55,2026-02-08,2880,30,0.169,True,Electricity AC Circuits and Electronics,Physics
2724,39,25,2026-02-09,2820,21,0.246,True,Logarithmic and Exponential Functions,Mathematics
4041,39,48,2026-02-28,3540,18,0.194,False,Wave Properties Sound and Light,Physics
2143,40,17,2025-09-01,3120,57,0.321,True,Geometry Circles Polygons and Constructions,Mathematics
3001,40,21,2025-09-20,1920,13,0.248,True,Statistics Measures of Central Tendency,Mathematics
568,40,57,2025-09-22,2700,15,0.254,True,Atomic Structure and Nuclear Physics,Physics
257,40,33,2025-09-24,2280,23,0.287,True,Physical Quantities and Units,Physics
3984,40,58,2025-09-26,3180,20,0.277,True,Electromagnetic Induction,Physics
4178,40,4,2025-10-06,1800,27,0.215,False,Whole Numbers and Number Theory,Mathematics
3340,40,21,2025-10-07,2940,29,0.311,True,Statistics Measures of Central Tendency,Mathematics
1715,40,7,2025-10-17,2640,44,0.226,False,Algebra Expressions and Linear Equations,Mathematics
3753,40,15,2025-10-18,2760,15,0.178,True,Functions and Graphs,Mathematics
2185,40,25,2025-11-07,2820,37,0.222,True,Logarithmic and Exponential Functions,Mathematics
262,40,60,2025-11-09,4260,37,0.256,True,Optics Interference and Diffraction,Physics
787,40,17,2025-11-13,3420,22,0.252,True,Geometry Circles Polygons and Constructions,Mathematics
327,40,19,2025-11-16,3000,38,0.331,False,Trigonometry Introduction to Ratios,Mathematics
3715,40,56,2025-11-19,4020,34,0.284,False,Atomic Structure and Nuclear Physics,Physics
730,40,12,2025-11-21,1800,11,0.23,True,Statistics Data Collection and Representation,Mathematics
1136,40,57,2025-11-24,2340,18,0.301,True,Atomic Structure and Nuclear Physics,Physics
1414,40,36,2025-12-04,2040,33,0.262,True,Forces and Newtons Laws,Physics
2222,40,36,2025-12-27,3360,36,0.398,False,Forces and Newtons Laws,Physics
2334,40,38,2025-12-29,2340,36,0.243,False,Energy Forms and Conservation,Physics
3114,40,23,2025-12-31,2880,21,0.277,True,Algebra Polynomials and Rational Expressions,Mathematics
2125,40,36,2026-01-02,2820,29,0.365,False,Forces and Newtons Laws,Physics
2252,40,40,2026-01-04,2640,10,0.254,False,Light Reflection and Refraction,Physics
1045,40,49,2026-01-08,2580,24,0.232,True,Electricity DC Circuits and Ohms Law,Physics
1235,40,56,2026-01-08,3900,45,0.267,False,Atomic Structure and Nuclear Physics,Physics
1267,40,46,2026-01-10,3540,41,0.29,True,Thermal Physics and Heat Transfer,Physics
805,40,45,2026-01-11,3060,7,0.242,False,Thermal Physics and Heat Transfer,Physics
61,40,5,2026-01-19,1860,12,0.216,True,Fractions Decimals and Percentages,Mathematics
4547,40,11,2026-01-19,2160,42,0.316,False,Statistics Data Collection and Representation,Mathematics
1629,40,60,2026-01-29,2340,44,0.369,True,Optics Interference and Diffraction,Physics
1988,40,36,2026-02-08,3360,12,0.317,True,Forces and Newtons Laws,Physics
3332,40,35,2026-02-08,2640,40,0.391,True,Forces and Newtons Laws,Physics
3489,40,30,2026-02-10,4020,3,0.197,True,Vectors and Transformations,Mathematics
4078,40,39,2026-02-14,2220,6,0.28,True,Light Reflection and Refraction,Physics
1047,40,23,2026-02-18,3840,37,0.26,True,Algebra Polynomials and Rational Expressions,Mathematics
393,40,28,2026-02-23,3360,27,0.272,True,Introduction to Calculus Differentiation,Mathematics
2413,40,44,2026-02-27,1980,40,0.237,True,Mechanics Work Energy and Power,Physics
2347,41,13,2025-09-01,2100,18,0.246,True,Algebra Quadratic Equations and Inequalities,Mathematics
4037,41,8,2025-09-01,2160,27,0.266,True,Algebra Expressions and Linear Equations,Mathematics
3324,41,21,2025-09-15,1680,27,0.315,True,Statistics Measures of Central Tendency,Mathematics
2041,41,14,2025-09-18,3060,0,0.194,True,Algebra Quadratic Equations and Inequalities,Mathematics
2811,41,57,2025-09-19,3240,9,0.233,True,Atomic Structure and Nuclear Physics,Physics
1093,41,29,2025-09-20,2280,22,0.246,True,Introduction to Calculus Differentiation,Mathematics
4475,41,21,2025-09-21,2340,25,0.323,False,Statistics Measures of Central Tendency,Mathematics
2324,41,22,2025-09-22,1980,14,0.341,True,Numbers Surds and Indices,Mathematics
2866,41,16,2025-09-24,2100,30,0.314,True,Functions and Graphs,Mathematics
2493,41,37,2025-10-05,3240,18,0.294,True,Energy Forms and Conservation,Physics
1328,41,19,2025-10-09,2820,13,0.259,True,Trigonometry Introduction to Ratios,Mathematics
4902,41,27,2025-10-24,3540,4,0.296,False,Trigonometry Advanced Applications,Mathematics
476,41,46,2025-10-26,3120,25,0.18,True,Thermal Physics and Heat Transfer,Physics
1380,41,48,2025-11-06,3480,12,0.364,True,Wave Properties Sound and Light,Physics
903,41,37,2025-11-08,1860,20,0.242,True,Energy Forms and Conservation,Physics
231,41,43,2025-11-11,2700,26,0.255,True,Mechanics Work Energy and Power,Physics
620,41,11,2025-11-13,2640,26,0.268,True,Statistics Data Collection and Representation,Mathematics
491,41,25,2025-11-18,4020,5,0.149,True,Logarithmic and Exponential Functions,Mathematics
505,41,16,2025-11-20,3780,18,0.239,False,Functions and Graphs,Mathematics
2420,41,15,2025-12-01,2280,37,0.305,True,Functions and Graphs,Mathematics
950,41,15,2025-12-05,2040,25,0.249,False,Functions and Graphs,Mathematics
1875,41,48,2025-12-05,2460,51,0.419,True,Wave Properties Sound and Light,Physics
794,41,44,2025-12-08,2160,39,0.322,True,Mechanics Work Energy and Power,Physics
1466,41,29,2025-12-12,3900,13,0.252,True,Introduction to Calculus Differentiation,Mathematics
4457,41,7,2025-12-21,2160,38,0.348,True,Algebra Expressions and Linear Equations,Mathematics
391,41,38,2025-12-23,2880,23,0.226,True,Energy Forms and Conservation,Physics
2101,41,40,2026-01-02,3360,31,0.281,True,Light Reflection and Refraction,Physics
1291,41,21,2026-01-05,2220,5,0.26,False,Statistics Measures of Central Tendency,Mathematics
3152,41,32,2026-01-12,3660,20,0.199,True,Probability and Statistical Distributions,Mathematics
1425,41,38,2026-01-14,2640,26,0.259,True,Energy Forms and Conservation,Physics
3982,41,19,2026-01-14,3360,33,0.292,True,Trigonometry Introduction to Ratios,Mathematics
3291,41,50,2026-01-29,3900,33,0.215,True,Electricity DC Circuits and Ohms Law,Physics
3158,41,27,2026-01-30,2520,32,0.265,True,Trigonometry Advanced Applications,Mathematics
2437,41,53,2026-02-06,3840,21,0.29,False,Kinematics and Projectile Motion,Physics
3139,41,29,2026-02-09,3420,27,0.271,True,Introduction to Calculus Differentiation,Mathematics
748,41,48,2026-02-16,3240,20,0.332,True,Wave Properties Sound and Light,Physics
1612,41,5,2026-02-21,3060,25,0.218,False,Fractions Decimals and Percentages,Mathematics
2598,41,31,2026-02-21,3720,17,0.24,True,Probability and Statistical Distributions,Mathematics
1101,41,4,2026-02-22,2160,29,0.25,True,Whole Numbers and Number Theory,Mathematics
2588,41,46,2026-02-23,2880,13,0.229,True,Thermal Physics and Heat Transfer,Physics
3728,41,13,2026-02-23,2340,44,0.348,True,Algebra Quadratic Equations and Inequalities,Mathematics
3975,41,5,2026-02-28,1980,26,0.272,True,Fractions Decimals and Percentages,Mathematics
2660,42,4,2025-09-14,2160,5,0.242,True,Whole Numbers and Number Theory,Mathematics
4833,42,41,2025-09-14,1920,30,0.345,True,Matter States and Properties,Physics
1960,42,9,2025-09-19,3480,35,0.342,True,Geometry Lines Angles and Triangles,Mathematics
1547,42,26,2025-09-20,3540,42,0.297,True,Logarithmic and Exponential Functions,Mathematics
449,42,7,2025-09-25,2880,41,0.223,True,Algebra Expressions and Linear Equations,Mathematics
1580,42,24,2025-09-25,2520,31,0.2,True,Algebra Polynomials and Rational Expressions,Mathematics
3817,42,18,2025-09-26,3720,10,0.194,True,Geometry Circles Polygons and Constructions,Mathematics
3444,42,20,2025-10-01,2700,33,0.283,False,Trigonometry Introduction to Ratios,Mathematics
764,42,55,2025-10-07,3240,10,0.239,True,Electricity AC Circuits and Electronics,Physics
265,42,15,2025-10-08,2280,20,0.181,True,Functions and Graphs,Mathematics
3217,42,41,2025-10-08,2100,6,0.255,True,Matter States and Properties,Physics
4346,42,24,2025-10-26,2580,51,0.38,True,Algebra Polynomials and Rational Expressions,Mathematics
1608,42,20,2025-10-31,2220,36,0.256,True,Trigonometry Introduction to Ratios,Mathematics
4694,42,37,2025-11-05,2160,15,0.266,True,Energy Forms and Conservation,Physics
3041,42,26,2025-11-14,3300,26,0.337,False,Logarithmic and Exponential Functions,Mathematics
3035,42,39,2025-11-17,1680,21,0.224,True,Light Reflection and Refraction,Physics
2958,42,52,2025-11-28,2760,33,0.228,False,Kinematics and Projectile Motion,Physics
4841,42,54,2025-11-29,2940,46,0.309,True,Electricity AC Circuits and Electronics,Physics
3468,42,45,2025-12-01,2880,30,0.279,True,Thermal Physics and Heat Transfer,Physics
3634,42,23,2025-12-04,2820,20,0.334,False,Algebra Polynomials and Rational Expressions,Mathematics
2403,42,54,2025-12-11,2760,35,0.274,True,Electricity AC Circuits and Electronics,Physics
1830,42,10,2025-12-15,3540,10,0.253,True,Geometry Lines Angles and Triangles,Mathematics
3095,42,38,2025-12-16,1920,26,0.246,False,Energy Forms and Conservation,Physics
3274,42,7,2025-12-24,2220,37,0.397,True,Algebra Expressions and Linear Equations,Mathematics
3879,42,50,2025-12-24,3000,25,0.239,True,Electricity DC Circuits and Ohms Law,Physics
760,42,6,2025-12-26,3060,30,0.241,True,Fractions Decimals and Percentages,Mathematics
4082,42,48,2026-01-05,3180,30,0.261,True,Wave Properties Sound and Light,Physics
4997,42,2,2026-01-05,2580,26,0.262,True,Sets and Venn Diagrams,Mathematics
37,42,53,2026-01-09,3060,24,0.169,True,Kinematics and Projectile Motion,Physics
4365,42,10,2026-01-10,2400,34,0.381,True,Geometry Lines Angles and Triangles,Mathematics
1659,42,49,2026-01-13,2880,15,0.195,True,Electricity DC Circuits and Ohms Law,Physics
3163,42,7,2026-01-14,3540,19,0.29,True,Algebra Expressions and Linear Equations,Mathematics
2801,42,24,2026-01-15,3660,16,0.28,True,Algebra Polynomials and Rational Expressions,Mathematics
1792,42,22,2026-01-19,2760,16,0.274,True,Numbers Surds and Indices,Mathematics
4027,42,32,2026-01-21,3420,28,0.246,False,Probability and Statistical Distributions,Mathematics
80,42,13,2026-01-26,2460,37,0.261,False,Algebra Quadratic Equations and Inequalities,Mathematics
820,42,33,2026-01-27,2220,24,0.253,False,Physical Quantities and Units,Physics
3414,42,32,2026-01-30,2520,24,0.256,True,Probability and Statistical Distributions,Mathematics
2492,42,12,2026-01-31,2520,24,0.208,False,Statistics Data Collection and Representation,Mathematics
588,42,30,2026-02-07,2820,37,0.191,False,Vectors and Transformations,Mathematics
2519,42,28,2026-02-10,3300,5,0.199,False,Introduction to Calculus Differentiation,Mathematics
4200,42,20,2026-02-17,2700,35,0.359,False,Trigonometry Introduction to Ratios,Mathematics
4531,42,58,2026-02-17,3660,11,0.267,True,Electromagnetic Induction,Physics
2650,43,2,2025-09-11,3420,25,0.306,False,Sets and Venn Diagrams,Mathematics
3615,43,24,2025-09-13,2220,20,0.287,False,Algebra Polynomials and Rational Expressions,Mathematics
4601,43,1,2025-09-14,2340,45,0.3,True,Sets and Venn Diagrams,Mathematics
3989,43,15,2025-09-16,1980,34,0.24,True,Functions and Graphs,Mathematics
1549,43,2,2025-09-23,3120,27,0.24,True,Sets and Venn Diagrams,Mathematics
1392,43,11,2025-09-27,1680,23,0.25,True,Statistics Data Collection and Representation,Mathematics
890,43,57,2025-09-29,3900,6,0.212,True,Atomic Structure and Nuclear Physics,Physics
867,43,38,2025-10-06,3000,23,0.229,True,Energy Forms and Conservation,Physics
3599,43,19,2025-11-03,3180,9,0.231,True,Trigonometry Introduction to Ratios,Mathematics
2288,43,21,2025-11-05,2220,27,0.248,True,Statistics Measures of Central Tendency,Mathematics
4913,43,28,2025-11-11,4260,20,0.258,True,Introduction to Calculus Differentiation,Mathematics
171,43,7,2025-11-15,2220,18,0.288,False,Algebra Expressions and Linear Equations,Mathematics
2494,43,52,2025-11-17,2340,37,0.209,False,Kinematics and Projectile Motion,Physics
2962,43,51,2025-11-17,2520,32,0.273,True,Electromagnetism Basic Concepts,Physics
1424,43,30,2025-11-18,2340,29,0.31,True,Vectors and Transformations,Mathematics
4458,43,40,2025-11-29,3240,39,0.317,False,Light Reflection and Refraction,Physics
4169,43,9,2025-12-02,3360,28,0.229,True,Geometry Lines Angles and Triangles,Mathematics
3720,43,19,2025-12-09,2820,32,0.267,True,Trigonometry Introduction to Ratios,Mathematics
1358,43,18,2025-12-11,2640,10,0.181,False,Geometry Circles Polygons and Constructions,Mathematics
239,43,20,2025-12-12,2400,33,0.24,True,Trigonometry Introduction to Ratios,Mathematics
2721,43,51,2025-12-15,3420,43,0.256,True,Electromagnetism Basic Concepts,Physics
3290,43,32,2025-12-16,3120,26,0.199,True,Probability and Statistical Distributions,Mathematics
4204,43,53,2025-12-28,3540,42,0.285,True,Kinematics and Projectile Motion,Physics
2427,43,39,2025-12-29,2460,23,0.266,True,Light Reflection and Refraction,Physics
4846,43,53,2025-12-30,3360,56,0.387,True,Kinematics and Projectile Motion,Physics
2169,43,17,2026-01-02,2400,29,0.181,True,Geometry Circles Polygons and Constructions,Mathematics
2849,43,52,2026-01-02,2880,17,0.234,True,Kinematics and Projectile Motion,Physics
4245,43,38,2026-01-10,3000,16,0.264,True,Energy Forms and Conservation,Physics
1348,43,21,2026-01-14,2340,20,0.264,True,Statistics Measures of Central Tendency,Mathematics
1263,43,47,2026-01-15,2760,20,0.26,True,Wave Properties Sound and Light,Physics
1410,43,27,2026-01-20,4560,22,0.295,True,Trigonometry Advanced Applications,Mathematics
2905,43,30,2026-01-20,3420,52,0.339,True,Vectors and Transformations,Mathematics
2021,43,5,2026-01-21,3000,23,0.255,True,Fractions Decimals and Percentages,Mathematics
1121,43,5,2026-01-22,3420,34,0.245,True,Fractions Decimals and Percentages,Mathematics
3529,43,28,2026-01-22,4440,5,0.213,True,Introduction to Calculus Differentiation,Mathematics
2070,43,23,2026-01-29,3660,20,0.212,False,Algebra Polynomials and Rational Expressions,Mathematics
4922,43,47,2026-02-09,3360,24,0.284,True,Wave Properties Sound and Light,Physics
345,43,12,2026-02-16,2940,15,0.188,True,Statistics Data Collection and Representation,Mathematics
2574,43,4,2026-02-17,1740,20,0.218,True,Whole Numbers and Number Theory,Mathematics
4033,43,21,2026-02-17,1740,36,0.348,True,Statistics Measures of Central Tendency,Mathematics
1885,43,41,2026-02-20,1440,10,0.264,False,Matter States and Properties,Physics
1980,44,56,2025-09-07,4320,42,0.38,True,Atomic Structure and Nuclear Physics,Physics
87,44,29,2025-09-08,2580,35,0.361,True,Introduction to Calculus Differentiation,Mathematics
2195,44,14,2025-09-09,3420,45,0.367,True,Algebra Quadratic Equations and Inequalities,Mathematics
206,44,56,2025-09-19,2580,30,0.356,False,Atomic Structure and Nuclear Physics,Physics
113,44,41,2025-10-13,2040,22,0.354,False,Matter States and Properties,Physics
3384,44,2,2025-10-14,3060,39,0.346,False,Sets and Venn Diagrams,Mathematics
4426,44,27,2025-10-21,3780,34,0.334,True,Trigonometry Advanced Applications,Mathematics
2,44,50,2025-10-29,2460,34,0.394,True,Electricity DC Circuits and Ohms Law,Physics
875,44,27,2025-10-30,2940,3,0.258,True,Trigonometry Advanced Applications,Mathematics
3170,44,45,2025-11-01,2820,39,0.398,True,Thermal Physics and Heat Transfer,Physics
1167,44,14,2025-11-03,3240,27,0.34,True,Algebra Quadratic Equations and Inequalities,Mathematics
3470,44,19,2025-11-03,2640,37,0.377,True,Trigonometry Introduction to Ratios,Mathematics
4571,44,2,2025-11-14,2100,51,0.423,True,Sets and Venn Diagrams,Mathematics
470,44,54,2025-11-19,2820,49,0.362,True,Electricity AC Circuits and Electronics,Physics
1748,44,10,2025-11-22,2700,27,0.322,False,Geometry Lines Angles and Triangles,Mathematics
3886,44,56,2025-11-25,3060,39,0.471,True,Atomic Structure and Nuclear Physics,Physics
4563,44,26,2025-11-25,2460,35,0.338,False,Logarithmic and Exponential Functions,Mathematics
2877,44,20,2025-11-28,2760,32,0.343,True,Trigonometry Introduction to Ratios,Mathematics
2086,44,17,2025-12-02,3060,56,0.456,False,Geometry Circles Polygons and Constructions,Mathematics
1361,44,39,2025-12-12,1800,46,0.339,True,Light Reflection and Refraction,Physics
308,44,18,2025-12-23,2340,35,0.379,False,Geometry Circles Polygons and Constructions,Mathematics
632,44,54,2025-12-27,4140,46,0.417,False,Electricity AC Circuits and Electronics,Physics
2758,44,37,2025-12-28,2820,23,0.352,False,Energy Forms and Conservation,Physics
946,44,12,2025-12-30,2220,28,0.37,False,Statistics Data Collection and Representation,Mathematics
2691,44,25,2026-01-06,2880,32,0.273,True,Logarithmic and Exponential Functions,Mathematics
270,44,23,2026-01-08,2820,40,0.367,True,Algebra Polynomials and Rational Expressions,Mathematics
2963,44,1,2026-01-15,1920,24,0.327,True,Sets and Venn Diagrams,Mathematics
1050,44,29,2026-01-20,3600,42,0.423,True,Introduction to Calculus Differentiation,Mathematics
982,44,31,2026-01-21,3000,35,0.34,True,Probability and Statistical Distributions,Mathematics
3750,44,15,2026-01-29,2460,20,0.392,True,Functions and Graphs,Mathematics
884,44,12,2026-02-02,2760,47,0.338,True,Statistics Data Collection and Representation,Mathematics
3762,44,45,2026-02-02,2040,54,0.467,False,Thermal Physics and Heat Transfer,Physics
48,44,44,2026-02-09,2640,36,0.343,True,Mechanics Work Energy and Power,Physics
3047,44,35,2026-02-09,2700,18,0.349,True,Forces and Newtons Laws,Physics
2304,44,23,2026-02-11,2580,50,0.435,False,Algebra Polynomials and Rational Expressions,Mathematics
3961,44,34,2026-02-13,2040,20,0.312,False,Physical Quantities and Units,Physics
3900,44,21,2026-02-14,2940,37,0.326,True,Statistics Measures of Central Tendency,Mathematics
1869,44,35,2026-02-16,2340,27,0.314,True,Forces and Newtons Laws,Physics
2205,44,16,2026-02-28,3600,17,0.324,True,Functions and Graphs,Mathematics
664,45,58,2025-09-10,3600,11,0.261,True,Electromagnetic Induction,Physics
3538,45,3,2025-09-15,2820,48,0.345,False,Whole Numbers and Number Theory,Mathematics
855,45,41,2025-09-21,2160,26,0.394,False,Matter States and Properties,Physics
2528,45,15,2025-09-24,3120,15,0.318,True,Functions and Graphs,Mathematics
4584,45,29,2025-09-28,3000,31,0.431,True,Introduction to Calculus Differentiation,Mathematics
2799,45,53,2025-10-24,2940,43,0.36,False,Kinematics and Projectile Motion,Physics
420,45,19,2025-10-27,2640,34,0.326,True,Trigonometry Introduction to Ratios,Mathematics
4101,45,28,2025-10-31,2880,22,0.355,True,Introduction to Calculus Differentiation,Mathematics
1157,45,32,2025-11-01,3360,38,0.318,False,Probability and Statistical Distributions,Mathematics
4730,45,18,2025-11-08,2640,14,0.281,True,Geometry Circles Polygons and Constructions,Mathematics
2618,45,12,2025-11-17,2940,25,0.279,False,Statistics Data Collection and Representation,Mathematics
2741,45,29,2025-11-25,2880,37,0.351,True,Introduction to Calculus Differentiation,Mathematics
2926,45,50,2025-11-27,3420,35,0.328,True,Electricity DC Circuits and Ohms Law,Physics
4576,45,41,2025-12-07,2040,75,0.478,False,Matter States and Properties,Physics
4487,45,53,2025-12-11,3720,31,0.383,False,Kinematics and Projectile Motion,Physics
947,45,58,2025-12-14,3240,46,0.305,True,Electromagnetic Induction,Physics
1419,45,23,2025-12-14,2640,28,0.309,True,Algebra Polynomials and Rational Expressions,Mathematics
942,45,40,2025-12-18,2220,26,0.299,True,Light Reflection and Refraction,Physics
4435,45,5,2025-12-20,1980,16,0.286,True,Fractions Decimals and Percentages,Mathematics
2384,45,48,2025-12-30,3840,24,0.306,True,Wave Properties Sound and Light,Physics
2534,45,14,2026-01-07,3900,36,0.336,True,Algebra Quadratic Equations and Inequalities,Mathematics
467,45,14,2026-02-03,2700,31,0.283,True,Algebra Quadratic Equations and Inequalities,Mathematics
1423,45,29,2026-02-16,3600,33,0.28,True,Introduction to Calculus Differentiation,Mathematics
446,45,44,2026-02-23,3000,49,0.321,False,Mechanics Work Energy and Power,Physics
1572,45,53,2026-02-28,3660,25,0.329,False,Kinematics and Projectile Motion,Physics
4164,46,46,2025-09-02,2580,39,0.377,True,Thermal Physics and Heat Transfer,Physics
943,46,41,2025-09-17,1500,12,0.273,True,Matter States and Properties,Physics
1516,46,14,2025-09-24,3900,28,0.299,True,Algebra Quadratic Equations and Inequalities,Mathematics
995,46,21,2025-10-05,2940,18,0.23,True,Statistics Measures of Central Tendency,Mathematics
4420,46,14,2025-10-07,2280,52,0.39,True,Algebra Quadratic Equations and Inequalities,Mathematics
2669,46,2,2025-10-22,3060,33,0.325,True,Sets and Venn Diagrams,Mathematics
1220,46,50,2025-11-01,3540,19,0.277,True,Electricity DC Circuits and Ohms Law,Physics
264,46,19,2025-11-02,3060,29,0.209,False,Trigonometry Introduction to Ratios,Mathematics
2504,46,29,2025-11-05,3180,36,0.214,True,Introduction to Calculus Differentiation,Mathematics
3540,46,24,2025-11-16,2220,22,0.264,True,Algebra Polynomials and Rational Expressions,Mathematics
4136,46,56,2025-11-19,3120,34,0.352,True,Atomic Structure and Nuclear Physics,Physics
1709,46,26,2025-11-27,2820,26,0.272,True,Logarithmic and Exponential Functions,Mathematics
103,46,8,2025-11-29,2820,43,0.228,True,Algebra Expressions and Linear Equations,Mathematics
4990,46,7,2025-11-30,3360,28,0.262,True,Algebra Expressions and Linear Equations,Mathematics
2817,46,45,2025-12-10,1920,18,0.368,True,Thermal Physics and Heat Transfer,Physics
1690,46,42,2025-12-11,1860,25,0.283,True,Matter States and Properties,Physics
4806,46,32,2025-12-12,3120,19,0.193,True,Probability and Statistical Distributions,Mathematics
790,46,37,2025-12-13,3240,40,0.337,True,Energy Forms and Conservation,Physics
2872,46,60,2025-12-24,4200,19,0.277,True,Optics Interference and Diffraction,Physics
4929,46,28,2026-01-04,3420,10,0.247,True,Introduction to Calculus Differentiation,Mathematics
778,46,47,2026-01-06,3420,53,0.388,True,Wave Properties Sound and Light,Physics
4479,46,16,2026-01-07,3240,28,0.308,True,Functions and Graphs,Mathematics
487,46,23,2026-01-10,3420,48,0.318,True,Algebra Polynomials and Rational Expressions,Mathematics
2336,46,33,2026-01-19,2040,36,0.232,True,Physical Quantities and Units,Physics
704,46,2,2026-01-22,3180,23,0.263,True,Sets and Venn Diagrams,Mathematics
4294,46,10,2026-02-02,3660,34,0.3,True,Geometry Lines Angles and Triangles,Mathematics
4704,46,39,2026-02-02,2460,36,0.352,True,Light Reflection and Refraction,Physics
2937,46,12,2026-02-16,2220,23,0.301,True,Statistics Data Collection and Representation,Mathematics
3031,46,52,2026-02-24,3120,40,0.382,True,Kinematics and Projectile Motion,Physics
1821,46,52,2026-02-26,3360,36,0.289,True,Kinematics and Projectile Motion,Physics
503,47,1,2025-09-11,2880,14,0.15,True,Sets and Venn Diagrams,Mathematics
4897,47,1,2025-09-11,2040,26,0.186,True,Sets and Venn Diagrams,Mathematics
400,47,10,2025-09-13,2220,9,0.195,False,Geometry Lines Angles and Triangles,Mathematics
1386,47,45,2025-09-17,2400,0,0.244,True,Thermal Physics and Heat Transfer,Physics
1526,47,2,2025-09-19,3780,9,0.137,False,Sets and Venn Diagrams,Mathematics
3005,47,11,2025-09-19,1740,20,0.212,True,Statistics Data Collection and Representation,Mathematics
3240,47,52,2025-10-12,3660,0,0.192,True,Kinematics and Projectile Motion,Physics
589,47,8,2025-10-13,3060,28,0.189,False,Algebra Expressions and Linear Equations,Mathematics
4762,47,27,2025-10-15,3120,5,0.165,False,Trigonometry Advanced Applications,Mathematics
1598,47,36,2025-10-28,2040,17,0.096,True,Forces and Newtons Laws,Physics
4084,47,57,2025-10-28,3900,3,0.158,False,Atomic Structure and Nuclear Physics,Physics
2227,47,60,2025-10-29,3420,26,0.156,False,Optics Interference and Diffraction,Physics
2694,47,9,2025-10-31,3300,18,0.295,False,Geometry Lines Angles and Triangles,Mathematics
843,47,38,2025-11-03,2640,0,0.172,True,Energy Forms and Conservation,Physics
2941,47,1,2025-11-11,3360,16,0.174,True,Sets and Venn Diagrams,Mathematics
3304,47,8,2025-11-17,2520,14,0.276,True,Algebra Expressions and Linear Equations,Mathematics
117,47,52,2025-11-19,2760,15,0.198,True,Kinematics and Projectile Motion,Physics
2773,47,54,2025-11-20,3300,3,0.163,False,Electricity AC Circuits and Electronics,Physics
4154,47,17,2025-11-24,3780,30,0.36,True,Geometry Circles Polygons and Constructions,Mathematics
651,47,18,2025-11-25,3540,28,0.284,False,Geometry Circles Polygons and Constructions,Mathematics
4148,47,50,2025-11-27,4200,13,0.198,False,Electricity DC Circuits and Ohms Law,Physics
1059,47,60,2025-11-30,3240,11,0.116,True,Optics Interference and Diffraction,Physics
3317,47,46,2025-12-02,2160,22,0.245,True,Thermal Physics and Heat Transfer,Physics
354,47,18,2025-12-03,3480,18,0.222,False,Geometry Circles Polygons and Constructions,Mathematics
2545,47,55,2025-12-03,3600,11,0.125,True,Electricity AC Circuits and Electronics,Physics
3939,47,26,2025-12-05,2940,26,0.147,True,Logarithmic and Exponential Functions,Mathematics
2679,47,60,2025-12-07,4020,15,0.184,True,Optics Interference and Diffraction,Physics
574,47,3,2025-12-18,2700,29,0.194,False,Whole Numbers and Number Theory,Mathematics
3110,47,21,2025-12-28,2220,34,0.227,True,Statistics Measures of Central Tendency,Mathematics
4207,47,12,2026-01-05,2820,50,0.286,False,Statistics Data Collection and Representation,Mathematics
2663,47,5,2026-01-07,2820,20,0.167,True,Fractions Decimals and Percentages,Mathematics
3162,47,3,2026-01-08,1980,37,0.266,False,Whole Numbers and Number Theory,Mathematics
1525,47,28,2026-01-13,4260,21,0.156,False,Introduction to Calculus Differentiation,Mathematics
1758,47,4,2026-01-31,2400,23,0.218,False,Whole Numbers and Number Theory,Mathematics
3627,47,49,2026-02-01,3120,19,0.179,False,Electricity DC Circuits and Ohms Law,Physics
3755,47,6,2026-02-02,2580,26,0.182,False,Fractions Decimals and Percentages,Mathematics
3015,47,34,2026-02-12,1680,22,0.191,True,Physical Quantities and Units,Physics
2358,47,18,2026-02-13,2700,44,0.331,True,Geometry Circles Polygons and Constructions,Mathematics
4975,47,3,2026-02-18,1680,40,0.328,True,Whole Numbers and Number Theory,Mathematics
2823,47,37,2026-02-19,2100,28,0.225,False,Energy Forms and Conservation,Physics
3092,48,45,2025-09-02,2880,21,0.195,True,Thermal Physics and Heat Transfer,Physics
3658,48,24,2025-09-12,3840,26,0.258,True,Algebra Polynomials and Rational Expressions,Mathematics
338,48,25,2025-09-13,4020,20,0.213,False,Logarithmic and Exponential Functions,Mathematics
493,48,15,2025-09-15,2700,34,0.217,False,Functions and Graphs,Mathematics
2591,48,40,2025-09-16,2940,32,0.267,True,Light Reflection and Refraction,Physics
1831,48,41,2025-09-17,2520,15,0.24,True,Matter States and Properties,Physics
139,48,40,2025-09-23,3120,21,0.244,False,Light Reflection and Refraction,Physics
3814,48,44,2025-09-23,1920,22,0.232,False,Mechanics Work Energy and Power,Physics
4873,48,7,2025-10-01,3120,25,0.213,True,Algebra Expressions and Linear Equations,Mathematics
4060,48,56,2025-10-24,3000,13,0.22,False,Atomic Structure and Nuclear Physics,Physics
3323,48,3,2025-11-06,2400,27,0.229,True,Whole Numbers and Number Theory,Mathematics
3672,48,37,2025-11-06,2220,28,0.209,True,Energy Forms and Conservation,Physics
3660,48,57,2025-11-11,2700,24,0.216,False,Atomic Structure and Nuclear Physics,Physics
4909,48,38,2025-11-15,2040,31,0.188,False,Energy Forms and Conservation,Physics
2443,48,54,2025-11-22,3960,31,0.265,True,Electricity AC Circuits and Electronics,Physics
3007,48,49,2025-11-25,2160,25,0.269,True,Electricity DC Circuits and Ohms Law,Physics
3374,48,46,2025-11-29,3420,38,0.253,True,Thermal Physics and Heat Transfer,Physics
824,48,35,2025-12-07,2880,8,0.208,False,Forces and Newtons Laws,Physics
4541,48,52,2025-12-08,2400,8,0.184,False,Kinematics and Projectile Motion,Physics
2273,48,28,2025-12-12,4560,21,0.233,True,Introduction to Calculus Differentiation,Mathematics
4320,48,21,2025-12-15,2460,19,0.225,False,Statistics Measures of Central Tendency,Mathematics
1370,48,12,2025-12-21,1980,25,0.191,True,Statistics Data Collection and Representation,Mathematics
598,48,37,2025-12-28,3180,10,0.22,False,Energy Forms and Conservation,Physics
3339,48,46,2026-01-15,2940,18,0.219,True,Thermal Physics and Heat Transfer,Physics
333,48,9,2026-01-26,3960,26,0.235,True,Geometry Lines Angles and Triangles,Mathematics
4125,48,22,2026-01-31,2940,6,0.236,True,Numbers Surds and Indices,Mathematics
1945,48,10,2026-02-02,2760,27,0.343,True,Geometry Lines Angles and Triangles,Mathematics
1065,48,60,2026-02-14,2760,20,0.165,True,Optics Interference and Diffraction,Physics
1375,48,58,2026-02-18,4200,5,0.193,True,Electromagnetic Induction,Physics
3778,49,22,2025-09-06,2820,11,0.322,True,Numbers Surds and Indices,Mathematics
3366,49,41,2025-09-09,2280,17,0.322,True,Matter States and Properties,Physics
2745,49,29,2025-09-18,2580,70,0.456,True,Introduction to Calculus Differentiation,Mathematics
1601,49,28,2025-09-22,3240,39,0.333,True,Introduction to Calculus Differentiation,Mathematics
1857,49,11,2025-10-01,2340,22,0.294,True,Statistics Data Collection and Representation,Mathematics
1204,49,30,2025-10-25,2820,35,0.329,True,Vectors and Transformations,Mathematics
362,49,5,2025-10-28,1980,41,0.338,True,Fractions Decimals and Percentages,Mathematics
11,49,2,2025-11-07,3240,23,0.247,True,Sets and Venn Diagrams,Mathematics
1442,49,55,2025-11-09,2700,38,0.407,True,Electricity AC Circuits and Electronics,Physics
3140,49,1,2025-11-09,2280,42,0.408,True,Sets and Venn Diagrams,Mathematics
4887,49,25,2025-11-09,3360,44,0.351,True,Logarithmic and Exponential Functions,Mathematics
309,49,39,2025-11-16,2460,20,0.301,True,Light Reflection and Refraction,Physics
4789,49,29,2025-11-16,3540,35,0.486,True,Introduction to Calculus Differentiation,Mathematics
3435,49,14,2025-11-17,4140,8,0.266,True,Algebra Quadratic Equations and Inequalities,Mathematics
144,49,15,2025-11-23,2640,61,0.365,True,Functions and Graphs,Mathematics
880,49,54,2025-12-11,2700,36,0.35,False,Electricity AC Circuits and Electronics,Physics
3935,49,34,2025-12-14,2400,28,0.348,True,Physical Quantities and Units,Physics
3099,49,19,2025-12-15,2580,29,0.317,True,Trigonometry Introduction to Ratios,Mathematics
3848,49,4,2025-12-16,1560,19,0.312,True,Whole Numbers and Number Theory,Mathematics
2659,49,18,2025-12-18,2100,37,0.258,True,Geometry Circles Polygons and Constructions,Mathematics
2586,49,33,2026-01-04,2700,44,0.316,True,Physical Quantities and Units,Physics
3648,49,32,2026-01-08,3900,16,0.28,True,Probability and Statistical Distributions,Mathematics
2928,49,42,2026-01-10,1800,22,0.236,True,Matter States and Properties,Physics
2217,49,10,2026-01-16,3720,46,0.35,False,Geometry Lines Angles and Triangles,Mathematics
542,49,40,2026-01-27,3300,23,0.332,True,Light Reflection and Refraction,Physics
3684,49,12,2026-01-28,3060,23,0.277,True,Statistics Data Collection and Representation,Mathematics
2338,49,56,2026-01-30,3000,18,0.304,True,Atomic Structure and Nuclear Physics,Physics
266,49,58,2026-02-01,2760,31,0.324,True,Electromagnetic Induction,Physics
1169,49,11,2026-02-04,2280,22,0.309,True,Statistics Data Collection and Representation,Mathematics
1862,49,39,2026-02-06,1800,32,0.443,True,Light Reflection and Refraction,Physics
1685,49,40,2026-02-12,2880,33,0.421,True,Light Reflection and Refraction,Physics
335,49,15,2026-02-16,2580,38,0.477,True,Functions and Graphs,Mathematics
1538,49,28,2026-02-24,3420,43,0.283,True,Introduction to Calculus Differentiation,Mathematics
1906,49,5,2026-02-27,2460,31,0.323,True,Fractions Decimals and Percentages,Mathematics
1803,50,52,2025-09-13,4140,30,0.268,True,Kinematics and Projectile Motion,Physics
698,50,54,2025-09-20,2760,33,0.22,True,Electricity AC Circuits and Electronics,Physics
1066,50,42,2025-09-24,2460,43,0.371,True,Matter States and Properties,Physics
1280,50,37,2025-09-24,2580,24,0.224,True,Energy Forms and Conservation,Physics
4277,50,41,2025-09-27,2280,40,0.484,True,Matter States and Properties,Physics
3013,50,31,2025-09-28,3120,0,0.299,True,Probability and Statistical Distributions,Mathematics
4582,50,56,2025-10-03,3120,33,0.244,False,Atomic Structure and Nuclear Physics,Physics
1913,50,32,2025-10-16,3060,36,0.307,False,Probability and Statistical Distributions,Mathematics
3981,50,3,2025-10-17,2640,28,0.323,True,Whole Numbers and Number Theory,Mathematics
639,50,47,2025-10-18,2040,27,0.266,True,Wave Properties Sound and Light,Physics
3517,50,28,2025-10-22,4500,43,0.38,True,Introduction to Calculus Differentiation,Mathematics
763,50,42,2025-10-23,2640,30,0.296,True,Matter States and Properties,Physics
3944,50,37,2025-10-26,2280,30,0.264,False,Energy Forms and Conservation,Physics
3125,50,60,2025-10-31,2280,16,0.232,True,Optics Interference and Diffraction,Physics
1717,50,17,2025-11-06,3240,26,0.227,True,Geometry Circles Polygons and Constructions,Mathematics
1182,50,41,2025-11-15,2400,37,0.393,True,Matter States and Properties,Physics
3875,50,52,2025-11-20,3780,15,0.22,True,Kinematics and Projectile Motion,Physics
978,50,6,2025-11-22,2820,18,0.192,True,Fractions Decimals and Percentages,Mathematics
4,50,39,2025-11-24,1920,0,0.14,True,Light Reflection and Refraction,Physics
4598,50,7,2025-11-25,3480,30,0.271,True,Algebra Expressions and Linear Equations,Mathematics
3575,50,20,2025-12-09,3660,32,0.336,True,Trigonometry Introduction to Ratios,Mathematics
1541,50,47,2025-12-10,3240,17,0.211,False,Wave Properties Sound and Light,Physics
1941,50,3,2025-12-23,2460,23,0.273,True,Whole Numbers and Number Theory,Mathematics
3165,50,31,2025-12-25,3600,8,0.324,True,Probability and Statistical Distributions,Mathematics
2712,50,49,2025-12-26,2160,15,0.291,True,Electricity DC Circuits and Ohms Law,Physics
460,50,19,2026-01-02,2100,26,0.279,True,Trigonometry Introduction to Ratios,Mathematics
1829,50,13,2026-01-03,2700,23,0.209,True,Algebra Quadratic Equations and Inequalities,Mathematics
129,50,56,2026-01-04,3780,21,0.288,True,Atomic Structure and Nuclear Physics,Physics
1611,50,55,2026-01-11,2700,8,0.171,True,Electricity AC Circuits and Electronics,Physics
4137,50,45,2026-01-17,3240,35,0.273,True,Thermal Physics and Heat Transfer,Physics
1513,50,1,2026-01-23,2700,27,0.32,True,Sets and Venn Diagrams,Mathematics
2275,50,5,2026-01-26,2940,30,0.228,True,Fractions Decimals and Percentages,Mathematics
1258,50,31,2026-01-29,3180,27,0.255,True,Probability and Statistical Distributions,Mathematics
2935,50,2,2026-02-09,3720,25,0.366,True,Sets and Venn Diagrams,Mathematics
3148,50,41,2026-02-11,2640,49,0.449,True,Matter States and Properties,Physics
1912,50,32,2026-02-14,3660,35,0.289,True,Probability and Statistical Distributions,Mathematics
786,50,26,2026-02-15,2460,21,0.211,True,Logarithmic and Exponential Functions,Mathematics
2193,50,28,2026-02-16,4080,30,0.265,True,Introduction to Calculus Differentiation,Mathematics
4317,50,48,2026-02-18,3120,19,0.199,True,Wave Properties Sound and Light,Physics
3751,50,13,2026-02-19,2460,29,0.307,True,Algebra Quadratic Equations and Inequalities,Mathematics
363,50,58,2026-02-20,2640,40,0.222,True,Electromagnetic Induction,Physics
3353,50,26,2026-02-24,3480,21,0.264,True,Logarithmic and Exponential Functions,Mathematics
2671,50,51,2026-02-25,2040,30,0.27,True,Electromagnetism Basic Concepts,Physics
4313,50,39,2026-02-26,2040,8,0.171,True,Light Reflection and Refraction,Physics
4878,50,18,2026-02-26,3120,6,0.203,True,Geometry Circles Polygons and Constructions,Mathematics
3022,51,44,2025-09-01,2040,13,0.176,True,Mechanics Work Energy and Power,Physics
4354,51,9,2025-09-02,2580,24,0.379,True,Geometry Lines Angles and Triangles,Mathematics
2280,51,10,2025-09-03,2640,40,0.351,True,Geometry Lines Angles and Triangles,Mathematics
4747,51,47,2025-09-03,2400,35,0.28,False,Wave Properties Sound and Light,Physics
3745,51,57,2025-09-05,3360,42,0.184,False,Atomic Structure and Nuclear Physics,Physics
221,51,26,2025-09-11,2820,29,0.194,True,Logarithmic and Exponential Functions,Mathematics
736,51,45,2025-09-15,3180,30,0.214,True,Thermal Physics and Heat Transfer,Physics
4382,51,20,2025-09-25,2400,16,0.202,True,Trigonometry Introduction to Ratios,Mathematics
4986,51,56,2025-09-29,3600,24,0.202,False,Atomic Structure and Nuclear Physics,Physics
38,51,9,2025-10-14,2340,54,0.256,True,Geometry Lines Angles and Triangles,Mathematics
315,51,55,2025-10-17,2400,38,0.261,True,Electricity AC Circuits and Electronics,Physics
1480,51,28,2025-10-18,3960,19,0.209,True,Introduction to Calculus Differentiation,Mathematics
973,51,10,2025-10-30,3480,51,0.287,True,Geometry Lines Angles and Triangles,Mathematics
4504,51,28,2025-11-15,2940,26,0.215,True,Introduction to Calculus Differentiation,Mathematics
1401,51,53,2025-11-22,2880,12,0.229,True,Kinematics and Projectile Motion,Physics
2301,51,4,2025-12-07,1740,36,0.242,False,Whole Numbers and Number Theory,Mathematics
4537,51,6,2025-12-12,2820,16,0.2,True,Fractions Decimals and Percentages,Mathematics
3014,51,41,2025-12-20,2220,32,0.274,True,Matter States and Properties,Physics
4222,51,23,2025-12-20,2940,34,0.24,True,Algebra Polynomials and Rational Expressions,Mathematics
2486,51,26,2026-01-23,2640,26,0.232,True,Logarithmic and Exponential Functions,Mathematics
1588,51,54,2026-02-11,2700,2,0.298,True,Electricity AC Circuits and Electronics,Physics
4641,51,45,2026-02-14,2100,28,0.225,False,Thermal Physics and Heat Transfer,Physics
1562,51,46,2026-02-23,3660,21,0.254,True,Thermal Physics and Heat Transfer,Physics
1301,51,13,2026-02-24,2100,27,0.205,True,Algebra Quadratic Equations and Inequalities,Mathematics
2350,51,22,2026-02-24,2640,40,0.202,True,Numbers Surds and Indices,Mathematics
2156,52,52,2025-09-02,3060,32,0.324,True,Kinematics and Projectile Motion,Physics
481,52,5,2025-09-14,3060,36,0.301,True,Fractions Decimals and Percentages,Mathematics
4112,52,8,2025-09-15,2640,37,0.337,True,Algebra Expressions and Linear Equations,Mathematics
2881,52,9,2025-09-16,3000,40,0.365,False,Geometry Lines Angles and Triangles,Mathematics
549,52,55,2025-09-22,2400,33,0.312,False,Electricity AC Circuits and Electronics,Physics
3436,52,29,2025-09-25,2760,29,0.255,False,Introduction to Calculus Differentiation,Mathematics
2373,52,13,2025-09-27,2820,37,0.326,True,Algebra Quadratic Equations and Inequalities,Mathematics
2806,52,48,2025-09-27,3600,32,0.303,True,Wave Properties Sound and Light,Physics
1156,52,41,2025-10-06,2400,14,0.285,False,Matter States and Properties,Physics
636,52,34,2025-10-07,2040,30,0.302,True,Physical Quantities and Units,Physics
430,52,3,2025-10-08,1680,47,0.364,True,Whole Numbers and Number Theory,Mathematics
4194,52,29,2025-10-09,3360,28,0.265,True,Introduction to Calculus Differentiation,Mathematics
2672,52,13,2025-10-12,2880,35,0.317,False,Algebra Quadratic Equations and Inequalities,Mathematics
213,52,39,2025-10-13,1680,37,0.265,True,Light Reflection and Refraction,Physics
2254,52,48,2025-10-27,3000,31,0.262,True,Wave Properties Sound and Light,Physics
4301,52,49,2025-11-03,3240,37,0.356,True,Electricity DC Circuits and Ohms Law,Physics
4469,52,27,2025-11-03,2760,16,0.328,True,Trigonometry Advanced Applications,Mathematics
4332,52,17,2025-11-04,3060,30,0.239,True,Geometry Circles Polygons and Constructions,Mathematics
4894,52,44,2025-11-08,2640,34,0.288,True,Mechanics Work Energy and Power,Physics
1645,52,15,2025-11-17,2100,23,0.265,True,Functions and Graphs,Mathematics
3597,52,7,2025-11-18,2580,39,0.334,True,Algebra Expressions and Linear Equations,Mathematics
1967,52,13,2025-11-24,3660,40,0.266,False,Algebra Quadratic Equations and Inequalities,Mathematics
4092,52,54,2025-11-24,2460,60,0.373,True,Electricity AC Circuits and Electronics,Physics
548,52,32,2025-11-27,3840,26,0.324,True,Probability and Statistical Distributions,Mathematics
4434,52,22,2025-12-18,3420,34,0.304,True,Numbers Surds and Indices,Mathematics
1597,52,60,2025-12-22,2280,20,0.277,True,Optics Interference and Diffraction,Physics
2087,52,39,2025-12-26,3060,18,0.282,True,Light Reflection and Refraction,Physics
2351,52,25,2026-01-01,2400,24,0.304,False,Logarithmic and Exponential Functions,Mathematics
1905,52,3,2026-01-10,3060,43,0.416,False,Whole Numbers and Number Theory,Mathematics
4875,52,24,2026-01-13,2160,19,0.234,True,Algebra Polynomials and Rational Expressions,Mathematics
4144,52,38,2026-01-22,2400,20,0.312,True,Energy Forms and Conservation,Physics
4065,52,51,2026-01-23,3120,11,0.294,False,Electromagnetism Basic Concepts,Physics
4973,52,10,2026-02-01,3720,25,0.312,True,Geometry Lines Angles and Triangles,Mathematics
4190,52,31,2026-02-10,3240,50,0.332,True,Probability and Statistical Distributions,Mathematics
2296,52,57,2026-02-14,2880,18,0.269,True,Atomic Structure and Nuclear Physics,Physics
1275,52,50,2026-02-21,4140,36,0.309,False,Electricity DC Circuits and Ohms Law,Physics
4795,53,12,2025-09-02,2640,33,0.317,False,Statistics Data Collection and Representation,Mathematics
1181,53,48,2025-09-07,2340,14,0.313,True,Wave Properties Sound and Light,Physics
302,53,15,2025-09-10,2160,28,0.349,False,Functions and Graphs,Mathematics
4538,53,25,2025-09-21,3120,49,0.369,False,Logarithmic and Exponential Functions,Mathematics
4227,53,28,2025-09-22,3480,25,0.422,True,Introduction to Calculus Differentiation,Mathematics
1807,53,28,2025-09-30,3120,30,0.348,True,Introduction to Calculus Differentiation,Mathematics
56,53,53,2025-10-02,3660,43,0.378,True,Kinematics and Projectile Motion,Physics
1133,53,20,2025-10-05,2760,40,0.329,True,Trigonometry Introduction to Ratios,Mathematics
4868,53,19,2025-10-10,2340,38,0.419,True,Trigonometry Introduction to Ratios,Mathematics
4542,53,29,2025-10-20,3480,35,0.406,True,Introduction to Calculus Differentiation,Mathematics
2057,53,18,2025-11-11,2520,26,0.313,True,Geometry Circles Polygons and Constructions,Mathematics
261,53,21,2025-11-14,1860,36,0.277,True,Statistics Measures of Central Tendency,Mathematics
4428,53,56,2025-11-17,4500,39,0.347,True,Atomic Structure and Nuclear Physics,Physics
2836,53,28,2025-11-23,3960,53,0.419,False,Introduction to Calculus Differentiation,Mathematics
2871,53,15,2025-12-09,3480,32,0.4,True,Functions and Graphs,Mathematics
4119,53,33,2025-12-19,3060,49,0.329,True,Physical Quantities and Units,Physics
4935,53,3,2025-12-19,2160,18,0.277,True,Whole Numbers and Number Theory,Mathematics
3834,53,1,2025-12-22,2460,37,0.382,False,Sets and Venn Diagrams,Mathematics
1532,53,44,2026-01-03,3420,27,0.302,False,Mechanics Work Energy and Power,Physics
2213,53,34,2026-01-08,2040,32,0.276,True,Physical Quantities and Units,Physics
169,53,25,2026-01-13,4200,40,0.326,False,Logarithmic and Exponential Functions,Mathematics
1518,53,20,2026-01-13,2760,37,0.405,True,Trigonometry Introduction to Ratios,Mathematics
4883,53,59,2026-01-15,2160,31,0.301,True,Electromagnetic Induction,Physics
3074,53,15,2026-01-31,2400,43,0.516,True,Functions and Graphs,Mathematics
808,53,49,2026-02-04,3420,35,0.297,True,Electricity DC Circuits and Ohms Law,Physics
1727,53,23,2026-02-06,2700,41,0.403,True,Algebra Polynomials and Rational Expressions,Mathematics
2458,53,56,2026-02-11,3300,42,0.343,True,Atomic Structure and Nuclear Physics,Physics
2619,53,9,2026-02-11,3600,44,0.336,True,Geometry Lines Angles and Triangles,Mathematics
3298,53,45,2026-02-11,3000,30,0.344,True,Thermal Physics and Heat Transfer,Physics
571,53,6,2026-02-19,2700,34,0.357,False,Fractions Decimals and Percentages,Mathematics
1268,53,23,2026-02-21,2880,30,0.346,False,Algebra Polynomials and Rational Expressions,Mathematics
3067,53,15,2026-02-27,2460,33,0.426,True,Functions and Graphs,Mathematics
79,54,10,2025-09-06,3420,25,0.315,False,Geometry Lines Angles and Triangles,Mathematics
4095,54,38,2025-09-07,2400,32,0.308,True,Energy Forms and Conservation,Physics
1154,54,12,2025-09-18,2340,25,0.313,False,Statistics Data Collection and Representation,Mathematics
47,54,6,2025-09-19,1740,43,0.346,False,Fractions Decimals and Percentages,Mathematics
1209,54,57,2025-09-30,2640,21,0.327,True,Atomic Structure and Nuclear Physics,Physics
2632,54,35,2025-10-06,3780,44,0.317,True,Forces and Newtons Laws,Physics
3071,54,49,2025-10-14,2700,34,0.341,True,Electricity DC Circuits and Ohms Law,Physics
4899,54,2,2025-11-09,3240,21,0.283,False,Sets and Venn Diagrams,Mathematics
4967,54,43,2025-11-12,3780,47,0.4,True,Mechanics Work Energy and Power,Physics
4716,54,3,2025-11-18,2160,39,0.278,True,Whole Numbers and Number Theory,Mathematics
3602,54,14,2025-11-21,3900,47,0.358,True,Algebra Quadratic Equations and Inequalities,Mathematics
3586,54,30,2025-11-25,2400,38,0.327,False,Vectors and Transformations,Mathematics
2812,54,13,2025-11-26,3180,24,0.307,True,Algebra Quadratic Equations and Inequalities,Mathematics
668,54,34,2025-12-04,2400,22,0.295,True,Physical Quantities and Units,Physics
4331,54,53,2025-12-11,3180,28,0.347,False,Kinematics and Projectile Motion,Physics
2012,54,25,2025-12-22,2400,46,0.365,True,Logarithmic and Exponential Functions,Mathematics
2921,54,15,2025-12-30,3480,42,0.378,True,Functions and Graphs,Mathematics
1586,54,15,2026-01-01,3000,28,0.323,True,Functions and Graphs,Mathematics
1264,54,10,2026-01-16,3120,47,0.322,True,Geometry Lines Angles and Triangles,Mathematics
1578,54,39,2026-01-17,2760,28,0.304,True,Light Reflection and Refraction,Physics
724,54,47,2026-01-20,2520,38,0.317,False,Wave Properties Sound and Light,Physics
826,54,45,2026-01-25,2820,33,0.307,True,Thermal Physics and Heat Transfer,Physics
2190,54,39,2026-01-31,2520,30,0.381,True,Light Reflection and Refraction,Physics
2938,54,58,2026-02-07,3000,40,0.366,False,Electromagnetic Induction,Physics
2525,54,58,2026-02-20,4140,18,0.309,True,Electromagnetic Induction,Physics
4347,54,60,2026-02-20,3240,33,0.356,True,Optics Interference and Diffraction,Physics
336,55,3,2025-09-03,3060,33,0.353,True,Whole Numbers and Number Theory,Mathematics
2837,55,51,2025-09-08,3480,24,0.327,True,Electromagnetism Basic Concepts,Physics
2438,55,38,2025-09-17,1920,15,0.329,True,Energy Forms and Conservation,Physics
573,55,15,2025-09-24,3120,31,0.307,False,Functions and Graphs,Mathematics
4947,55,4,2025-09-28,2040,67,0.442,False,Whole Numbers and Number Theory,Mathematics
2838,55,48,2025-09-29,2820,47,0.348,True,Wave Properties Sound and Light,Physics
3825,55,60,2025-09-30,2640,16,0.348,True,Optics Interference and Diffraction,Physics
1366,55,49,2025-10-10,3120,32,0.372,False,Electricity DC Circuits and Ohms Law,Physics
4308,55,9,2025-10-15,4020,28,0.352,True,Geometry Lines Angles and Triangles,Mathematics
4427,55,36,2025-10-16,3060,41,0.356,True,Forces and Newtons Laws,Physics
3076,55,23,2025-10-22,4200,23,0.315,True,Algebra Polynomials and Rational Expressions,Mathematics
914,55,48,2025-10-27,3180,23,0.271,True,Wave Properties Sound and Light,Physics
4071,55,27,2025-11-10,2520,39,0.397,True,Trigonometry Advanced Applications,Mathematics
6,55,36,2025-11-11,2340,39,0.373,False,Forces and Newtons Laws,Physics
3335,55,14,2025-11-20,3240,33,0.242,True,Algebra Quadratic Equations and Inequalities,Mathematics
3665,55,37,2025-11-20,3420,41,0.44,False,Energy Forms and Conservation,Physics
838,55,59,2025-11-27,3480,20,0.314,False,Electromagnetic Induction,Physics
445,55,59,2025-12-05,2820,43,0.306,True,Electromagnetic Induction,Physics
1108,55,21,2025-12-09,2460,38,0.313,True,Statistics Measures of Central Tendency,Mathematics
2352,55,60,2025-12-20,3780,44,0.316,True,Optics Interference and Diffraction,Physics
3842,55,24,2025-12-23,3120,44,0.349,True,Algebra Polynomials and Rational Expressions,Mathematics
3960,55,14,2025-12-23,2880,16,0.234,False,Algebra Quadratic Equations and Inequalities,Mathematics
1098,55,59,2025-12-25,3540,34,0.311,False,Electromagnetic Induction,Physics
4425,55,57,2025-12-29,2520,48,0.318,True,Atomic Structure and Nuclear Physics,Physics
2370,55,56,2026-01-04,2760,23,0.309,True,Atomic Structure and Nuclear Physics,Physics
1847,55,58,2026-01-05,3000,39,0.367,False,Electromagnetic Induction,Physics
3625,55,41,2026-01-05,1680,48,0.371,True,Matter States and Properties,Physics
703,55,43,2026-01-06,2940,28,0.288,False,Mechanics Work Energy and Power,Physics
3736,55,27,2026-01-12,4020,25,0.316,False,Trigonometry Advanced Applications,Mathematics
2957,55,19,2026-01-26,3420,47,0.375,True,Trigonometry Introduction to Ratios,Mathematics
1213,55,39,2026-01-29,2760,39,0.412,True,Light Reflection and Refraction,Physics
2887,55,8,2026-01-30,2640,7,0.309,True,Algebra Expressions and Linear Equations,Mathematics
2629,55,30,2026-02-02,2700,29,0.301,True,Vectors and Transformations,Mathematics
873,55,15,2026-02-13,2100,49,0.33,True,Functions and Graphs,Mathematics
1509,55,22,2026-02-26,2820,32,0.319,True,Numbers Surds and Indices,Mathematics
1284,56,6,2025-09-01,2940,38,0.344,True,Fractions Decimals and Percentages,Mathematics
4488,56,38,2025-09-02,2220,26,0.311,False,Energy Forms and Conservation,Physics
414,56,47,2025-09-05,2040,50,0.307,True,Wave Properties Sound and Light,Physics
1496,56,12,2025-09-07,1920,40,0.318,True,Statistics Data Collection and Representation,Mathematics
3582,56,40,2025-09-09,1980,45,0.499,True,Light Reflection and Refraction,Physics
1206,56,56,2025-09-17,2880,12,0.317,False,Atomic Structure and Nuclear Physics,Physics
3083,56,43,2025-09-17,2520,47,0.565,True,Mechanics Work Energy and Power,Physics
1486,56,41,2025-09-23,2460,33,0.257,True,Matter States and Properties,Physics
2614,56,3,2025-10-01,2460,44,0.303,False,Whole Numbers and Number Theory,Mathematics
4663,56,19,2025-10-01,3300,33,0.326,False,Trigonometry Introduction to Ratios,Mathematics
3563,56,46,2025-10-08,3420,37,0.343,False,Thermal Physics and Heat Transfer,Physics
3670,56,18,2025-10-09,2460,45,0.402,True,Geometry Circles Polygons and Constructions,Mathematics
553,56,60,2025-10-11,2400,18,0.249,True,Optics Interference and Diffraction,Physics
4800,56,15,2025-10-12,2040,34,0.341,False,Functions and Graphs,Mathematics
107,56,29,2025-10-22,3300,18,0.335,False,Introduction to Calculus Differentiation,Mathematics
3185,56,18,2025-10-24,3660,11,0.341,True,Geometry Circles Polygons and Constructions,Mathematics
4610,56,28,2025-11-12,3120,36,0.402,True,Introduction to Calculus Differentiation,Mathematics
3713,56,28,2025-11-16,4020,42,0.358,True,Introduction to Calculus Differentiation,Mathematics
1671,56,15,2025-11-29,2040,35,0.337,True,Functions and Graphs,Mathematics
536,56,58,2025-11-30,4140,5,0.341,True,Electromagnetic Induction,Physics
1492,56,44,2025-12-01,2820,29,0.285,False,Mechanics Work Energy and Power,Physics
4162,56,36,2025-12-06,2940,52,0.417,False,Forces and Newtons Laws,Physics
2666,56,49,2025-12-10,3300,26,0.358,True,Electricity DC Circuits and Ohms Law,Physics
281,56,44,2025-12-15,2340,20,0.288,True,Mechanics Work Energy and Power,Physics
1,56,39,2025-12-27,2160,43,0.369,False,Light Reflection and Refraction,Physics
2830,56,44,2025-12-29,2880,45,0.447,False,Mechanics Work Energy and Power,Physics
2406,56,39,2025-12-31,1860,44,0.465,False,Light Reflection and Refraction,Physics
1048,56,55,2026-01-02,3840,44,0.319,False,Electricity AC Circuits and Electronics,Physics
3945,56,36,2026-01-04,2760,16,0.334,True,Forces and Newtons Laws,Physics
3393,56,44,2026-01-10,2520,57,0.652,True,Mechanics Work Energy and Power,Physics
3911,56,22,2026-01-11,1920,27,0.329,True,Numbers Surds and Indices,Mathematics
2452,56,50,2026-01-13,2400,19,0.264,False,Electricity DC Circuits and Ohms Law,Physics
3855,56,13,2026-01-14,2520,15,0.313,True,Algebra Quadratic Equations and Inequalities,Mathematics
4568,56,14,2026-01-22,3780,19,0.357,False,Algebra Quadratic Equations and Inequalities,Mathematics
2032,56,11,2026-01-24,2460,42,0.352,False,Statistics Data Collection and Representation,Mathematics
4184,56,51,2026-02-07,3300,29,0.294,False,Electromagnetism Basic Concepts,Physics
2282,56,7,2026-02-09,3420,37,0.327,True,Algebra Expressions and Linear Equations,Mathematics
142,56,15,2026-02-19,3000,27,0.312,True,Functions and Graphs,Mathematics
3484,56,56,2026-02-20,3600,38,0.355,True,Atomic Structure and Nuclear Physics,Physics
3727,56,34,2026-02-21,1740,30,0.356,False,Physical Quantities and Units,Physics
1600,56,44,2026-02-26,3300,24,0.365,True,Mechanics Work Energy and Power,Physics
2674,56,55,2026-02-28,2280,18,0.386,True,Electricity AC Circuits and Electronics,Physics
2896,57,17,2025-09-03,2880,19,0.197,True,Geometry Circles Polygons and Constructions,Mathematics
3785,57,3,2025-09-03,2760,24,0.429,True,Whole Numbers and Number Theory,Mathematics
1644,57,7,2025-09-06,3840,23,0.331,True,Algebra Expressions and Linear Equations,Mathematics
689,57,7,2025-09-08,3000,28,0.173,True,Algebra Expressions and Linear Equations,Mathematics
4843,57,24,2025-09-13,2160,33,0.195,True,Algebra Polynomials and Rational Expressions,Mathematics
1039,57,30,2025-09-16,3120,16,0.188,False,Vectors and Transformations,Mathematics
3350,57,56,2025-09-20,3540,18,0.318,True,Atomic Structure and Nuclear Physics,Physics
1589,57,3,2025-09-21,2700,26,0.253,True,Whole Numbers and Number Theory,Mathematics
2360,57,39,2025-09-21,2820,13,0.16,True,Light Reflection and Refraction,Physics
2960,57,50,2025-09-30,3540,24,0.155,True,Electricity DC Circuits and Ohms Law,Physics
929,57,57,2025-10-09,3000,35,0.228,True,Atomic Structure and Nuclear Physics,Physics
2854,57,32,2025-10-31,3780,15,0.168,True,Probability and Statistical Distributions,Mathematics
3238,57,4,2025-11-12,2520,53,0.278,True,Whole Numbers and Number Theory,Mathematics
537,57,35,2025-11-19,3480,31,0.246,True,Forces and Newtons Laws,Physics
2305,57,15,2025-11-26,2340,34,0.272,True,Functions and Graphs,Mathematics
130,57,3,2025-12-02,1680,33,0.175,True,Whole Numbers and Number Theory,Mathematics
3051,57,21,2025-12-09,2940,2,0.236,True,Statistics Measures of Central Tendency,Mathematics
3920,57,35,2025-12-11,3060,26,0.306,True,Forces and Newtons Laws,Physics
4114,57,3,2025-12-12,3000,35,0.402,True,Whole Numbers and Number Theory,Mathematics
3530,57,53,2025-12-18,2760,48,0.183,False,Kinematics and Projectile Motion,Physics
3300,57,27,2025-12-28,3180,33,0.15,True,Trigonometry Advanced Applications,Mathematics
3352,57,45,2026-01-01,2220,21,0.28,False,Thermal Physics and Heat Transfer,Physics
3666,57,11,2026-01-04,2280,28,0.221,True,Statistics Data Collection and Representation,Mathematics
1415,57,53,2026-01-05,2820,5,0.159,True,Kinematics and Projectile Motion,Physics
1982,57,59,2026-01-09,3360,4,0.164,True,Electromagnetic Induction,Physics
930,57,8,2026-01-12,3120,15,0.263,True,Algebra Expressions and Linear Equations,Mathematics
2785,57,11,2026-01-13,1620,17,0.213,True,Statistics Data Collection and Representation,Mathematics
954,57,57,2026-01-17,3240,18,0.266,False,Atomic Structure and Nuclear Physics,Physics
3706,57,1,2026-01-19,2400,15,0.158,True,Sets and Venn Diagrams,Mathematics
3796,57,25,2026-01-20,3120,31,0.141,True,Logarithmic and Exponential Functions,Mathematics
3601,57,60,2026-01-31,3900,15,0.199,True,Optics Interference and Diffraction,Physics
4096,57,13,2026-02-08,3600,20,0.094,True,Algebra Quadratic Equations and Inequalities,Mathematics
3761,57,30,2026-02-16,3600,19,0.197,True,Vectors and Transformations,Mathematics
227,57,37,2026-02-20,3120,6,0.176,False,Energy Forms and Conservation,Physics
4767,57,53,2026-02-21,4380,21,0.159,True,Kinematics and Projectile Motion,Physics
3455,57,7,2026-02-23,2460,48,0.364,True,Algebra Expressions and Linear Equations,Mathematics
3770,57,32,2026-02-26,3780,1,0.174,True,Probability and Statistical Distributions,Mathematics
322,58,57,2025-09-03,2580,57,0.346,True,Atomic Structure and Nuclear Physics,Physics
2737,58,60,2025-09-07,3420,54,0.284,True,Optics Interference and Diffraction,Physics
1707,58,18,2025-09-10,2700,11,0.341,True,Geometry Circles Polygons and Constructions,Mathematics
972,58,47,2025-09-12,2160,22,0.253,True,Wave Properties Sound and Light,Physics
1560,58,53,2025-09-26,3240,25,0.283,True,Kinematics and Projectile Motion,Physics
3930,58,58,2025-10-01,4260,20,0.21,True,Electromagnetic Induction,Physics
1760,58,29,2025-10-05,3780,12,0.173,False,Introduction to Calculus Differentiation,Mathematics
1523,58,3,2025-10-08,1800,29,0.32,True,Whole Numbers and Number Theory,Mathematics
2279,58,20,2025-10-09,2760,24,0.195,True,Trigonometry Introduction to Ratios,Mathematics
4023,58,1,2025-10-12,3180,30,0.362,True,Sets and Venn Diagrams,Mathematics
2860,58,52,2025-10-16,2520,55,0.391,True,Kinematics and Projectile Motion,Physics
1932,58,35,2025-10-28,3660,27,0.386,True,Forces and Newtons Laws,Physics
1030,58,35,2025-11-02,2520,32,0.354,True,Forces and Newtons Laws,Physics
744,58,24,2025-11-17,3480,17,0.235,True,Algebra Polynomials and Rational Expressions,Mathematics
1021,58,17,2025-11-21,3420,22,0.34,True,Geometry Circles Polygons and Constructions,Mathematics
1565,58,3,2025-11-21,1740,44,0.348,True,Whole Numbers and Number Theory,Mathematics
2715,58,48,2025-11-22,3060,39,0.361,True,Wave Properties Sound and Light,Physics
4123,58,19,2025-11-24,1860,7,0.237,True,Trigonometry Introduction to Ratios,Mathematics
1001,58,52,2025-12-06,3600,35,0.258,True,Kinematics and Projectile Motion,Physics
36,58,19,2025-12-23,2100,42,0.226,True,Trigonometry Introduction to Ratios,Mathematics
731,58,17,2025-12-25,3660,23,0.222,True,Geometry Circles Polygons and Constructions,Mathematics
4645,58,53,2026-01-04,3000,49,0.482,True,Kinematics and Projectile Motion,Physics
546,58,36,2026-01-07,3480,20,0.263,True,Forces and Newtons Laws,Physics
4075,58,43,2026-01-22,2340,15,0.303,True,Mechanics Work Energy and Power,Physics
4578,58,51,2026-01-30,1980,26,0.221,True,Electromagnetism Basic Concepts,Physics
1879,58,21,2026-02-04,1800,38,0.259,True,Statistics Measures of Central Tendency,Mathematics
2571,58,48,2026-02-06,3060,40,0.298,True,Wave Properties Sound and Light,Physics
2993,58,43,2026-02-11,3780,39,0.287,False,Mechanics Work Energy and Power,Physics
4465,58,19,2026-02-21,2100,8,0.224,True,Trigonometry Introduction to Ratios,Mathematics
1452,58,3,2026-02-28,2880,18,0.294,True,Whole Numbers and Number Theory,Mathematics
940,59,45,2025-09-01,1920,13,0.257,True,Thermal Physics and Heat Transfer,Physics
925,59,13,2025-09-20,3360,25,0.27,True,Algebra Quadratic Equations and Inequalities,Mathematics
71,59,53,2025-09-21,4440,31,0.254,True,Kinematics and Projectile Motion,Physics
41,59,40,2025-09-24,3420,17,0.259,True,Light Reflection and Refraction,Physics
1528,59,47,2025-09-26,3300,32,0.258,True,Wave Properties Sound and Light,Physics
2447,59,37,2025-10-04,2100,19,0.251,True,Energy Forms and Conservation,Physics
1276,59,2,2025-10-07,2160,30,0.383,True,Sets and Venn Diagrams,Mathematics
2766,59,8,2025-10-09,2700,18,0.183,True,Algebra Expressions and Linear Equations,Mathematics
4632,59,32,2025-10-09,3960,36,0.322,True,Probability and Statistical Distributions,Mathematics
4315,59,56,2025-10-11,4200,2,0.15,True,Atomic Structure and Nuclear Physics,Physics
4477,59,3,2025-10-13,2940,28,0.234,True,Whole Numbers and Number Theory,Mathematics
596,59,17,2025-10-20,3300,15,0.221,True,Geometry Circles Polygons and Constructions,Mathematics
2822,59,23,2025-10-21,2940,21,0.288,True,Algebra Polynomials and Rational Expressions,Mathematics
3058,59,15,2025-10-25,3420,19,0.319,True,Functions and Graphs,Mathematics
1063,59,43,2025-10-28,2280,19,0.218,False,Mechanics Work Energy and Power,Physics
594,59,16,2025-11-01,2940,20,0.225,True,Functions and Graphs,Mathematics
901,59,59,2025-11-03,2820,25,0.246,True,Electromagnetic Induction,Physics
3562,59,12,2025-11-03,2160,15,0.227,True,Statistics Data Collection and Representation,Mathematics
4745,59,33,2025-11-13,1920,37,0.318,True,Physical Quantities and Units,Physics
24,59,36,2025-11-16,3120,37,0.333,True,Forces and Newtons Laws,Physics
4030,59,59,2025-11-21,2640,41,0.278,False,Electromagnetic Induction,Physics
4608,59,53,2025-11-29,4080,4,0.222,True,Kinematics and Projectile Motion,Physics
492,59,2,2025-12-11,3600,27,0.301,True,Sets and Venn Diagrams,Mathematics
3858,59,6,2025-12-14,1920,32,0.341,True,Fractions Decimals and Percentages,Mathematics
76,59,55,2025-12-16,2760,40,0.255,True,Electricity AC Circuits and Electronics,Physics
4991,59,26,2025-12-18,3180,23,0.256,True,Logarithmic and Exponential Functions,Mathematics
2219,59,34,2025-12-23,1980,22,0.208,True,Physical Quantities and Units,Physics
3388,59,24,2025-12-31,3180,44,0.378,True,Algebra Polynomials and Rational Expressions,Mathematics
1233,59,23,2026-01-03,2640,13,0.2,False,Algebra Polynomials and Rational Expressions,Mathematics
3483,59,41,2026-01-04,2100,45,0.285,True,Matter States and Properties,Physics
1789,59,25,2026-01-12,3180,30,0.27,True,Logarithmic and Exponential Functions,Mathematics
1226,59,43,2026-01-16,3180,23,0.252,True,Mechanics Work Energy and Power,Physics
3033,59,28,2026-01-16,4500,46,0.259,True,Introduction to Calculus Differentiation,Mathematics
3591,59,5,2026-01-19,2700,43,0.315,True,Fractions Decimals and Percentages,Mathematics
3262,59,60,2026-01-23,3060,14,0.212,True,Optics Interference and Diffraction,Physics
34,59,60,2026-01-27,2820,26,0.246,True,Optics Interference and Diffraction,Physics
4915,59,4,2026-01-28,2580,47,0.24,True,Whole Numbers and Number Theory,Mathematics
4631,59,15,2026-01-30,2220,19,0.31,True,Functions and Graphs,Mathematics
2942,59,35,2026-02-05,3300,23,0.322,True,Forces and Newtons Laws,Physics
1103,59,5,2026-02-06,2580,46,0.278,True,Fractions Decimals and Percentages,Mathematics
4328,59,55,2026-02-25,2340,24,0.356,True,Electricity AC Circuits and Electronics,Physics
4726,60,41,2025-10-03,1800,12,0.197,True,Matter States and Properties,Physics
807,60,16,2025-10-06,3600,17,0.188,True,Functions and Graphs,Mathematics
3846,60,7,2025-10-06,3000,25,0.201,True,Algebra Expressions and Linear Equations,Mathematics
3292,60,31,2025-10-07,3840,24,0.175,True,Probability and Statistical Distributions,Mathematics
3816,60,21,2025-10-11,2820,20,0.205,True,Statistics Measures of Central Tendency,Mathematics
1009,60,53,2025-10-19,3840,13,0.127,True,Kinematics and Projectile Motion,Physics
2780,60,42,2025-10-22,2040,14,0.144,True,Matter States and Properties,Physics
1778,60,29,2025-10-23,3240,0,0.231,True,Introduction to Calculus Differentiation,Mathematics
1634,60,54,2025-11-07,3480,26,0.19,True,Electricity AC Circuits and Electronics,Physics
1910,60,17,2025-11-14,3900,11,0.168,True,Geometry Circles Polygons and Constructions,Mathematics
358,60,29,2025-11-15,3060,18,0.193,False,Introduction to Calculus Differentiation,Mathematics
2378,60,46,2025-11-19,3420,0,0.137,True,Thermal Physics and Heat Transfer,Physics
1379,60,49,2025-11-28,3840,22,0.177,True,Electricity DC Circuits and Ohms Law,Physics
4287,60,7,2025-12-15,3660,7,0.167,True,Algebra Expressions and Linear Equations,Mathematics
4345,60,1,2025-12-22,3120,13,0.22,True,Sets and Venn Diagrams,Mathematics
3347,60,51,2026-01-13,3060,26,0.247,True,Electromagnetism Basic Concepts,Physics
2890,60,28,2026-01-18,3240,35,0.208,True,Introduction to Calculus Differentiation,Mathematics
2218,60,5,2026-01-26,1920,3,0.171,True,Fractions Decimals and Percentages,Mathematics
2538,60,15,2026-02-14,2940,27,0.193,True,Functions and Graphs,Mathematics
819,60,26,2026-02-15,2520,16,0.236,True,Logarithmic and Exponential Functions,Mathematics
4637,60,58,2026-02-15,3540,2,0.106,False,Electromagnetic Induction,Physics
2141,60,16,2026-02-16,2520,42,0.213,True,Functions and Graphs,Mathematics
4236,60,46,2026-02-22,3480,18,0.114,True,Thermal Physics and Heat Transfer,Physics
2130,60,4,2026-02-23,1440,14,0.139,True,Whole Numbers and Number Theory,Mathematics
2230,60,38,2026-02-27,1980,0,0.128,True,Energy Forms and Conservation,Physics
2389,61,7,2025-09-09,2100,33,0.368,True,Algebra Expressions and Linear Equations,Mathematics
2390,61,34,2025-09-25,2640,28,0.282,True,Physical Quantities and Units,Physics
2276,61,54,2025-09-26,2580,59,0.229,False,Electricity AC Circuits and Electronics,Physics
770,61,26,2025-10-02,2220,37,0.303,True,Logarithmic and Exponential Functions,Mathematics
1820,61,12,2025-10-13,2220,36,0.29,False,Statistics Data Collection and Representation,Mathematics
3334,61,56,2025-10-13,3540,31,0.399,True,Atomic Structure and Nuclear Physics,Physics
4087,61,43,2025-10-20,3180,19,0.242,True,Mechanics Work Energy and Power,Physics
4211,61,53,2025-10-22,4080,21,0.261,True,Kinematics and Projectile Motion,Physics
2385,61,38,2025-11-04,3060,28,0.285,True,Energy Forms and Conservation,Physics
2685,61,28,2025-11-19,3420,39,0.388,True,Introduction to Calculus Differentiation,Mathematics
2393,61,46,2025-11-22,2220,25,0.272,False,Thermal Physics and Heat Transfer,Physics
2603,61,32,2025-11-24,3840,38,0.279,False,Probability and Statistical Distributions,Mathematics
577,61,29,2025-11-27,3240,32,0.331,False,Introduction to Calculus Differentiation,Mathematics
1036,61,46,2025-11-30,2280,29,0.254,True,Thermal Physics and Heat Transfer,Physics
2293,61,60,2025-12-15,3960,34,0.299,True,Optics Interference and Diffraction,Physics
4549,61,60,2025-12-24,2340,40,0.438,True,Optics Interference and Diffraction,Physics
857,61,57,2026-01-01,3420,38,0.327,False,Atomic Structure and Nuclear Physics,Physics
3400,61,56,2026-01-05,2700,34,0.468,True,Atomic Structure and Nuclear Physics,Physics
3929,61,3,2026-01-10,2580,25,0.243,False,Whole Numbers and Number Theory,Mathematics
2085,61,8,2026-01-11,3240,38,0.308,False,Algebra Expressions and Linear Equations,Mathematics
3880,61,60,2026-01-18,2640,36,0.343,False,Optics Interference and Diffraction,Physics
3174,61,13,2026-01-25,2940,15,0.227,True,Algebra Quadratic Equations and Inequalities,Mathematics
4664,61,17,2026-02-01,2280,34,0.345,True,Geometry Circles Polygons and Constructions,Mathematics
796,61,18,2026-02-07,3480,53,0.306,True,Geometry Circles Polygons and Constructions,Mathematics
3486,61,27,2026-02-18,3780,27,0.271,True,Trigonometry Advanced Applications,Mathematics
1938,61,10,2026-02-23,2280,23,0.278,True,Geometry Lines Angles and Triangles,Mathematics
2948,61,50,2026-02-27,3660,9,0.252,True,Electricity DC Circuits and Ohms Law,Physics
411,62,43,2025-09-07,2820,37,0.213,True,Mechanics Work Energy and Power,Physics
1564,62,26,2025-09-09,2400,28,0.295,True,Logarithmic and Exponential Functions,Mathematics
4105,62,41,2025-09-16,1800,18,0.271,True,Matter States and Properties,Physics
4483,62,57,2025-09-23,4140,35,0.293,True,Atomic Structure and Nuclear Physics,Physics
3371,62,12,2025-09-25,3060,29,0.245,True,Statistics Data Collection and Representation,Mathematics
3844,62,20,2025-09-26,2280,46,0.449,True,Trigonometry Introduction to Ratios,Mathematics
3837,62,60,2025-09-27,3300,22,0.275,True,Optics Interference and Diffraction,Physics
1557,62,20,2025-10-13,2820,52,0.398,True,Trigonometry Introduction to Ratios,Mathematics
3962,62,14,2025-10-13,3240,29,0.329,True,Algebra Quadratic Equations and Inequalities,Mathematics
4626,62,48,2025-10-14,3660,32,0.244,True,Wave Properties Sound and Light,Physics
1676,62,60,2025-10-25,3480,35,0.224,False,Optics Interference and Diffraction,Physics
4056,62,9,2025-10-27,2880,55,0.359,True,Geometry Lines Angles and Triangles,Mathematics
303,62,44,2025-10-31,2640,19,0.224,True,Mechanics Work Energy and Power,Physics
3319,62,38,2025-11-06,2340,51,0.306,True,Energy Forms and Conservation,Physics
3201,62,51,2025-11-08,2940,22,0.274,True,Electromagnetism Basic Concepts,Physics
1698,62,23,2025-11-10,2580,41,0.271,True,Algebra Polynomials and Rational Expressions,Mathematics
4527,62,51,2025-11-11,2580,30,0.281,False,Electromagnetism Basic Concepts,Physics
981,62,5,2025-11-16,3300,28,0.313,True,Fractions Decimals and Percentages,Mathematics
1713,62,28,2025-11-16,3600,17,0.255,True,Introduction to Calculus Differentiation,Mathematics
3644,62,37,2025-11-30,1980,30,0.363,True,Energy Forms and Conservation,Physics
3914,62,16,2025-12-15,2340,19,0.234,True,Functions and Graphs,Mathematics
4822,62,24,2025-12-19,3540,18,0.302,True,Algebra Polynomials and Rational Expressions,Mathematics
57,62,19,2025-12-28,3000,18,0.301,True,Trigonometry Introduction to Ratios,Mathematics
2677,62,34,2026-01-09,2220,8,0.269,True,Physical Quantities and Units,Physics
924,62,45,2026-01-14,3000,24,0.291,True,Thermal Physics and Heat Transfer,Physics
3382,62,26,2026-01-14,2760,26,0.274,False,Logarithmic and Exponential Functions,Mathematics
663,62,23,2026-01-18,3240,3,0.268,True,Algebra Polynomials and Rational Expressions,Mathematics
1512,62,20,2026-01-24,3240,19,0.328,True,Trigonometry Introduction to Ratios,Mathematics
4855,62,39,2026-01-29,1800,38,0.223,True,Light Reflection and Refraction,Physics
3417,62,33,2026-01-31,2580,19,0.342,True,Physical Quantities and Units,Physics
1359,62,32,2026-02-08,4080,23,0.259,True,Probability and Statistical Distributions,Mathematics
688,62,9,2026-02-21,4080,33,0.262,False,Geometry Lines Angles and Triangles,Mathematics
2606,62,14,2026-02-23,3660,27,0.287,True,Algebra Quadratic Equations and Inequalities,Mathematics
4073,62,51,2026-02-25,3360,25,0.262,True,Electromagnetism Basic Concepts,Physics
2424,62,57,2026-02-26,3120,45,0.27,True,Atomic Structure and Nuclear Physics,Physics
2983,63,41,2025-09-03,1680,25,0.341,True,Matter States and Properties,Physics
1983,63,4,2025-09-12,2580,41,0.266,True,Whole Numbers and Number Theory,Mathematics
2225,63,39,2025-09-18,2460,23,0.248,True,Light Reflection and Refraction,Physics
788,63,33,2025-09-28,2580,39,0.277,True,Physical Quantities and Units,Physics
4715,63,47,2025-10-02,3300,17,0.251,True,Wave Properties Sound and Light,Physics
1955,63,13,2025-10-10,2280,36,0.301,True,Algebra Quadratic Equations and Inequalities,Mathematics
1123,63,44,2025-10-14,2520,22,0.296,True,Mechanics Work Energy and Power,Physics
1507,63,48,2025-10-15,2280,11,0.239,True,Wave Properties Sound and Light,Physics
2191,63,44,2025-10-15,2940,32,0.368,True,Mechanics Work Energy and Power,Physics
2621,63,48,2025-10-19,2100,33,0.297,True,Wave Properties Sound and Light,Physics
2210,63,51,2025-10-20,2400,35,0.313,True,Electromagnetism Basic Concepts,Physics
3840,63,41,2025-10-23,2520,55,0.411,True,Matter States and Properties,Physics
706,63,16,2025-10-25,2820,14,0.26,True,Functions and Graphs,Mathematics
554,63,54,2025-11-12,3240,32,0.183,True,Electricity AC Circuits and Electronics,Physics
617,63,54,2025-11-21,3660,2,0.277,True,Electricity AC Circuits and Electronics,Physics
677,63,7,2025-11-22,3600,39,0.334,True,Algebra Expressions and Linear Equations,Mathematics
3520,63,13,2025-12-21,3120,56,0.343,True,Algebra Quadratic Equations and Inequalities,Mathematics
1867,63,15,2025-12-26,2400,34,0.364,True,Functions and Graphs,Mathematics
504,63,37,2025-12-27,2700,19,0.321,True,Energy Forms and Conservation,Physics
4746,63,43,2026-01-05,3240,51,0.416,True,Mechanics Work Energy and Power,Physics
3411,63,36,2026-01-12,3000,39,0.25,True,Forces and Newtons Laws,Physics
1577,63,54,2026-01-20,4140,31,0.264,True,Electricity AC Circuits and Electronics,Physics
4653,63,9,2026-01-25,2280,39,0.286,True,Geometry Lines Angles and Triangles,Mathematics
3640,63,5,2026-01-31,1980,22,0.297,True,Fractions Decimals and Percentages,Mathematics
526,63,21,2026-02-15,2940,37,0.297,True,Statistics Measures of Central Tendency,Mathematics
1299,64,42,2025-09-01,2040,15,0.252,True,Matter States and Properties,Physics
682,64,32,2025-09-11,2820,20,0.279,True,Probability and Statistical Distributions,Mathematics
2084,64,41,2025-09-11,1860,14,0.291,True,Matter States and Properties,Physics
4511,64,60,2025-09-11,2460,39,0.28,True,Optics Interference and Diffraction,Physics
3968,64,4,2025-09-14,1440,37,0.335,True,Whole Numbers and Number Theory,Mathematics
2507,64,32,2025-09-20,3300,39,0.317,False,Probability and Statistical Distributions,Mathematics
3331,64,7,2025-09-20,2940,19,0.347,True,Algebra Expressions and Linear Equations,Mathematics
429,64,48,2025-09-21,2340,37,0.313,True,Wave Properties Sound and Light,Physics
899,64,13,2025-09-25,3780,15,0.191,True,Algebra Quadratic Equations and Inequalities,Mathematics
2994,64,22,2025-10-01,3060,44,0.429,True,Numbers Surds and Indices,Mathematics
2382,64,57,2025-10-08,4020,22,0.302,True,Atomic Structure and Nuclear Physics,Physics
4248,64,25,2025-10-24,2640,23,0.377,True,Logarithmic and Exponential Functions,Mathematics
4771,64,18,2025-10-25,2400,34,0.347,True,Geometry Circles Polygons and Constructions,Mathematics
10,64,26,2025-11-06,2640,65,0.325,True,Logarithmic and Exponential Functions,Mathematics
3461,64,50,2025-11-12,3480,29,0.282,True,Electricity DC Circuits and Ohms Law,Physics
1805,64,22,2025-11-14,2760,30,0.375,True,Numbers Surds and Indices,Mathematics
4439,64,30,2025-11-16,2580,32,0.354,True,Vectors and Transformations,Mathematics
2559,64,14,2025-11-18,3540,28,0.241,True,Algebra Quadratic Equations and Inequalities,Mathematics
4518,64,27,2025-11-27,4200,31,0.352,True,Trigonometry Advanced Applications,Mathematics
2164,64,29,2025-12-03,2880,32,0.337,True,Introduction to Calculus Differentiation,Mathematics
1159,64,27,2025-12-06,4080,22,0.298,True,Trigonometry Advanced Applications,Mathematics
1478,64,41,2025-12-07,2400,18,0.253,True,Matter States and Properties,Physics
773,64,60,2025-12-08,3660,26,0.25,True,Optics Interference and Diffraction,Physics
2004,64,54,2025-12-09,3900,29,0.268,True,Electricity AC Circuits and Electronics,Physics
3137,64,5,2025-12-09,2880,21,0.289,True,Fractions Decimals and Percentages,Mathematics
3127,64,39,2025-12-17,2640,44,0.329,True,Light Reflection and Refraction,Physics
3263,64,5,2025-12-23,2520,60,0.442,True,Fractions Decimals and Percentages,Mathematics
4098,64,37,2025-12-31,1980,44,0.451,True,Energy Forms and Conservation,Physics
357,64,8,2026-01-02,2820,37,0.322,False,Algebra Expressions and Linear Equations,Mathematics
1635,64,28,2026-01-03,2760,33,0.33,True,Introduction to Calculus Differentiation,Mathematics
910,64,4,2026-01-07,1860,23,0.325,True,Whole Numbers and Number Theory,Mathematics
4391,64,52,2026-01-09,3300,16,0.196,True,Kinematics and Projectile Motion,Physics
4891,64,34,2026-01-10,2520,23,0.28,True,Physical Quantities and Units,Physics
1689,64,48,2026-01-12,2520,26,0.292,True,Wave Properties Sound and Light,Physics
3977,64,57,2026-01-15,4200,11,0.341,True,Atomic Structure and Nuclear Physics,Physics
3232,64,29,2026-01-19,2340,32,0.387,True,Introduction to Calculus Differentiation,Mathematics
2356,64,43,2026-01-22,3600,43,0.351,True,Mechanics Work Energy and Power,Physics
4564,64,25,2026-01-26,3720,40,0.457,True,Logarithmic and Exponential Functions,Mathematics
1620,64,15,2026-01-31,2280,26,0.322,True,Functions and Graphs,Mathematics
2997,64,45,2026-02-13,3240,39,0.233,True,Thermal Physics and Heat Transfer,Physics
4260,64,56,2026-02-16,3780,49,0.517,True,Atomic Structure and Nuclear Physics,Physics
2922,64,37,2026-02-17,2220,29,0.37,True,Energy Forms and Conservation,Physics
25,64,26,2026-02-18,3600,34,0.315,True,Logarithmic and Exponential Functions,Mathematics
1712,64,55,2026-02-19,2280,24,0.215,True,Electricity AC Circuits and Electronics,Physics
3210,64,5,2026-02-25,2400,48,0.362,True,Fractions Decimals and Percentages,Mathematics
497,65,44,2025-09-02,3240,22,0.241,True,Mechanics Work Energy and Power,Physics
883,65,29,2025-09-03,3840,22,0.25,False,Introduction to Calculus Differentiation,Mathematics
630,65,3,2025-09-13,1740,37,0.256,True,Whole Numbers and Number Theory,Mathematics
3237,65,17,2025-09-13,2760,21,0.264,False,Geometry Circles Polygons and Constructions,Mathematics
3490,65,36,2025-09-20,3060,24,0.273,False,Forces and Newtons Laws,Physics
289,65,47,2025-09-26,2820,14,0.172,True,Wave Properties Sound and Light,Physics
4523,65,10,2025-09-26,3360,34,0.255,False,Geometry Lines Angles and Triangles,Mathematics
4824,65,6,2025-09-27,2940,68,0.424,False,Fractions Decimals and Percentages,Mathematics
3453,65,52,2025-09-29,4140,24,0.249,True,Kinematics and Projectile Motion,Physics
3012,65,25,2025-10-16,3000,29,0.29,True,Logarithmic and Exponential Functions,Mathematics
4411,65,38,2025-10-23,2820,17,0.262,True,Energy Forms and Conservation,Physics
97,65,11,2025-10-25,2340,13,0.223,True,Statistics Data Collection and Representation,Mathematics
2399,65,43,2025-10-26,2100,17,0.276,False,Mechanics Work Energy and Power,Physics
3577,65,52,2025-11-05,2640,24,0.293,False,Kinematics and Projectile Motion,Physics
2201,65,13,2025-11-10,2400,38,0.247,True,Algebra Quadratic Equations and Inequalities,Mathematics
4830,65,56,2025-11-10,3480,23,0.22,True,Atomic Structure and Nuclear Physics,Physics
1078,65,12,2025-11-11,2280,28,0.286,False,Statistics Data Collection and Representation,Mathematics
975,65,51,2025-11-14,2400,15,0.245,True,Electromagnetism Basic Concepts,Physics
4366,65,8,2025-11-23,3060,31,0.288,True,Algebra Expressions and Linear Equations,Mathematics
2264,65,27,2025-12-07,3600,29,0.282,False,Trigonometry Advanced Applications,Mathematics
3404,65,19,2025-12-14,3480,19,0.209,True,Trigonometry Introduction to Ratios,Mathematics
680,65,6,2025-12-19,2400,31,0.269,True,Fractions Decimals and Percentages,Mathematics
3040,65,3,2025-12-27,3000,55,0.446,True,Whole Numbers and Number Theory,Mathematics
3924,65,58,2026-01-04,3360,33,0.217,False,Electromagnetic Induction,Physics
887,65,5,2026-01-05,2100,32,0.308,True,Fractions Decimals and Percentages,Mathematics
863,65,34,2026-01-14,1740,3,0.198,False,Physical Quantities and Units,Physics
812,65,7,2026-01-15,2460,43,0.243,False,Algebra Expressions and Linear Equations,Mathematics
3893,65,26,2026-01-17,2520,29,0.307,False,Logarithmic and Exponential Functions,Mathematics
1417,65,5,2026-01-18,1980,41,0.391,False,Fractions Decimals and Percentages,Mathematics
2692,65,2,2026-01-18,2880,34,0.27,False,Sets and Venn Diagrams,Mathematics
1148,65,33,2026-01-23,2040,6,0.245,True,Physical Quantities and Units,Physics
3421,65,23,2026-01-27,3660,25,0.253,False,Algebra Polynomials and Rational Expressions,Mathematics
1004,65,3,2026-01-29,1920,30,0.319,True,Whole Numbers and Number Theory,Mathematics
4066,65,44,2026-02-02,2400,25,0.338,False,Mechanics Work Energy and Power,Physics
2124,65,27,2026-02-03,4440,19,0.274,True,Trigonometry Advanced Applications,Mathematics
585,65,41,2026-02-06,2580,43,0.319,False,Matter States and Properties,Physics
4642,65,20,2026-02-09,2760,12,0.208,True,Trigonometry Introduction to Ratios,Mathematics
3060,65,33,2026-02-21,2580,32,0.347,True,Physical Quantities and Units,Physics
4649,65,19,2026-02-25,3180,18,0.245,True,Trigonometry Introduction to Ratios,Mathematics
1584,66,41,2025-09-23,2040,32,0.299,True,Matter States and Properties,Physics
4706,66,3,2025-09-29,3060,35,0.309,True,Whole Numbers and Number Theory,Mathematics
163,66,1,2025-10-01,2520,21,0.262,True,Sets and Venn Diagrams,Mathematics
4455,66,25,2025-10-02,2940,53,0.286,False,Logarithmic and Exponential Functions,Mathematics
386,66,14,2025-10-10,4140,45,0.446,True,Algebra Quadratic Equations and Inequalities,Mathematics
4617,66,8,2025-10-12,2820,37,0.377,True,Algebra Expressions and Linear Equations,Mathematics
1260,66,13,2025-10-13,2580,41,0.502,False,Algebra Quadratic Equations and Inequalities,Mathematics
1894,66,53,2025-10-15,3840,19,0.295,False,Kinematics and Projectile Motion,Physics
4932,66,33,2025-10-16,2640,31,0.424,True,Physical Quantities and Units,Physics
119,66,48,2025-10-21,3420,41,0.323,True,Wave Properties Sound and Light,Physics
3643,66,60,2025-10-31,4140,28,0.235,True,Optics Interference and Diffraction,Physics
3773,66,53,2025-11-01,3840,35,0.336,True,Kinematics and Projectile Motion,Physics
4558,66,24,2025-11-05,2220,45,0.285,True,Algebra Polynomials and Rational Expressions,Mathematics
1053,66,5,2025-11-13,2220,38,0.315,True,Fractions Decimals and Percentages,Mathematics
1791,66,48,2025-11-15,2400,42,0.366,False,Wave Properties Sound and Light,Physics
4399,66,53,2025-11-15,4020,33,0.372,True,Kinematics and Projectile Motion,Physics
4295,66,36,2025-11-19,3000,32,0.262,True,Forces and Newtons Laws,Physics
4962,66,8,2025-11-30,3300,45,0.44,True,Algebra Expressions and Linear Equations,Mathematics
718,66,44,2025-12-02,2400,23,0.203,False,Mechanics Work Energy and Power,Physics
4872,66,8,2025-12-03,2040,32,0.364,False,Algebra Expressions and Linear Equations,Mathematics
615,66,54,2025-12-08,3600,52,0.338,True,Electricity AC Circuits and Electronics,Physics
2133,66,33,2025-12-08,2100,29,0.352,True,Physical Quantities and Units,Physics
50,66,4,2025-12-12,1860,36,0.283,True,Whole Numbers and Number Theory,Mathematics
385,66,14,2025-12-17,2880,37,0.361,False,Algebra Quadratic Equations and Inequalities,Mathematics
4262,66,7,2025-12-18,2460,36,0.312,True,Algebra Expressions and Linear Equations,Mathematics
1816,66,29,2025-12-26,4020,37,0.282,True,Introduction to Calculus Differentiation,Mathematics
891,66,10,2025-12-27,3300,28,0.291,True,Geometry Lines Angles and Triangles,Mathematics
1696,66,11,2026-01-02,1920,13,0.265,False,Statistics Data Collection and Representation,Mathematics
1761,66,41,2026-01-04,1620,35,0.391,True,Matter States and Properties,Physics
3303,66,51,2026-01-04,2400,24,0.338,True,Electromagnetism Basic Concepts,Physics
933,66,10,2026-01-09,3660,22,0.394,True,Geometry Lines Angles and Triangles,Mathematics
1114,66,30,2026-01-10,4260,25,0.236,True,Vectors and Transformations,Mathematics
1016,66,49,2026-01-15,3360,28,0.284,True,Electricity DC Circuits and Ohms Law,Physics
4044,66,5,2026-01-16,3300,40,0.35,False,Fractions Decimals and Percentages,Mathematics
4152,66,16,2026-01-23,2700,34,0.276,False,Functions and Graphs,Mathematics
4192,66,58,2026-01-29,2520,32,0.34,False,Electromagnetic Induction,Physics
466,66,58,2026-02-12,2460,33,0.294,True,Electromagnetic Induction,Physics
3422,66,39,2026-02-12,2640,36,0.392,True,Light Reflection and Refraction,Physics
4757,66,23,2026-02-17,2520,26,0.308,True,Algebra Polynomials and Rational Expressions,Mathematics
324,66,55,2026-02-21,3420,34,0.293,False,Electricity AC Circuits and Electronics,Physics
1339,66,50,2026-02-24,4140,56,0.37,True,Electricity DC Circuits and Ohms Law,Physics
4755,66,1,2026-02-27,2040,33,0.372,False,Sets and Venn Diagrams,Mathematics
2247,67,27,2025-09-02,3840,19,0.237,True,Trigonometry Advanced Applications,Mathematics
3876,67,1,2025-09-03,3420,38,0.417,False,Sets and Venn Diagrams,Mathematics
4981,67,7,2025-09-20,3360,42,0.495,True,Algebra Expressions and Linear Equations,Mathematics
1965,67,41,2025-09-24,2580,42,0.354,True,Matter States and Properties,Physics
4108,67,39,2025-10-03,2640,44,0.4,True,Light Reflection and Refraction,Physics
3655,67,14,2025-10-04,4260,70,0.527,False,Algebra Quadratic Equations and Inequalities,Mathematics
4863,67,54,2025-10-20,2580,31,0.334,True,Electricity AC Circuits and Electronics,Physics
72,67,10,2025-10-30,3660,28,0.324,True,Geometry Lines Angles and Triangles,Mathematics
4392,67,36,2025-10-30,2940,35,0.299,True,Forces and Newtons Laws,Physics
148,67,1,2025-11-10,2880,23,0.307,True,Sets and Venn Diagrams,Mathematics
351,67,51,2025-11-15,3060,27,0.212,True,Electromagnetism Basic Concepts,Physics
780,67,46,2025-11-18,3780,42,0.299,True,Thermal Physics and Heat Transfer,Physics
2792,67,13,2025-11-19,3720,42,0.391,True,Algebra Quadratic Equations and Inequalities,Mathematics
885,67,32,2025-11-25,4020,28,0.303,True,Probability and Statistical Distributions,Mathematics
1720,67,15,2025-11-25,1980,53,0.339,False,Functions and Graphs,Mathematics
3356,67,13,2025-11-27,2580,35,0.466,True,Algebra Quadratic Equations and Inequalities,Mathematics
3723,67,8,2025-12-04,2640,46,0.358,True,Algebra Expressions and Linear Equations,Mathematics
1067,67,33,2025-12-06,2640,26,0.315,True,Physical Quantities and Units,Physics
4415,67,1,2025-12-07,1980,34,0.471,True,Sets and Venn Diagrams,Mathematics
416,67,20,2025-12-17,3120,16,0.235,True,Trigonometry Introduction to Ratios,Mathematics
4733,67,30,2025-12-17,3540,36,0.393,True,Vectors and Transformations,Mathematics
2477,67,8,2026-01-08,3060,36,0.323,True,Algebra Expressions and Linear Equations,Mathematics
4141,67,26,2026-01-11,3540,34,0.291,False,Logarithmic and Exponential Functions,Mathematics
1362,67,14,2026-01-16,3360,42,0.346,True,Algebra Quadratic Equations and Inequalities,Mathematics
1908,67,10,2026-01-20,3840,46,0.353,True,Geometry Lines Angles and Triangles,Mathematics
2697,67,51,2026-02-01,3120,11,0.262,True,Electromagnetism Basic Concepts,Physics
1179,67,16,2026-02-21,3660,21,0.303,True,Functions and Graphs,Mathematics
2981,67,11,2026-02-21,2700,42,0.361,True,Statistics Data Collection and Representation,Mathematics
4593,67,27,2026-02-24,2760,31,0.266,True,Trigonometry Advanced Applications,Mathematics
2375,68,16,2025-09-03,2400,37,0.304,True,Functions and Graphs,Mathematics
2989,68,13,2025-09-07,3600,21,0.355,True,Algebra Quadratic Equations and Inequalities,Mathematics
3431,68,44,2025-09-14,2400,34,0.437,True,Mechanics Work Energy and Power,Physics
2706,68,22,2025-09-23,2220,18,0.172,True,Numbers Surds and Indices,Mathematics
3549,68,28,2025-09-24,4440,12,0.257,True,Introduction to Calculus Differentiation,Mathematics
1383,68,4,2025-10-01,2280,13,0.196,True,Whole Numbers and Number Theory,Mathematics
3255,68,22,2025-10-08,3300,24,0.205,False,Numbers Surds and Indices,Mathematics
3113,68,45,2025-10-09,3480,32,0.266,True,Thermal Physics and Heat Transfer,Physics
2478,68,58,2025-10-11,3180,23,0.234,True,Electromagnetic Induction,Physics
3474,68,51,2025-10-14,2880,30,0.244,True,Electromagnetism Basic Concepts,Physics
1000,68,44,2025-10-19,3060,23,0.298,True,Mechanics Work Energy and Power,Physics
2739,68,18,2025-10-24,2220,4,0.193,True,Geometry Circles Polygons and Constructions,Mathematics
4738,68,34,2025-10-29,2520,25,0.24,True,Physical Quantities and Units,Physics
2698,68,56,2025-11-02,2940,20,0.252,True,Atomic Structure and Nuclear Physics,Physics
1241,68,28,2025-11-10,4080,12,0.207,True,Introduction to Calculus Differentiation,Mathematics
1084,68,47,2025-11-16,2220,15,0.2,False,Wave Properties Sound and Light,Physics
713,68,58,2025-11-21,2880,22,0.24,False,Electromagnetic Induction,Physics
222,68,59,2025-11-22,2820,54,0.246,True,Electromagnetic Induction,Physics
545,68,32,2025-11-22,3540,34,0.264,True,Probability and Statistical Distributions,Mathematics
4100,68,7,2025-11-25,2340,17,0.207,True,Algebra Expressions and Linear Equations,Mathematics
4807,68,20,2025-12-09,3300,23,0.245,True,Trigonometry Introduction to Ratios,Mathematics
3025,68,35,2025-12-10,2340,27,0.245,True,Forces and Newtons Laws,Physics
4813,68,42,2025-12-19,2340,16,0.254,True,Matter States and Properties,Physics
828,68,40,2025-12-22,2400,15,0.227,True,Light Reflection and Refraction,Physics
4353,68,51,2025-12-23,1980,26,0.291,True,Electromagnetism Basic Concepts,Physics
2508,68,5,2026-01-02,2280,11,0.204,True,Fractions Decimals and Percentages,Mathematics
2915,68,8,2026-01-02,2160,20,0.187,True,Algebra Expressions and Linear Equations,Mathematics
3896,68,41,2026-01-08,2640,19,0.233,True,Matter States and Properties,Physics
3198,68,42,2026-01-27,2820,22,0.204,True,Matter States and Properties,Physics
1160,68,58,2026-02-01,4140,29,0.258,True,Electromagnetic Induction,Physics
1779,68,30,2026-02-09,4260,41,0.38,True,Vectors and Transformations,Mathematics
1585,68,23,2026-02-17,2460,28,0.272,True,Algebra Polynomials and Rational Expressions,Mathematics
4039,68,25,2026-02-20,2820,31,0.321,True,Logarithmic and Exponential Functions,Mathematics
2318,68,12,2026-02-27,2400,26,0.247,True,Statistics Data Collection and Representation,Mathematics
128,69,37,2025-09-04,3240,26,0.338,False,Energy Forms and Conservation,Physics
695,69,24,2025-09-09,2280,23,0.265,False,Algebra Polynomials and Rational Expressions,Mathematics
3088,69,9,2025-09-11,4080,27,0.302,False,Geometry Lines Angles and Triangles,Mathematics
456,69,19,2025-09-14,2460,5,0.257,False,Trigonometry Introduction to Ratios,Mathematics
1995,69,26,2025-09-19,2160,14,0.343,False,Logarithmic and Exponential Functions,Mathematics
1609,69,12,2025-09-21,2880,37,0.219,True,Statistics Data Collection and Representation,Mathematics
1256,69,50,2025-10-01,3660,45,0.325,True,Electricity DC Circuits and Ohms Law,Physics
109,69,30,2025-10-03,2580,20,0.269,True,Vectors and Transformations,Mathematics
888,69,35,2025-10-05,3600,26,0.269,False,Forces and Newtons Laws,Physics
2106,69,39,2025-10-09,2940,13,0.215,True,Light Reflection and Refraction,Physics
1479,69,43,2025-10-15,2880,17,0.244,False,Mechanics Work Energy and Power,Physics
343,69,55,2025-10-19,3360,38,0.393,True,Electricity AC Circuits and Electronics,Physics
85,69,55,2025-10-27,2880,25,0.333,False,Electricity AC Circuits and Electronics,Physics
4129,69,60,2025-11-05,3000,36,0.314,True,Optics Interference and Diffraction,Physics
3235,69,36,2025-11-06,2340,33,0.299,True,Forces and Newtons Laws,Physics
4797,69,42,2025-11-12,1980,37,0.289,True,Matter States and Properties,Physics
1217,69,50,2025-11-16,2340,52,0.302,False,Electricity DC Circuits and Ohms Law,Physics
2342,69,50,2025-11-19,3060,30,0.334,True,Electricity DC Circuits and Ohms Law,Physics
769,69,15,2025-11-21,2220,43,0.363,True,Functions and Graphs,Mathematics
1881,69,27,2025-12-10,4260,37,0.257,False,Trigonometry Advanced Applications,Mathematics
26,69,51,2025-12-13,2820,21,0.275,True,Electromagnetism Basic Concepts,Physics
2889,69,58,2025-12-13,2460,27,0.323,False,Electromagnetic Induction,Physics
613,69,45,2025-12-16,3000,41,0.268,False,Thermal Physics and Heat Transfer,Physics
3853,69,12,2025-12-16,2940,12,0.275,True,Statistics Data Collection and Representation,Mathematics
4462,69,38,2025-12-18,2820,23,0.341,True,Energy Forms and Conservation,Physics
1930,69,28,2025-12-25,3960,33,0.304,True,Introduction to Calculus Differentiation,Mathematics
3729,69,40,2026-01-05,2640,25,0.311,False,Light Reflection and Refraction,Physics
4682,69,3,2026-01-09,2700,30,0.265,True,Whole Numbers and Number Theory,Mathematics
1624,69,44,2026-01-12,3240,40,0.257,False,Mechanics Work Energy and Power,Physics
1207,69,30,2026-01-16,3120,29,0.24,True,Vectors and Transformations,Mathematics
3442,69,26,2026-01-17,2880,54,0.398,True,Logarithmic and Exponential Functions,Mathematics
2882,69,15,2026-01-19,2100,51,0.431,True,Functions and Graphs,Mathematics
1599,69,39,2026-01-23,3000,15,0.299,False,Light Reflection and Refraction,Physics
2810,69,32,2026-01-25,4260,18,0.27,False,Probability and Statistical Distributions,Mathematics
225,69,30,2026-01-26,2760,19,0.223,False,Vectors and Transformations,Mathematics
1561,69,25,2026-01-26,2820,35,0.302,False,Logarithmic and Exponential Functions,Mathematics
2223,69,55,2026-01-29,2580,48,0.431,False,Electricity AC Circuits and Electronics,Physics
4153,69,46,2026-02-05,2340,26,0.302,False,Thermal Physics and Heat Transfer,Physics
4968,69,50,2026-02-05,3600,40,0.341,True,Electricity DC Circuits and Ohms Law,Physics
4397,69,33,2026-02-06,2040,23,0.241,False,Physical Quantities and Units,Physics
4492,69,33,2026-02-15,2760,26,0.263,True,Physical Quantities and Units,Physics
966,69,22,2026-02-17,3000,37,0.281,True,Numbers Surds and Indices,Mathematics
4363,69,54,2026-02-18,3120,46,0.417,False,Electricity AC Circuits and Electronics,Physics
3065,70,47,2025-09-05,2940,16,0.298,True,Wave Properties Sound and Light,Physics
1884,70,37,2025-09-12,2520,23,0.307,False,Energy Forms and Conservation,Physics
1927,70,23,2025-09-16,3180,35,0.304,True,Algebra Polynomials and Rational Expressions,Mathematics
3063,70,23,2025-09-19,2460,34,0.385,True,Algebra Polynomials and Rational Expressions,Mathematics
1753,70,33,2025-09-27,2340,33,0.297,True,Physical Quantities and Units,Physics
3550,70,12,2025-10-02,1680,11,0.273,True,Statistics Data Collection and Representation,Mathematics
4689,70,22,2025-10-03,3120,14,0.258,True,Numbers Surds and Indices,Mathematics
4853,70,57,2025-10-04,2640,18,0.287,False,Atomic Structure and Nuclear Physics,Physics
4333,70,38,2025-10-05,2160,11,0.366,True,Energy Forms and Conservation,Physics
2297,70,6,2025-10-15,2100,21,0.295,True,Fractions Decimals and Percentages,Mathematics
4051,70,55,2025-10-20,3840,32,0.323,True,Electricity AC Circuits and Electronics,Physics
1448,70,35,2025-10-24,3000,41,0.295,True,Forces and Newtons Laws,Physics
43,70,46,2025-10-28,3300,23,0.278,True,Thermal Physics and Heat Transfer,Physics
2563,70,9,2025-11-06,2520,44,0.352,True,Geometry Lines Angles and Triangles,Mathematics
35,70,40,2025-11-22,1860,26,0.255,True,Light Reflection and Refraction,Physics
2850,70,33,2025-11-27,2220,24,0.356,True,Physical Quantities and Units,Physics
4031,70,11,2025-11-27,2280,44,0.366,False,Statistics Data Collection and Representation,Mathematics
565,70,28,2025-11-29,4440,35,0.302,True,Introduction to Calculus Differentiation,Mathematics
4838,70,9,2025-12-19,3360,48,0.426,True,Geometry Lines Angles and Triangles,Mathematics
681,70,20,2025-12-23,2460,27,0.281,True,Trigonometry Introduction to Ratios,Mathematics
3325,70,51,2025-12-28,3120,15,0.267,True,Electromagnetism Basic Concepts,Physics
219,70,41,2026-01-07,2040,26,0.368,False,Matter States and Properties,Physics
2072,70,21,2026-01-07,2100,41,0.378,True,Statistics Measures of Central Tendency,Mathematics
1863,70,44,2026-01-09,2820,41,0.328,True,Mechanics Work Energy and Power,Physics
3656,70,14,2026-01-14,2880,30,0.327,True,Algebra Quadratic Equations and Inequalities,Mathematics
795,70,1,2026-01-19,2820,37,0.309,True,Sets and Venn Diagrams,Mathematics
1196,70,27,2026-01-22,3000,33,0.359,True,Trigonometry Advanced Applications,Mathematics
747,70,27,2026-01-27,3000,21,0.372,True,Trigonometry Advanced Applications,Mathematics
2818,70,45,2026-01-31,3480,30,0.287,True,Thermal Physics and Heat Transfer,Physics
3487,70,15,2026-02-05,3360,40,0.4,True,Functions and Graphs,Mathematics
4055,70,55,2026-02-05,2280,53,0.397,True,Electricity AC Circuits and Electronics,Physics
94,70,47,2026-02-12,3000,29,0.289,True,Wave Properties Sound and Light,Physics
4639,70,60,2026-02-19,2700,30,0.324,False,Optics Interference and Diffraction,Physics
3398,70,54,2026-02-28,3480,27,0.268,False,Electricity AC Circuits and Electronics,Physics
4900,71,30,2025-09-14,2640,33,0.273,True,Vectors and Transformations,Mathematics
515,71,9,2025-09-21,2400,26,0.283,True,Geometry Lines Angles and Triangles,Mathematics
211,71,14,2025-10-09,2820,18,0.276,True,Algebra Quadratic Equations and Inequalities,Mathematics
2346,71,55,2025-10-10,2100,19,0.21,True,Electricity AC Circuits and Electronics,Physics
4877,71,4,2025-10-13,2160,21,0.196,True,Whole Numbers and Number Theory,Mathematics
3681,71,60,2025-10-14,2820,21,0.219,True,Optics Interference and Diffraction,Physics
2907,71,39,2025-10-18,2400,53,0.364,True,Light Reflection and Refraction,Physics
830,71,57,2025-10-23,2400,14,0.296,True,Atomic Structure and Nuclear Physics,Physics
4368,71,19,2025-10-24,1920,17,0.255,True,Trigonometry Introduction to Ratios,Mathematics
921,71,16,2025-11-03,2700,19,0.263,True,Functions and Graphs,Mathematics
1632,71,46,2025-11-13,3540,32,0.317,True,Thermal Physics and Heat Transfer,Physics
4533,71,6,2025-11-22,2220,52,0.333,False,Fractions Decimals and Percentages,Mathematics
2786,71,49,2025-11-23,3300,58,0.427,True,Electricity DC Circuits and Ohms Law,Physics
1185,71,29,2025-11-27,4140,23,0.335,True,Introduction to Calculus Differentiation,Mathematics
1665,71,32,2025-12-04,3120,12,0.222,True,Probability and Statistical Distributions,Mathematics
4603,71,52,2025-12-10,2400,17,0.164,True,Kinematics and Projectile Motion,Physics
3328,71,31,2025-12-17,2820,25,0.27,True,Probability and Statistical Distributions,Mathematics
426,71,42,2025-12-19,2520,37,0.284,True,Matter States and Properties,Physics
3016,71,2,2025-12-23,2880,45,0.307,True,Sets and Venn Diagrams,Mathematics
63,71,3,2025-12-31,2280,4,0.177,True,Whole Numbers and Number Theory,Mathematics
3584,71,51,2026-01-04,1980,29,0.276,True,Electromagnetism Basic Concepts,Physics
2585,71,49,2026-01-14,3660,33,0.313,True,Electricity DC Circuits and Ohms Law,Physics
1860,71,11,2026-01-21,2640,20,0.387,True,Statistics Data Collection and Representation,Mathematics
2470,71,52,2026-01-21,3360,34,0.185,False,Kinematics and Projectile Motion,Physics
936,71,11,2026-01-23,2100,44,0.293,True,Statistics Data Collection and Representation,Mathematics
15,71,39,2026-01-26,2640,43,0.29,True,Light Reflection and Refraction,Physics
4474,71,32,2026-01-29,3000,27,0.211,True,Probability and Statistical Distributions,Mathematics
3590,71,31,2026-02-02,3480,15,0.219,True,Probability and Statistical Distributions,Mathematics
1844,71,13,2026-02-04,2400,45,0.249,True,Algebra Quadratic Equations and Inequalities,Mathematics
4661,71,36,2026-02-14,3300,13,0.201,True,Forces and Newtons Laws,Physics
1714,71,40,2026-02-16,2220,34,0.334,True,Light Reflection and Refraction,Physics
3569,71,45,2026-02-19,3000,40,0.29,True,Thermal Physics and Heat Transfer,Physics
379,72,39,2025-09-10,2760,29,0.32,True,Light Reflection and Refraction,Physics
974,72,42,2025-09-15,1740,25,0.252,True,Matter States and Properties,Physics
4217,72,29,2025-09-22,3840,50,0.337,True,Introduction to Calculus Differentiation,Mathematics
4859,72,5,2025-09-28,3180,18,0.298,True,Fractions Decimals and Percentages,Mathematics
3826,72,58,2025-10-01,2880,24,0.261,True,Electromagnetic Induction,Physics
1272,72,16,2025-10-03,2880,48,0.433,False,Functions and Graphs,Mathematics
2103,72,35,2025-10-06,2160,19,0.36,True,Forces and Newtons Laws,Physics
2894,72,18,2025-10-10,3420,13,0.197,False,Geometry Circles Polygons and Constructions,Mathematics
3343,72,57,2025-10-12,2700,38,0.254,True,Atomic Structure and Nuclear Physics,Physics
356,72,16,2025-11-05,2100,38,0.331,False,Functions and Graphs,Mathematics
92,72,39,2025-12-10,2580,15,0.255,True,Light Reflection and Refraction,Physics
4396,72,51,2025-12-19,2100,53,0.503,True,Electromagnetism Basic Concepts,Physics
2329,72,52,2025-12-23,2580,20,0.245,True,Kinematics and Projectile Motion,Physics
3212,72,57,2025-12-27,3060,26,0.277,True,Atomic Structure and Nuclear Physics,Physics
4679,72,20,2026-01-04,2400,17,0.276,True,Trigonometry Introduction to Ratios,Mathematics
643,72,8,2026-01-08,2580,15,0.3,True,Algebra Expressions and Linear Equations,Mathematics
2434,72,51,2026-01-08,2340,48,0.454,True,Electromagnetism Basic Concepts,Physics
2139,72,26,2026-01-15,3480,35,0.366,True,Logarithmic and Exponential Functions,Mathematics
4606,72,34,2026-01-19,2460,28,0.332,False,Physical Quantities and Units,Physics
4040,72,52,2026-01-21,2340,37,0.246,True,Kinematics and Projectile Motion,Physics
519,72,51,2026-02-10,3000,40,0.333,True,Electromagnetism Basic Concepts,Physics
4229,72,47,2026-02-12,2160,10,0.26,True,Wave Properties Sound and Light,Physics
394,72,60,2026-02-13,4200,9,0.208,True,Optics Interference and Diffraction,Physics
1926,72,25,2026-02-22,2400,9,0.232,False,Logarithmic and Exponential Functions,Mathematics
54,72,43,2026-02-26,2520,25,0.301,True,Mechanics Work Energy and Power,Physics
244,73,37,2025-09-01,3360,21,0.266,True,Energy Forms and Conservation,Physics
1464,73,32,2025-09-16,4020,38,0.246,True,Probability and Statistical Distributions,Mathematics
4133,73,39,2025-09-16,2220,10,0.233,True,Light Reflection and Refraction,Physics
605,73,20,2025-09-27,2220,25,0.314,True,Trigonometry Introduction to Ratios,Mathematics
3427,73,17,2025-09-28,3900,36,0.291,True,Geometry Circles Polygons and Constructions,Mathematics
2738,73,52,2025-10-01,2520,27,0.28,True,Kinematics and Projectile Motion,Physics
878,73,28,2025-10-16,2700,43,0.328,True,Introduction to Calculus Differentiation,Mathematics
330,73,39,2025-10-21,1860,32,0.288,True,Light Reflection and Refraction,Physics
4600,73,57,2025-10-28,3180,50,0.342,True,Atomic Structure and Nuclear Physics,Physics
1057,73,44,2025-11-01,2220,21,0.282,True,Mechanics Work Energy and Power,Physics
4273,73,23,2025-12-08,4260,14,0.224,True,Algebra Polynomials and Rational Expressions,Mathematics
1435,73,23,2025-12-10,3540,0,0.197,True,Algebra Polynomials and Rational Expressions,Mathematics
3299,73,7,2025-12-16,3660,21,0.232,True,Algebra Expressions and Linear Equations,Mathematics
1617,73,16,2025-12-18,2520,46,0.227,True,Functions and Graphs,Mathematics
984,73,41,2025-12-19,2100,31,0.259,True,Matter States and Properties,Physics
4255,73,7,2025-12-22,3060,1,0.192,True,Algebra Expressions and Linear Equations,Mathematics
4284,73,24,2026-01-13,2400,35,0.317,True,Algebra Polynomials and Rational Expressions,Mathematics
1490,73,55,2026-01-18,2340,43,0.273,True,Electricity AC Circuits and Electronics,Physics
1005,73,48,2026-01-22,3240,44,0.313,True,Wave Properties Sound and Light,Physics
2425,73,6,2026-01-24,2340,27,0.238,True,Fractions Decimals and Percentages,Mathematics
2063,73,10,2026-01-27,2220,22,0.301,True,Geometry Lines Angles and Triangles,Mathematics
1510,73,46,2026-01-30,3300,34,0.294,True,Thermal Physics and Heat Transfer,Physics
3147,73,20,2026-02-02,3600,59,0.46,True,Trigonometry Introduction to Ratios,Mathematics
1771,73,46,2026-02-07,2220,30,0.307,True,Thermal Physics and Heat Transfer,Physics
2469,73,37,2026-02-08,2640,40,0.391,True,Energy Forms and Conservation,Physics
2900,73,44,2026-02-12,2940,26,0.275,True,Mechanics Work Energy and Power,Physics
1971,73,2,2026-02-14,3180,32,0.324,True,Sets and Venn Diagrams,Mathematics
3810,73,13,2026-02-20,3060,23,0.241,False,Algebra Quadratic Equations and Inequalities,Mathematics
4812,73,53,2026-02-21,3300,16,0.254,True,Kinematics and Projectile Motion,Physics
1162,73,19,2026-02-25,2580,39,0.409,True,Trigonometry Introduction to Ratios,Mathematics
4049,73,13,2026-02-26,2580,15,0.261,True,Algebra Quadratic Equations and Inequalities,Mathematics
4652,73,16,2026-02-27,2760,31,0.333,False,Functions and Graphs,Mathematics
2689,74,56,2025-09-01,4200,35,0.437,False,Atomic Structure and Nuclear Physics,Physics
4240,74,19,2025-09-03,1980,7,0.321,False,Trigonometry Introduction to Ratios,Mathematics
2022,74,30,2025-09-11,2760,16,0.297,True,Vectors and Transformations,Mathematics
4684,74,31,2025-09-12,3300,40,0.341,True,Probability and Statistical Distributions,Mathematics
3211,74,46,2025-09-17,3840,26,0.373,False,Thermal Physics and Heat Transfer,Physics
3316,74,15,2025-09-18,2160,44,0.387,False,Functions and Graphs,Mathematics
3722,74,15,2025-09-24,3360,37,0.413,True,Functions and Graphs,Mathematics
1883,74,54,2025-09-28,3180,55,0.391,True,Electricity AC Circuits and Electronics,Physics
2682,74,29,2025-10-09,2700,47,0.242,False,Introduction to Calculus Differentiation,Mathematics
2783,74,8,2025-10-10,2640,24,0.334,False,Algebra Expressions and Linear Equations,Mathematics
587,74,47,2025-10-17,2700,23,0.279,True,Wave Properties Sound and Light,Physics
1882,74,15,2025-10-19,2220,42,0.414,True,Functions and Graphs,Mathematics
2317,74,23,2025-10-31,2940,53,0.414,True,Algebra Polynomials and Rational Expressions,Mathematics
4486,74,60,2025-11-08,4080,62,0.42,False,Optics Interference and Diffraction,Physics
4171,74,9,2025-11-12,3420,22,0.308,True,Geometry Lines Angles and Triangles,Mathematics
854,74,56,2025-11-13,3180,43,0.343,True,Atomic Structure and Nuclear Physics,Physics
3872,74,37,2025-11-15,3360,38,0.325,False,Energy Forms and Conservation,Physics
4324,74,21,2025-11-23,2580,42,0.362,True,Statistics Measures of Central Tendency,Mathematics
893,74,1,2025-11-26,2640,48,0.318,True,Sets and Venn Diagrams,Mathematics
4506,74,28,2025-11-27,3780,11,0.255,True,Introduction to Calculus Differentiation,Mathematics
4793,74,11,2025-12-22,2040,11,0.225,True,Statistics Data Collection and Representation,Mathematics
2388,74,60,2025-12-23,2640,28,0.388,True,Optics Interference and Diffraction,Physics
2961,74,16,2025-12-28,3120,40,0.42,True,Functions and Graphs,Mathematics
919,74,16,2025-12-30,2400,44,0.344,True,Functions and Graphs,Mathematics
4149,74,38,2025-12-31,1740,30,0.304,True,Energy Forms and Conservation,Physics
3032,74,19,2026-01-02,3060,30,0.328,False,Trigonometry Introduction to Ratios,Mathematics
4228,74,39,2026-01-07,2880,38,0.351,True,Light Reflection and Refraction,Physics
135,74,21,2026-01-16,2760,12,0.288,True,Statistics Measures of Central Tendency,Mathematics
4768,74,48,2026-01-17,3720,29,0.317,True,Wave Properties Sound and Light,Physics
250,74,27,2026-01-19,2580,27,0.239,True,Trigonometry Advanced Applications,Mathematics
3086,74,53,2026-01-20,3720,29,0.364,True,Kinematics and Projectile Motion,Physics
1708,74,54,2026-01-25,4140,35,0.32,True,Electricity AC Circuits and Electronics,Physics
4226,74,37,2026-02-13,3060,43,0.316,True,Energy Forms and Conservation,Physics
2596,74,52,2026-02-16,2400,35,0.291,False,Kinematics and Projectile Motion,Physics
1750,74,8,2026-02-21,2280,29,0.296,True,Algebra Expressions and Linear Equations,Mathematics
1618,74,57,2026-02-22,3360,30,0.38,True,Atomic Structure and Nuclear Physics,Physics
2827,74,60,2026-02-26,3600,37,0.378,False,Optics Interference and Diffraction,Physics
3105,75,49,2025-09-02,3000,24,0.273,True,Electricity DC Circuits and Ohms Law,Physics
4058,75,14,2025-09-10,4020,28,0.307,False,Algebra Quadratic Equations and Inequalities,Mathematics
3748,75,28,2025-09-12,2520,15,0.216,False,Introduction to Calculus Differentiation,Mathematics
2579,75,59,2025-09-26,2760,34,0.239,True,Electromagnetic Induction,Physics
52,75,26,2025-09-28,3000,5,0.182,True,Logarithmic and Exponential Functions,Mathematics
3326,75,36,2025-10-05,2940,29,0.313,False,Forces and Newtons Laws,Physics
2601,75,1,2025-10-10,2460,42,0.235,True,Sets and Venn Diagrams,Mathematics
2180,75,17,2025-10-12,2460,39,0.244,True,Geometry Circles Polygons and Constructions,Mathematics
3623,75,57,2025-10-23,2640,32,0.167,True,Atomic Structure and Nuclear Physics,Physics
4514,75,57,2025-11-08,4020,28,0.236,True,Atomic Structure and Nuclear Physics,Physics
3098,75,37,2025-11-09,2160,26,0.307,True,Energy Forms and Conservation,Physics
2309,75,25,2025-11-21,2700,27,0.163,True,Logarithmic and Exponential Functions,Mathematics
3004,75,38,2025-11-22,3060,24,0.23,False,Energy Forms and Conservation,Physics
2807,75,30,2025-11-29,3060,37,0.344,True,Vectors and Transformations,Mathematics
604,75,30,2025-12-05,3600,16,0.29,True,Vectors and Transformations,Mathematics
2177,75,49,2025-12-12,2520,30,0.242,True,Electricity DC Circuits and Ohms Law,Physics
1223,75,8,2025-12-17,1980,28,0.286,True,Algebra Expressions and Linear Equations,Mathematics
1290,75,30,2025-12-19,2640,31,0.313,True,Vectors and Transformations,Mathematics
1734,75,32,2025-12-27,2340,18,0.176,False,Probability and Statistical Distributions,Mathematics
3096,75,52,2025-12-31,2460,18,0.228,True,Kinematics and Projectile Motion,Physics
4985,75,53,2026-01-01,4440,22,0.307,True,Kinematics and Projectile Motion,Physics
614,75,15,2026-01-07,2220,10,0.253,True,Functions and Graphs,Mathematics
1622,75,11,2026-01-21,2640,30,0.31,True,Statistics Data Collection and Representation,Mathematics
4456,75,45,2026-01-23,2160,24,0.227,True,Thermal Physics and Heat Transfer,Physics
2000,75,12,2026-01-26,2220,37,0.376,True,Statistics Data Collection and Representation,Mathematics
432,75,14,2026-01-28,2340,28,0.229,True,Algebra Quadratic Equations and Inequalities,Mathematics
3730,75,48,2026-02-13,3180,21,0.227,True,Wave Properties Sound and Light,Physics
2198,75,24,2026-02-20,2760,13,0.252,True,Algebra Polynomials and Rational Expressions,Mathematics
953,75,46,2026-02-22,2160,21,0.247,True,Thermal Physics and Heat Transfer,Physics
49,75,30,2026-02-26,2820,24,0.234,True,Vectors and Transformations,Mathematics
2999,75,51,2026-02-26,3420,23,0.267,False,Electromagnetism Basic Concepts,Physics
2573,76,47,2025-09-03,2280,26,0.298,True,Wave Properties Sound and Light,Physics
647,76,52,2025-09-05,4080,28,0.295,True,Kinematics and Projectile Motion,Physics
3265,76,13,2025-09-11,2100,23,0.314,True,Algebra Quadratic Equations and Inequalities,Mathematics
55,76,11,2025-09-13,2160,45,0.327,True,Statistics Data Collection and Representation,Mathematics
2816,76,23,2025-09-14,3120,37,0.292,True,Algebra Polynomials and Rational Expressions,Mathematics
4777,76,8,2025-09-15,2400,61,0.585,True,Algebra Expressions and Linear Equations,Mathematics
3824,76,13,2025-09-17,2760,23,0.356,True,Algebra Quadratic Equations and Inequalities,Mathematics
1129,76,23,2025-09-20,2580,25,0.257,True,Algebra Polynomials and Rational Expressions,Mathematics
725,76,4,2025-09-23,2700,10,0.249,True,Whole Numbers and Number Theory,Mathematics
2976,76,8,2025-09-26,3180,49,0.46,True,Algebra Expressions and Linear Equations,Mathematics
3363,76,10,2025-09-29,2640,53,0.46,True,Geometry Lines Angles and Triangles,Mathematics
2058,76,46,2025-10-06,2100,19,0.308,True,Thermal Physics and Heat Transfer,Physics
1798,76,34,2025-10-09,1620,51,0.513,True,Physical Quantities and Units,Physics
1568,76,40,2025-10-12,2340,31,0.324,False,Light Reflection and Refraction,Physics
4620,76,15,2025-10-24,3240,25,0.283,False,Functions and Graphs,Mathematics
517,76,17,2025-10-27,4200,21,0.281,True,Geometry Circles Polygons and Constructions,Mathematics
4711,76,14,2025-10-28,3420,20,0.344,True,Algebra Quadratic Equations and Inequalities,Mathematics
2517,76,7,2025-10-29,3180,51,0.431,True,Algebra Expressions and Linear Equations,Mathematics
496,76,10,2025-11-14,2880,28,0.31,True,Geometry Lines Angles and Triangles,Mathematics
1091,76,14,2025-11-28,4260,39,0.334,True,Algebra Quadratic Equations and Inequalities,Mathematics
247,76,49,2025-12-02,3060,38,0.367,True,Electricity DC Circuits and Ohms Law,Physics
4437,76,57,2025-12-07,4020,38,0.287,True,Atomic Structure and Nuclear Physics,Physics
694,76,8,2025-12-08,2940,6,0.276,True,Algebra Expressions and Linear Equations,Mathematics
1203,76,32,2025-12-09,2280,34,0.28,True,Probability and Statistical Distributions,Mathematics
1307,76,54,2025-12-11,3960,46,0.327,True,Electricity AC Circuits and Electronics,Physics
2109,76,54,2025-12-16,2340,45,0.393,True,Electricity AC Circuits and Electronics,Physics
3287,76,20,2025-12-16,3300,25,0.229,True,Trigonometry Introduction to Ratios,Mathematics
774,76,27,2025-12-17,4500,44,0.329,True,Trigonometry Advanced Applications,Mathematics
3202,76,52,2025-12-18,3180,16,0.283,True,Kinematics and Projectile Motion,Physics
1891,76,20,2025-12-20,2820,25,0.246,True,Trigonometry Introduction to Ratios,Mathematics
866,76,8,2025-12-30,2280,1,0.339,True,Algebra Expressions and Linear Equations,Mathematics
758,76,10,2026-01-02,2760,53,0.427,False,Geometry Lines Angles and Triangles,Mathematics
4018,76,19,2026-01-02,2700,16,0.285,True,Trigonometry Introduction to Ratios,Mathematics
1545,76,18,2026-01-23,3060,25,0.376,True,Geometry Circles Polygons and Constructions,Mathematics
1917,76,31,2026-01-25,3540,28,0.354,True,Probability and Statistical Distributions,Mathematics
2543,76,53,2026-01-26,4260,21,0.249,True,Kinematics and Projectile Motion,Physics
1724,76,33,2026-01-28,2940,29,0.387,True,Physical Quantities and Units,Physics
2007,76,22,2026-01-28,3000,31,0.337,True,Numbers Surds and Indices,Mathematics
474,76,4,2026-02-10,1560,24,0.258,True,Whole Numbers and Number Theory,Mathematics
566,76,9,2026-02-15,2580,47,0.398,True,Geometry Lines Angles and Triangles,Mathematics
4351,76,37,2026-02-16,2760,33,0.321,True,Energy Forms and Conservation,Physics
1841,76,2,2026-02-17,3120,36,0.3,True,Sets and Venn Diagrams,Mathematics
4388,76,51,2026-02-18,2100,30,0.342,True,Electromagnetism Basic Concepts,Physics
2363,76,42,2026-02-23,1740,37,0.373,True,Matter States and Properties,Physics
934,77,7,2025-09-15,2100,13,0.12,True,Algebra Expressions and Linear Equations,Mathematics
3991,77,54,2025-09-15,2460,19,0.131,True,Electricity AC Circuits and Electronics,Physics
745,77,41,2025-09-24,2160,17,0.155,False,Matter States and Properties,Physics
4769,77,7,2025-10-01,2160,5,0.144,False,Algebra Expressions and Linear Equations,Mathematics
3457,77,42,2025-10-11,2580,36,0.188,True,Matter States and Properties,Physics
2982,77,34,2025-10-17,1680,5,0.113,False,Physical Quantities and Units,Physics
1416,77,17,2025-10-21,2940,22,0.156,False,Geometry Circles Polygons and Constructions,Mathematics
3009,77,20,2025-11-07,3840,0,0.123,False,Trigonometry Introduction to Ratios,Mathematics
4408,77,43,2025-11-13,3300,22,0.138,False,Mechanics Work Energy and Power,Physics
2170,77,27,2025-11-18,2820,17,0.136,True,Trigonometry Advanced Applications,Mathematics
1897,77,16,2025-11-22,2280,0,0.083,True,Functions and Graphs,Mathematics
2038,77,60,2025-11-24,4200,4,0.126,True,Optics Interference and Diffraction,Physics
2046,77,7,2025-12-03,3300,17,0.151,True,Algebra Expressions and Linear Equations,Mathematics
2864,77,20,2025-12-07,3000,15,0.111,False,Trigonometry Introduction to Ratios,Mathematics
4961,77,47,2025-12-19,2040,13,0.158,True,Wave Properties Sound and Light,Physics
1688,77,60,2025-12-29,3180,18,0.12,True,Optics Interference and Diffraction,Physics
2343,77,42,2026-01-02,2100,3,0.148,False,Matter States and Properties,Physics
1514,77,54,2026-01-05,2280,0,0.091,False,Electricity AC Circuits and Electronics,Physics
582,77,20,2026-01-17,2100,4,0.085,True,Trigonometry Introduction to Ratios,Mathematics
1929,77,53,2026-01-17,2940,19,0.141,True,Kinematics and Projectile Motion,Physics
3651,77,42,2026-01-22,2280,19,0.23,True,Matter States and Properties,Physics
4623,77,35,2026-01-26,3480,0,0.089,True,Forces and Newtons Laws,Physics
2289,77,18,2026-02-09,2400,20,0.16,True,Geometry Circles Polygons and Constructions,Mathematics
2050,77,48,2026-02-12,3360,18,0.102,False,Wave Properties Sound and Light,Physics
3,77,23,2026-02-16,4020,23,0.14,True,Algebra Polynomials and Rational Expressions,Mathematics
2535,77,14,2026-02-26,4140,6,0.149,True,Algebra Quadratic Equations and Inequalities,Mathematics
4286,78,30,2025-09-03,2340,28,0.286,True,Vectors and Transformations,Mathematics
1746,78,18,2025-09-10,3720,38,0.277,True,Geometry Circles Polygons and Constructions,Mathematics
2815,78,4,2025-09-13,2400,33,0.416,False,Whole Numbers and Number Theory,Mathematics
685,78,27,2025-09-15,3060,53,0.325,True,Trigonometry Advanced Applications,Mathematics
781,78,49,2025-09-24,2520,32,0.358,True,Electricity DC Circuits and Ohms Law,Physics
1429,78,28,2025-09-24,3360,19,0.35,True,Introduction to Calculus Differentiation,Mathematics
2157,78,45,2025-10-01,3360,37,0.295,True,Thermal Physics and Heat Transfer,Physics
1533,78,50,2025-10-15,3180,63,0.402,True,Electricity DC Circuits and Ohms Law,Physics
1261,78,47,2025-10-23,2760,26,0.327,True,Wave Properties Sound and Light,Physics
2955,78,1,2025-10-31,3300,17,0.361,False,Sets and Venn Diagrams,Mathematics
4901,78,36,2025-11-03,2340,43,0.317,True,Forces and Newtons Laws,Physics
4980,78,18,2025-11-07,2820,31,0.302,True,Geometry Circles Polygons and Constructions,Mathematics
1246,78,4,2025-11-08,2700,23,0.339,True,Whole Numbers and Number Theory,Mathematics
3401,78,45,2025-11-12,2220,41,0.312,True,Thermal Physics and Heat Transfer,Physics
4879,78,12,2025-11-14,1920,30,0.31,False,Statistics Data Collection and Representation,Mathematics
4213,78,47,2025-11-18,2400,32,0.363,True,Wave Properties Sound and Light,Physics
164,78,16,2025-11-20,3540,37,0.339,True,Functions and Graphs,Mathematics
125,78,38,2025-11-28,2580,35,0.347,False,Energy Forms and Conservation,Physics
3933,78,31,2025-12-04,3240,37,0.284,False,Probability and Statistical Distributions,Mathematics
1591,78,34,2025-12-11,2220,19,0.341,True,Physical Quantities and Units,Physics
4923,78,55,2025-12-11,3060,23,0.307,False,Electricity AC Circuits and Electronics,Physics
1426,78,32,2025-12-17,3180,38,0.276,False,Probability and Statistical Distributions,Mathematics
95,78,40,2025-12-28,2700,54,0.29,True,Light Reflection and Refraction,Physics
1446,78,20,2025-12-29,2520,13,0.248,True,Trigonometry Introduction to Ratios,Mathematics
2270,78,21,2026-01-06,1800,20,0.296,True,Statistics Measures of Central Tendency,Mathematics
4029,78,5,2026-01-08,1860,36,0.306,True,Fractions Decimals and Percentages,Mathematics
3921,78,37,2026-01-28,3420,47,0.429,False,Energy Forms and Conservation,Physics
2339,78,33,2026-02-09,1980,36,0.286,True,Physical Quantities and Units,Physics
1071,78,59,2026-02-13,3720,28,0.314,False,Electromagnetic Induction,Physics
2246,78,36,2026-02-17,2400,28,0.232,True,Forces and Newtons Laws,Physics
501,78,27,2026-02-19,4080,17,0.285,True,Trigonometry Advanced Applications,Mathematics
1393,78,44,2026-02-20,3300,24,0.302,False,Mechanics Work Energy and Power,Physics
1729,78,15,2026-02-22,1980,20,0.344,True,Functions and Graphs,Mathematics
2165,78,49,2026-02-22,2280,33,0.436,True,Electricity DC Circuits and Ohms Law,Physics
4413,78,56,2026-02-23,4500,26,0.273,False,Atomic Structure and Nuclear Physics,Physics
1396,79,54,2025-09-04,4140,9,0.164,True,Electricity AC Circuits and Electronics,Physics
4939,79,49,2025-09-04,3420,6,0.161,True,Electricity DC Circuits and Ohms Law,Physics
814,79,25,2025-09-05,3540,13,0.265,True,Logarithmic and Exponential Functions,Mathematics
2912,79,42,2025-09-09,3000,0,0.081,True,Matter States and Properties,Physics
4497,79,32,2025-09-29,3960,0,0.15,True,Probability and Statistical Distributions,Mathematics
2604,79,37,2025-10-04,1980,16,0.255,True,Energy Forms and Conservation,Physics
1158,79,51,2025-10-10,3480,0,0.108,True,Electromagnetism Basic Concepts,Physics
1501,79,21,2025-10-11,2700,22,0.218,False,Statistics Measures of Central Tendency,Mathematics
4500,79,52,2025-10-20,3360,4,0.179,True,Kinematics and Projectile Motion,Physics
3416,79,48,2025-10-21,3600,16,0.099,True,Wave Properties Sound and Light,Physics
2637,79,59,2025-10-23,2340,19,0.149,False,Electromagnetic Induction,Physics
3361,79,54,2025-10-24,3660,23,0.224,True,Electricity AC Circuits and Electronics,Physics
3268,79,28,2025-10-27,2520,14,0.238,True,Introduction to Calculus Differentiation,Mathematics
3903,79,20,2025-10-31,3600,20,0.199,True,Trigonometry Introduction to Ratios,Mathematics
1668,79,25,2025-11-01,2700,28,0.287,True,Logarithmic and Exponential Functions,Mathematics
2361,79,51,2025-11-01,2160,25,0.124,True,Electromagnetism Basic Concepts,Physics
2847,79,23,2025-11-01,2640,21,0.135,True,Algebra Polynomials and Rational Expressions,Mathematics
2231,79,50,2025-11-03,4260,14,0.151,True,Electricity DC Circuits and Ohms Law,Physics
3260,79,46,2025-11-14,2460,44,0.201,True,Thermal Physics and Heat Transfer,Physics
4845,79,52,2025-11-22,2700,23,0.19,True,Kinematics and Projectile Motion,Physics
2514,79,6,2025-11-25,1680,36,0.197,False,Fractions Decimals and Percentages,Mathematics
464,79,1,2025-12-19,2220,22,0.23,True,Sets and Venn Diagrams,Mathematics
3953,79,15,2025-12-27,2700,3,0.066,True,Functions and Graphs,Mathematics
2302,79,41,2025-12-28,1740,29,0.123,True,Matter States and Properties,Physics
3206,79,17,2025-12-30,4020,10,0.192,True,Geometry Circles Polygons and Constructions,Mathematics
3499,79,8,2025-12-31,2820,17,0.154,True,Algebra Expressions and Linear Equations,Mathematics
2253,79,34,2026-01-09,2640,14,0.227,True,Physical Quantities and Units,Physics
1985,79,23,2026-01-10,2460,10,0.106,True,Algebra Polynomials and Rational Expressions,Mathematics
5000,79,50,2026-01-13,3960,13,0.185,True,Electricity DC Circuits and Ohms Law,Physics
4660,79,56,2026-01-16,3720,12,0.191,True,Atomic Structure and Nuclear Physics,Physics
3221,79,49,2026-01-17,3780,25,0.136,False,Electricity DC Circuits and Ohms Law,Physics
210,79,42,2026-01-18,2100,4,0.106,True,Matter States and Properties,Physics
175,79,51,2026-01-20,2400,19,0.144,False,Electromagnetism Basic Concepts,Physics
528,79,14,2026-01-23,2640,22,0.189,True,Algebra Quadratic Equations and Inequalities,Mathematics
2645,79,18,2026-01-25,2880,3,0.222,True,Geometry Circles Polygons and Constructions,Mathematics
4827,79,33,2026-01-30,2820,21,0.258,False,Physical Quantities and Units,Physics
4945,79,9,2026-02-08,3420,8,0.168,True,Geometry Lines Angles and Triangles,Mathematics
4520,79,14,2026-02-18,3120,24,0.252,False,Algebra Quadratic Equations and Inequalities,Mathematics
2636,79,26,2026-02-19,3540,44,0.355,True,Logarithmic and Exponential Functions,Mathematics
4742,80,17,2025-09-20,3240,30,0.51,True,Geometry Circles Polygons and Constructions,Mathematics
3362,80,18,2025-09-21,3420,36,0.397,True,Geometry Circles Polygons and Constructions,Mathematics
1166,80,56,2025-09-22,2880,10,0.313,True,Atomic Structure and Nuclear Physics,Physics
1255,80,58,2025-09-23,2520,24,0.308,False,Electromagnetic Induction,Physics
4808,80,7,2025-09-28,3120,20,0.331,True,Algebra Expressions and Linear Equations,Mathematics
2255,80,20,2025-10-03,2280,24,0.237,False,Trigonometry Introduction to Ratios,Mathematics
1681,80,29,2025-10-04,2700,19,0.286,True,Introduction to Calculus Differentiation,Mathematics
3200,80,45,2025-10-28,2160,6,0.206,True,Thermal Physics and Heat Transfer,Physics
4247,80,51,2025-10-29,3060,42,0.436,False,Electromagnetism Basic Concepts,Physics
42,80,17,2025-10-31,3060,41,0.296,False,Geometry Circles Polygons and Constructions,Mathematics
4091,80,39,2025-11-03,2220,33,0.377,False,Light Reflection and Refraction,Physics
2729,80,16,2025-11-06,3360,4,0.212,False,Functions and Graphs,Mathematics
1277,80,37,2025-11-08,3360,31,0.325,True,Energy Forms and Conservation,Physics
3532,80,51,2025-11-09,3180,25,0.296,True,Electromagnetism Basic Concepts,Physics
3130,80,9,2025-11-23,3300,21,0.229,False,Geometry Lines Angles and Triangles,Mathematics
4709,80,42,2025-11-25,2460,37,0.252,True,Matter States and Properties,Physics
1232,80,4,2025-12-01,2640,30,0.26,True,Whole Numbers and Number Theory,Mathematics
1937,80,33,2025-12-07,3060,48,0.286,True,Physical Quantities and Units,Physics
3999,80,51,2025-12-08,3300,20,0.337,False,Electromagnetism Basic Concepts,Physics
2327,80,44,2025-12-09,2520,20,0.314,False,Mechanics Work Energy and Power,Physics
2228,80,43,2025-12-15,3180,24,0.266,False,Mechanics Work Energy and Power,Physics
2551,80,25,2025-12-22,2580,15,0.235,True,Logarithmic and Exponential Functions,Mathematics
4109,80,51,2025-12-23,2880,39,0.357,True,Electromagnetism Basic Concepts,Physics
2839,80,52,2025-12-28,2400,33,0.267,True,Kinematics and Projectile Motion,Physics
4431,80,7,2026-01-02,2940,26,0.258,True,Algebra Expressions and Linear Equations,Mathematics
3102,80,39,2026-01-06,1740,28,0.312,True,Light Reflection and Refraction,Physics
2009,80,33,2026-01-07,2940,51,0.331,True,Physical Quantities and Units,Physics
2335,80,31,2026-01-17,2400,38,0.295,False,Probability and Statistical Distributions,Mathematics
1352,80,5,2026-01-18,3240,24,0.264,True,Fractions Decimals and Percentages,Mathematics
4250,80,58,2026-01-20,3840,12,0.354,True,Electromagnetic Induction,Physics
3261,80,38,2026-01-25,2580,33,0.37,False,Energy Forms and Conservation,Physics
1969,80,57,2026-02-06,3360,8,0.323,False,Atomic Structure and Nuclear Physics,Physics
1279,80,42,2026-02-10,2400,34,0.263,True,Matter States and Properties,Physics
4373,80,43,2026-02-15,2160,26,0.342,True,Mechanics Work Energy and Power,Physics
4470,80,24,2026-02-17,3240,28,0.28,True,Algebra Polynomials and Rational Expressions,Mathematics
1610,81,6,2025-09-09,2580,0,0.305,True,Fractions Decimals and Percentages,Mathematics
821,81,52,2025-09-14,2280,17,0.162,True,Kinematics and Projectile Motion,Physics
1866,81,23,2025-09-14,3900,13,0.152,True,Algebra Polynomials and Rational Expressions,Mathematics
3225,81,16,2025-09-17,2400,19,0.316,True,Functions and Graphs,Mathematics
4554,81,20,2025-09-28,2100,30,0.266,True,Trigonometry Introduction to Ratios,Mathematics
3264,81,7,2025-09-29,3240,25,0.169,True,Algebra Expressions and Linear Equations,Mathematics
4525,81,54,2025-10-06,3060,29,0.234,True,Electricity AC Circuits and Electronics,Physics
869,81,60,2025-10-11,2280,18,0.175,False,Optics Interference and Diffraction,Physics
1376,81,4,2025-10-15,2580,19,0.309,True,Whole Numbers and Number Theory,Mathematics
2476,81,10,2025-10-17,3720,39,0.261,True,Geometry Lines Angles and Triangles,Mathematics
1576,81,1,2025-10-19,3060,17,0.249,True,Sets and Venn Diagrams,Mathematics
4826,81,35,2025-10-19,3660,18,0.262,True,Forces and Newtons Laws,Physics
660,81,6,2025-10-22,2640,28,0.253,True,Fractions Decimals and Percentages,Mathematics
4485,81,32,2025-11-28,2340,12,0.156,True,Probability and Statistical Distributions,Mathematics
418,81,55,2025-12-02,3360,12,0.221,True,Electricity AC Circuits and Electronics,Physics
1389,81,4,2025-12-02,1620,31,0.362,True,Whole Numbers and Number Theory,Mathematics
3607,81,5,2025-12-04,2880,20,0.285,True,Fractions Decimals and Percentages,Mathematics
1343,81,29,2025-12-10,2880,24,0.157,True,Introduction to Calculus Differentiation,Mathematics
83,81,5,2025-12-17,2040,12,0.205,True,Fractions Decimals and Percentages,Mathematics
3118,81,18,2025-12-21,3420,3,0.184,True,Geometry Circles Polygons and Constructions,Mathematics
4892,81,7,2026-01-13,2640,34,0.22,True,Algebra Expressions and Linear Equations,Mathematics
1843,81,15,2026-01-21,2520,13,0.276,True,Functions and Graphs,Mathematics
4871,81,6,2026-01-22,2640,35,0.339,False,Fractions Decimals and Percentages,Mathematics
2856,81,27,2026-01-25,3360,8,0.165,True,Trigonometry Advanced Applications,Mathematics
4134,81,36,2026-01-28,3240,7,0.187,True,Forces and Newtons Laws,Physics
4636,81,59,2026-01-31,2400,7,0.17,True,Electromagnetic Induction,Physics
1329,81,3,2026-02-05,2220,23,0.257,False,Whole Numbers and Number Theory,Mathematics
2019,81,60,2026-02-13,3540,6,0.244,False,Optics Interference and Diffraction,Physics
161,81,6,2026-02-27,1920,38,0.275,True,Fractions Decimals and Percentages,Mathematics
2704,82,3,2025-09-09,2460,27,0.221,True,Whole Numbers and Number Theory,Mathematics
2944,82,43,2025-09-29,2940,0,0.1,True,Mechanics Work Energy and Power,Physics
626,82,25,2025-10-09,2400,11,0.103,True,Logarithmic and Exponential Functions,Mathematics
4447,82,58,2025-10-19,4020,13,0.088,True,Electromagnetic Induction,Physics
2241,82,21,2025-10-23,2160,0,0.123,False,Statistics Measures of Central Tendency,Mathematics
4180,82,6,2025-10-24,2460,7,0.104,True,Fractions Decimals and Percentages,Mathematics
4960,82,26,2025-10-28,3360,34,0.285,True,Logarithmic and Exponential Functions,Mathematics
1194,82,22,2025-11-02,3420,0,0.076,True,Numbers Surds and Indices,Mathematics
188,82,34,2025-11-03,1740,16,0.18,True,Physical Quantities and Units,Physics
431,82,16,2025-11-10,2640,16,0.138,True,Functions and Graphs,Mathematics
4987,82,60,2025-11-11,3960,6,0.145,True,Optics Interference and Diffraction,Physics
2284,82,43,2025-11-16,3540,17,0.083,True,Mechanics Work Energy and Power,Physics
2168,82,51,2025-12-04,2820,11,0.077,True,Electromagnetism Basic Concepts,Physics
4322,82,38,2025-12-04,2160,27,0.13,True,Energy Forms and Conservation,Physics
1102,82,38,2025-12-07,2280,15,0.104,True,Energy Forms and Conservation,Physics
4374,82,3,2025-12-09,1680,24,0.204,True,Whole Numbers and Number Theory,Mathematics
1640,82,49,2025-12-11,2700,0,0.029,True,Electricity DC Circuits and Ohms Law,Physics
3790,82,17,2025-12-12,3720,14,0.176,True,Geometry Circles Polygons and Constructions,Mathematics
4693,82,12,2025-12-12,1920,10,0.171,False,Statistics Data Collection and Representation,Mathematics
2271,82,33,2025-12-17,2760,1,0.202,True,Physical Quantities and Units,Physics
1137,82,15,2025-12-20,3420,18,0.175,True,Functions and Graphs,Mathematics
3135,82,25,2025-12-21,3300,8,0.181,True,Logarithmic and Exponential Functions,Mathematics
835,82,49,2026-01-01,2220,7,0.065,False,Electricity DC Circuits and Ohms Law,Physics
4801,82,30,2026-01-01,2820,31,0.145,True,Vectors and Transformations,Mathematics
1210,82,30,2026-01-04,3900,24,0.066,True,Vectors and Transformations,Mathematics
2067,82,23,2026-01-17,2580,7,0.089,False,Algebra Polynomials and Rational Expressions,Mathematics
4069,82,34,2026-01-24,2580,30,0.229,True,Physical Quantities and Units,Physics
754,82,7,2026-01-25,2940,16,0.093,True,Algebra Expressions and Linear Equations,Mathematics
2929,82,52,2026-01-25,2520,10,0.061,False,Kinematics and Projectile Motion,Physics
976,82,41,2026-01-26,1620,0,0.102,True,Matter States and Properties,Physics
2503,82,18,2026-01-28,2760,26,0.164,True,Geometry Circles Polygons and Constructions,Mathematics
2577,82,41,2026-02-14,2220,10,0.13,True,Matter States and Properties,Physics
3772,82,5,2026-02-14,2820,7,0.122,True,Fractions Decimals and Percentages,Mathematics
564,82,45,2026-02-17,3300,20,0.092,True,Thermal Physics and Heat Transfer,Physics
1193,82,28,2026-02-21,2820,21,0.105,True,Introduction to Calculus Differentiation,Mathematics
3923,82,14,2026-02-24,2700,7,0.164,False,Algebra Quadratic Equations and Inequalities,Mathematics
3359,82,39,2026-02-25,2820,17,0.163,True,Light Reflection and Refraction,Physics
4656,82,59,2026-02-27,3480,9,0.097,True,Electromagnetic Induction,Physics
226,83,9,2025-09-06,3900,38,0.304,True,Geometry Lines Angles and Triangles,Mathematics
1163,83,16,2025-09-10,3540,45,0.347,True,Functions and Graphs,Mathematics
3321,83,30,2025-10-01,3600,17,0.303,False,Vectors and Transformations,Mathematics
1398,83,52,2025-10-09,3720,24,0.277,True,Kinematics and Projectile Motion,Physics
260,83,11,2025-10-10,2280,24,0.275,True,Statistics Data Collection and Representation,Mathematics
2045,83,58,2025-10-10,4020,33,0.344,True,Electromagnetic Induction,Physics
172,83,33,2025-10-16,2640,37,0.34,True,Physical Quantities and Units,Physics
4928,83,3,2025-10-16,2580,7,0.259,True,Whole Numbers and Number Theory,Mathematics
895,83,13,2025-10-20,2700,24,0.339,True,Algebra Quadratic Equations and Inequalities,Mathematics
4611,83,46,2025-10-20,2160,41,0.409,True,Thermal Physics and Heat Transfer,Physics
401,83,20,2025-11-02,2100,19,0.298,False,Trigonometry Introduction to Ratios,Mathematics
4478,83,28,2025-11-04,4620,42,0.439,False,Introduction to Calculus Differentiation,Mathematics
4053,83,18,2025-11-11,2940,30,0.283,False,Geometry Circles Polygons and Constructions,Mathematics
1747,83,58,2025-12-05,3720,26,0.331,True,Electromagnetic Induction,Physics
3809,83,25,2025-12-09,3120,41,0.253,True,Logarithmic and Exponential Functions,Mathematics
3865,83,25,2025-12-12,4260,9,0.274,True,Logarithmic and Exponential Functions,Mathematics
1763,83,7,2025-12-13,2580,17,0.296,True,Algebra Expressions and Linear Equations,Mathematics
4625,83,17,2025-12-19,4080,30,0.335,True,Geometry Circles Polygons and Constructions,Mathematics
3503,83,39,2025-12-20,2820,24,0.316,False,Light Reflection and Refraction,Physics
3286,83,1,2025-12-23,1980,30,0.306,True,Sets and Venn Diagrams,Mathematics
837,83,10,2025-12-27,2400,34,0.353,False,Geometry Lines Angles and Triangles,Mathematics
2449,83,44,2026-01-03,3000,37,0.318,True,Mechanics Work Energy and Power,Physics
3793,83,28,2026-01-03,3360,47,0.298,False,Introduction to Calculus Differentiation,Mathematics
2441,83,41,2026-01-06,2220,23,0.354,True,Matter States and Properties,Physics
2732,83,34,2026-01-06,1860,40,0.394,True,Physical Quantities and Units,Physics
2062,83,34,2026-01-08,1680,45,0.377,False,Physical Quantities and Units,Physics
4326,83,21,2026-01-08,2640,31,0.344,True,Statistics Measures of Central Tendency,Mathematics
3142,83,46,2026-01-24,3120,13,0.34,True,Thermal Physics and Heat Transfer,Physics
1218,83,54,2026-01-30,3540,38,0.3,False,Electricity AC Circuits and Electronics,Physics
3309,83,43,2026-02-10,2940,43,0.356,False,Mechanics Work Energy and Power,Physics
1845,83,42,2026-02-12,2160,29,0.28,True,Matter States and Properties,Physics
4384,83,11,2026-02-21,1680,39,0.373,True,Statistics Data Collection and Representation,Mathematics
3820,84,12,2025-09-05,3060,12,0.266,True,Statistics Data Collection and Representation,Mathematics
106,84,29,2025-09-08,3900,38,0.285,True,Introduction to Calculus Differentiation,Mathematics
1253,84,14,2025-09-09,3240,25,0.198,False,Algebra Quadratic Equations and Inequalities,Mathematics
666,84,47,2025-09-13,3120,6,0.196,True,Wave Properties Sound and Light,Physics
971,84,48,2025-09-13,2820,42,0.23,False,Wave Properties Sound and Light,Physics
3794,84,39,2025-09-16,2220,9,0.189,True,Light Reflection and Refraction,Physics
294,84,52,2025-09-20,3960,30,0.207,False,Kinematics and Projectile Motion,Physics
2725,84,7,2025-09-23,3540,19,0.282,True,Algebra Expressions and Linear Equations,Mathematics
3093,84,18,2025-09-23,3360,23,0.246,True,Geometry Circles Polygons and Constructions,Mathematics
4739,84,45,2025-09-23,3000,32,0.205,True,Thermal Physics and Heat Transfer,Physics
513,84,30,2025-09-28,3960,16,0.184,True,Vectors and Transformations,Mathematics
1740,84,14,2025-10-14,3000,45,0.26,True,Algebra Quadratic Equations and Inequalities,Mathematics
1142,84,16,2025-10-16,2340,11,0.21,True,Functions and Graphs,Mathematics
3383,84,35,2025-10-20,3060,11,0.294,True,Forces and Newtons Laws,Physics
2277,84,13,2025-10-31,2640,31,0.236,False,Algebra Quadratic Equations and Inequalities,Mathematics
31,84,3,2025-11-17,2820,40,0.219,False,Whole Numbers and Number Theory,Mathematics
4235,84,32,2025-11-17,4140,32,0.218,True,Probability and Statistical Distributions,Mathematics
3964,84,23,2025-11-19,3060,20,0.213,False,Algebra Polynomials and Rational Expressions,Mathematics
1583,84,59,2025-12-02,2700,37,0.142,True,Electromagnetic Induction,Physics
2211,84,55,2025-12-13,2700,2,0.15,True,Electricity AC Circuits and Electronics,Physics
4080,84,58,2025-12-14,2520,20,0.174,True,Electromagnetic Induction,Physics
1119,84,50,2025-12-15,3360,19,0.178,True,Electricity DC Circuits and Ohms Law,Physics
1270,84,51,2025-12-15,3420,50,0.243,False,Electromagnetism Basic Concepts,Physics
1651,84,14,2025-12-16,3360,29,0.251,True,Algebra Quadratic Equations and Inequalities,Mathematics
2740,84,9,2025-12-16,3060,26,0.2,False,Geometry Lines Angles and Triangles,Mathematics
998,84,31,2025-12-25,2940,0,0.229,True,Probability and Statistical Distributions,Mathematics
1189,84,48,2025-12-25,3720,27,0.316,False,Wave Properties Sound and Light,Physics
1787,84,53,2026-01-06,3960,45,0.206,False,Kinematics and Projectile Motion,Physics
782,84,19,2026-01-08,2760,19,0.231,False,Trigonometry Introduction to Ratios,Mathematics
149,84,18,2026-01-11,2460,25,0.225,True,Geometry Circles Polygons and Constructions,Mathematics
2539,84,13,2026-01-22,2100,16,0.235,True,Algebra Quadratic Equations and Inequalities,Mathematics
530,84,11,2026-01-23,2340,36,0.207,False,Statistics Data Collection and Representation,Mathematics
3380,84,11,2026-01-24,1560,11,0.225,True,Statistics Data Collection and Representation,Mathematics
3742,84,60,2026-01-24,3120,28,0.196,False,Optics Interference and Diffraction,Physics
484,84,23,2026-02-17,2700,17,0.196,True,Algebra Polynomials and Rational Expressions,Mathematics
3194,84,36,2026-02-28,3240,7,0.211,False,Forces and Newtons Laws,Physics
3738,85,55,2025-09-20,3540,29,0.361,True,Electricity AC Circuits and Electronics,Physics
483,85,41,2025-09-21,1560,26,0.336,True,Matter States and Properties,Physics
3412,85,32,2025-09-22,2580,52,0.381,True,Probability and Statistical Distributions,Mathematics
4574,85,10,2025-09-30,2580,43,0.386,False,Geometry Lines Angles and Triangles,Mathematics
908,85,23,2025-10-01,2280,38,0.345,True,Algebra Polynomials and Rational Expressions,Mathematics
4613,85,8,2025-10-04,2280,35,0.291,True,Algebra Expressions and Linear Equations,Mathematics
2015,85,13,2025-10-05,2880,33,0.342,True,Algebra Quadratic Equations and Inequalities,Mathematics
3244,85,31,2025-10-10,3720,25,0.333,False,Probability and Statistical Distributions,Mathematics
3822,85,9,2025-10-11,3600,36,0.338,True,Geometry Lines Angles and Triangles,Mathematics
2680,85,12,2025-10-14,2460,47,0.394,True,Statistics Data Collection and Representation,Mathematics
2274,85,19,2025-10-17,3240,35,0.362,True,Trigonometry Introduction to Ratios,Mathematics
4127,85,16,2025-10-20,2460,29,0.339,False,Functions and Graphs,Mathematics
1409,85,15,2025-11-19,1980,46,0.324,False,Functions and Graphs,Mathematics
4597,85,1,2025-12-06,3480,50,0.414,True,Sets and Venn Diagrams,Mathematics
151,85,18,2025-12-14,3060,55,0.373,True,Geometry Circles Polygons and Constructions,Mathematics
1236,85,19,2025-12-14,1920,27,0.326,True,Trigonometry Introduction to Ratios,Mathematics
2542,85,14,2025-12-20,3780,44,0.38,True,Algebra Quadratic Equations and Inequalities,Mathematics
3823,85,32,2026-01-07,4020,26,0.458,True,Probability and Statistical Distributions,Mathematics
1149,85,34,2026-01-18,1740,14,0.326,True,Physical Quantities and Units,Physics
1116,85,48,2026-01-20,3660,26,0.351,True,Wave Properties Sound and Light,Physics
3547,85,46,2026-01-27,3780,43,0.379,True,Thermal Physics and Heat Transfer,Physics
3976,85,39,2026-01-27,2640,60,0.412,False,Light Reflection and Refraction,Physics
1444,85,27,2026-01-28,4080,31,0.304,True,Trigonometry Advanced Applications,Mathematics
3126,85,59,2026-01-30,3240,31,0.346,True,Electromagnetic Induction,Physics
1002,85,2,2026-02-02,2820,15,0.346,True,Sets and Venn Diagrams,Mathematics
3219,85,58,2026-02-08,2820,17,0.361,True,Electromagnetic Induction,Physics
755,85,25,2026-02-11,2700,43,0.299,True,Logarithmic and Exponential Functions,Mathematics
3511,85,29,2026-02-17,3900,45,0.421,True,Introduction to Calculus Differentiation,Mathematics
3683,85,39,2026-02-17,2100,47,0.322,True,Light Reflection and Refraction,Physics
2855,85,46,2026-02-19,3000,14,0.331,True,Thermal Physics and Heat Transfer,Physics
2450,86,15,2025-09-09,2940,29,0.293,True,Functions and Graphs,Mathematics
2065,86,39,2025-09-10,2880,24,0.247,True,Light Reflection and Refraction,Physics
196,86,40,2025-09-26,1860,29,0.272,True,Light Reflection and Refraction,Physics
628,86,10,2025-09-29,3600,9,0.251,True,Geometry Lines Angles and Triangles,Mathematics
4729,86,16,2025-10-07,2220,33,0.367,True,Functions and Graphs,Mathematics
2936,86,35,2025-10-14,2640,30,0.316,True,Forces and Newtons Laws,Physics
3759,86,58,2025-10-14,3540,30,0.303,True,Electromagnetic Induction,Physics
3345,86,54,2025-10-19,2280,20,0.307,True,Electricity AC Circuits and Electronics,Physics
4912,86,50,2025-10-27,4260,28,0.393,True,Electricity DC Circuits and Ohms Law,Physics
204,86,53,2025-11-13,2700,25,0.283,True,Kinematics and Projectile Motion,Physics
2283,86,48,2025-11-20,2400,39,0.3,True,Wave Properties Sound and Light,Physics
1981,86,42,2025-12-05,1680,32,0.326,True,Matter States and Properties,Physics
726,86,8,2025-12-11,3360,40,0.333,True,Algebra Expressions and Linear Equations,Mathematics
3247,86,1,2025-12-22,2520,35,0.318,True,Sets and Venn Diagrams,Mathematics
3251,86,41,2025-12-24,1800,42,0.393,True,Matter States and Properties,Physics
376,86,4,2025-12-28,1560,36,0.245,True,Whole Numbers and Number Theory,Mathematics
4640,86,23,2025-12-28,2820,37,0.312,True,Algebra Polynomials and Rational Expressions,Mathematics
961,86,24,2026-01-18,2700,31,0.372,True,Algebra Polynomials and Rational Expressions,Mathematics
1037,86,3,2026-01-18,2040,19,0.272,True,Whole Numbers and Number Theory,Mathematics
1944,86,10,2026-01-29,2460,30,0.322,True,Geometry Lines Angles and Triangles,Mathematics
4481,86,57,2026-01-29,3600,49,0.373,True,Atomic Structure and Nuclear Physics,Physics
525,86,49,2026-02-02,2100,21,0.244,True,Electricity DC Circuits and Ohms Law,Physics
1135,86,29,2026-02-06,4140,22,0.461,True,Introduction to Calculus Differentiation,Mathematics
4700,86,31,2026-02-13,3000,40,0.247,True,Probability and Statistical Distributions,Mathematics
1836,86,17,2026-02-19,3420,40,0.366,False,Geometry Circles Polygons and Constructions,Mathematics
3732,87,9,2025-09-21,3600,39,0.265,True,Geometry Lines Angles and Triangles,Mathematics
3297,87,31,2025-09-23,2520,21,0.166,False,Probability and Statistical Distributions,Mathematics
4957,87,4,2025-09-27,1740,28,0.181,False,Whole Numbers and Number Theory,Mathematics
4421,87,49,2025-10-03,3480,27,0.235,False,Electricity DC Circuits and Ohms Law,Physics
2789,87,57,2025-10-04,3840,15,0.168,True,Atomic Structure and Nuclear Physics,Physics
3667,87,46,2025-10-09,3540,13,0.162,False,Thermal Physics and Heat Transfer,Physics
671,87,5,2025-10-18,2340,41,0.203,True,Fractions Decimals and Percentages,Mathematics
3594,87,23,2025-10-18,4200,15,0.162,True,Algebra Polynomials and Rational Expressions,Mathematics
2396,87,49,2025-11-04,3600,7,0.174,True,Electricity DC Circuits and Ohms Law,Physics
715,87,19,2025-11-14,2640,21,0.239,True,Trigonometry Introduction to Ratios,Mathematics
4587,87,35,2025-11-15,2940,13,0.177,True,Forces and Newtons Laws,Physics
766,87,10,2025-11-28,2280,19,0.197,False,Geometry Lines Angles and Triangles,Mathematics
412,87,19,2025-12-01,1920,23,0.23,True,Trigonometry Introduction to Ratios,Mathematics
3633,87,56,2025-12-25,4320,21,0.2,True,Atomic Structure and Nuclear Physics,Physics
329,87,46,2025-12-26,2220,11,0.195,True,Thermal Physics and Heat Transfer,Physics
1243,87,30,2025-12-27,4260,19,0.18,True,Vectors and Transformations,Mathematics
2321,87,33,2025-12-31,2280,28,0.234,True,Physical Quantities and Units,Physics
2430,87,55,2026-01-14,2460,7,0.221,True,Electricity AC Circuits and Electronics,Physics
2700,87,18,2026-01-21,3480,37,0.163,True,Geometry Circles Polygons and Constructions,Mathematics
2142,87,53,2026-02-02,4380,15,0.189,True,Kinematics and Projectile Motion,Physics
806,87,45,2026-02-03,2520,24,0.167,True,Thermal Physics and Heat Transfer,Physics
4918,87,47,2026-02-08,3000,34,0.194,True,Wave Properties Sound and Light,Physics
2956,87,48,2026-02-11,2520,22,0.205,True,Wave Properties Sound and Light,Physics
1041,87,43,2026-02-19,2580,10,0.14,False,Mechanics Work Energy and Power,Physics
1827,87,25,2026-02-23,3960,0,0.192,True,Logarithmic and Exponential Functions,Mathematics
1012,87,14,2026-02-26,2700,18,0.236,False,Algebra Quadratic Equations and Inequalities,Mathematics
4752,87,22,2026-02-26,2460,9,0.206,False,Numbers Surds and Indices,Mathematics
4577,88,6,2025-09-01,1860,18,0.183,True,Fractions Decimals and Percentages,Mathematics
81,88,50,2025-09-02,3900,9,0.153,True,Electricity DC Circuits and Ohms Law,Physics
692,88,38,2025-09-18,2400,22,0.184,True,Energy Forms and Conservation,Physics
1590,88,33,2025-09-30,1860,18,0.155,True,Physical Quantities and Units,Physics
4138,88,54,2025-10-08,2940,27,0.145,False,Electricity AC Circuits and Electronics,Physics
2059,88,58,2025-10-21,2760,20,0.179,False,Electromagnetic Induction,Physics
207,88,24,2025-11-07,2280,29,0.18,False,Algebra Polynomials and Rational Expressions,Mathematics
268,88,51,2025-11-10,2820,27,0.166,False,Electromagnetism Basic Concepts,Physics
1153,88,55,2025-11-14,3660,28,0.152,True,Electricity AC Circuits and Electronics,Physics
3763,88,11,2025-11-17,2220,21,0.186,False,Statistics Data Collection and Representation,Mathematics
3767,88,31,2025-11-17,3720,11,0.104,True,Probability and Statistical Distributions,Mathematics
1997,88,49,2025-11-24,3420,21,0.197,True,Electricity DC Circuits and Ohms Law,Physics
98,88,22,2025-11-26,2520,1,0.16,True,Numbers Surds and Indices,Mathematics
955,88,44,2025-11-29,2400,32,0.175,True,Mechanics Work Energy and Power,Physics
3559,88,35,2025-12-05,3780,0,0.117,True,Forces and Newtons Laws,Physics
3541,88,43,2025-12-14,3180,32,0.347,False,Mechanics Work Energy and Power,Physics
2600,88,4,2025-12-16,1500,24,0.175,False,Whole Numbers and Number Theory,Mathematics
3405,88,36,2025-12-19,2940,0,0.094,True,Forces and Newtons Laws,Physics
4221,88,5,2025-12-19,3360,16,0.164,True,Fractions Decimals and Percentages,Mathematics
691,88,14,2025-12-22,2280,26,0.134,False,Algebra Quadratic Equations and Inequalities,Mathematics
710,88,12,2025-12-25,2640,19,0.17,False,Statistics Data Collection and Representation,Mathematics
1475,88,44,2025-12-28,2160,31,0.284,True,Mechanics Work Energy and Power,Physics
4150,88,52,2025-12-29,3840,27,0.189,False,Kinematics and Projectile Motion,Physics
4628,88,51,2025-12-31,2580,29,0.217,True,Electromagnetism Basic Concepts,Physics
490,88,37,2026-01-03,2340,13,0.18,False,Energy Forms and Conservation,Physics
1963,88,14,2026-01-08,2340,19,0.16,True,Algebra Quadratic Equations and Inequalities,Mathematics
4630,88,25,2026-01-10,2520,20,0.17,True,Logarithmic and Exponential Functions,Mathematics
3509,88,25,2026-01-11,3180,23,0.147,True,Logarithmic and Exponential Functions,Mathematics
2163,88,9,2026-01-16,3540,20,0.143,True,Geometry Lines Angles and Triangles,Mathematics
2154,88,14,2026-01-18,4080,23,0.162,True,Algebra Quadratic Equations and Inequalities,Mathematics
2681,88,51,2026-01-23,3300,25,0.191,False,Electromagnetism Basic Concepts,Physics
480,88,31,2026-01-24,3540,9,0.117,False,Probability and Statistical Distributions,Mathematics
776,88,48,2026-01-26,3540,0,0.18,False,Wave Properties Sound and Light,Physics
319,88,15,2026-01-28,2100,0,0.142,True,Functions and Graphs,Mathematics
3050,88,50,2026-01-30,3780,26,0.248,True,Electricity DC Circuits and Ohms Law,Physics
4189,88,53,2026-02-01,2580,17,0.151,True,Kinematics and Projectile Motion,Physics
1302,88,43,2026-02-14,3780,31,0.221,False,Mechanics Work Energy and Power,Physics
1540,88,53,2026-02-27,3000,17,0.224,False,Kinematics and Projectile Motion,Physics
2020,89,10,2025-09-03,2340,22,0.363,True,Geometry Lines Angles and Triangles,Mathematics
74,89,41,2025-09-17,2280,49,0.372,True,Matter States and Properties,Physics
1273,89,58,2025-10-04,4140,44,0.395,True,Electromagnetic Induction,Physics
381,89,19,2025-10-31,2880,14,0.238,True,Trigonometry Introduction to Ratios,Mathematics
2044,89,37,2025-11-18,3240,38,0.336,True,Energy Forms and Conservation,Physics
4905,89,6,2025-12-04,2700,50,0.464,True,Fractions Decimals and Percentages,Mathematics
450,89,2,2025-12-05,3240,25,0.292,True,Sets and Venn Diagrams,Mathematics
802,89,10,2025-12-12,3300,21,0.33,True,Geometry Lines Angles and Triangles,Mathematics
2861,89,19,2025-12-13,3180,23,0.324,True,Trigonometry Introduction to Ratios,Mathematics
2003,89,26,2025-12-20,3060,26,0.354,True,Logarithmic and Exponential Functions,Mathematics
2973,89,59,2025-12-20,2580,49,0.478,True,Electromagnetic Induction,Physics
3780,89,41,2025-12-23,2220,51,0.454,True,Matter States and Properties,Physics
3803,89,20,2025-12-30,2220,62,0.384,True,Trigonometry Introduction to Ratios,Mathematics
4825,89,56,2026-01-07,2580,25,0.301,True,Atomic Structure and Nuclear Physics,Physics
4646,89,5,2026-01-09,3240,39,0.416,True,Fractions Decimals and Percentages,Mathematics
3429,89,57,2026-02-08,2640,19,0.273,True,Atomic Structure and Nuclear Physics,Physics
3868,89,48,2026-02-17,2880,26,0.29,True,Wave Properties Sound and Light,Physics
3792,89,46,2026-02-21,3540,37,0.342,True,Thermal Physics and Heat Transfer,Physics
1680,89,13,2026-02-22,2760,35,0.265,True,Algebra Quadratic Equations and Inequalities,Mathematics
1993,89,45,2026-02-27,3360,37,0.32,True,Thermal Physics and Heat Transfer,Physics
3744,90,53,2025-09-21,3780,30,0.263,True,Kinematics and Projectile Motion,Physics
1174,90,24,2025-09-26,3300,23,0.244,True,Algebra Polynomials and Rational Expressions,Mathematics
3938,90,26,2025-10-01,3780,28,0.188,True,Logarithmic and Exponential Functions,Mathematics
2891,90,10,2025-10-15,2760,18,0.201,True,Geometry Lines Angles and Triangles,Mathematics
4781,90,17,2025-10-18,2700,13,0.291,True,Geometry Circles Polygons and Constructions,Mathematics
3106,90,52,2025-10-20,4140,8,0.191,True,Kinematics and Projectile Motion,Physics
500,90,19,2025-10-29,3000,16,0.141,True,Trigonometry Introduction to Ratios,Mathematics
3804,90,35,2025-10-30,3600,18,0.216,True,Forces and Newtons Laws,Physics
771,90,54,2025-11-03,4260,33,0.134,True,Electricity AC Circuits and Electronics,Physics
4006,90,39,2025-11-03,1920,4,0.209,True,Light Reflection and Refraction,Physics
2365,90,18,2025-11-08,2880,4,0.21,False,Geometry Circles Polygons and Constructions,Mathematics
844,90,28,2025-11-16,3360,0,0.165,True,Introduction to Calculus Differentiation,Mathematics
4586,90,20,2025-11-20,3840,29,0.226,False,Trigonometry Introduction to Ratios,Mathematics
962,90,20,2025-12-07,2340,19,0.155,True,Trigonometry Introduction to Ratios,Mathematics
2643,90,56,2025-12-07,3600,19,0.201,True,Atomic Structure and Nuclear Physics,Physics
809,90,10,2025-12-10,3660,13,0.158,True,Geometry Lines Angles and Triangles,Mathematics
4145,90,40,2025-12-18,2700,26,0.284,False,Light Reflection and Refraction,Physics
2756,90,44,2025-12-27,3060,13,0.171,True,Mechanics Work Energy and Power,Physics
4837,90,11,2026-01-01,2400,18,0.194,True,Statistics Data Collection and Representation,Mathematics
1283,90,51,2026-01-03,2340,10,0.159,True,Electromagnetism Basic Concepts,Physics
2775,90,28,2026-01-06,3060,34,0.119,True,Introduction to Calculus Differentiation,Mathematics
2842,90,42,2026-01-09,2220,19,0.187,True,Matter States and Properties,Physics
552,90,23,2026-01-13,2640,27,0.248,False,Algebra Polynomials and Rational Expressions,Mathematics
2562,90,47,2026-01-18,2220,9,0.151,True,Wave Properties Sound and Light,Physics
2078,90,5,2026-01-23,2820,24,0.173,True,Fractions Decimals and Percentages,Mathematics
4573,90,52,2026-01-30,3180,12,0.272,True,Kinematics and Projectile Motion,Physics
457,90,17,2026-02-01,2280,23,0.174,False,Geometry Circles Polygons and Constructions,Mathematics
3646,90,5,2026-02-01,2040,16,0.16,False,Fractions Decimals and Percentages,Mathematics
3716,90,15,2026-02-02,2880,29,0.174,False,Functions and Graphs,Mathematics
4971,90,1,2026-02-02,2880,35,0.143,False,Sets and Venn Diagrams,Mathematics
2805,90,58,2026-02-07,2880,22,0.169,True,Electromagnetic Induction,Physics
1957,90,6,2026-02-08,2520,13,0.18,True,Fractions Decimals and Percentages,Mathematics
3180,90,8,2026-02-08,3300,0,0.199,True,Algebra Expressions and Linear Equations,Mathematics
1936,90,31,2026-02-18,3720,46,0.177,True,Probability and Statistical Distributions,Mathematics
3614,90,52,2026-02-27,3240,14,0.226,True,Kinematics and Projectile Motion,Physics
4946,91,31,2025-09-03,3240,4,0.219,True,Probability and Statistical Distributions,Mathematics
253,91,15,2025-09-08,2400,22,0.194,True,Functions and Graphs,Mathematics
424,91,51,2025-09-08,2880,38,0.286,True,Electromagnetism Basic Concepts,Physics
2088,91,33,2025-09-11,2520,40,0.331,False,Physical Quantities and Units,Physics
3705,91,42,2025-09-15,2640,15,0.293,True,Matter States and Properties,Physics
1998,91,43,2025-09-19,3540,20,0.302,True,Mechanics Work Energy and Power,Physics
3171,91,1,2025-09-24,3240,21,0.336,True,Sets and Venn Diagrams,Mathematics
3617,91,55,2025-10-09,2940,16,0.246,True,Electricity AC Circuits and Electronics,Physics
983,91,57,2025-10-15,3840,17,0.261,False,Atomic Structure and Nuclear Physics,Physics
2199,91,44,2025-11-01,3300,42,0.39,True,Mechanics Work Energy and Power,Physics
198,91,13,2025-11-07,2340,25,0.277,True,Algebra Quadratic Equations and Inequalities,Mathematics
486,91,49,2025-11-09,3840,18,0.328,True,Electricity DC Circuits and Ohms Law,Physics
251,91,40,2025-11-13,2940,0,0.292,True,Light Reflection and Refraction,Physics
872,91,13,2025-11-13,3480,9,0.338,True,Algebra Quadratic Equations and Inequalities,Mathematics
2845,91,50,2025-11-17,3420,56,0.49,True,Electricity DC Circuits and Ohms Law,Physics
3191,91,59,2025-12-03,2520,34,0.392,True,Electromagnetic Induction,Physics
2383,91,43,2025-12-10,3720,29,0.406,True,Mechanics Work Energy and Power,Physics
3419,91,21,2025-12-18,1740,17,0.321,True,Statistics Measures of Central Tendency,Mathematics
1811,91,59,2025-12-22,2700,29,0.294,True,Electromagnetic Induction,Physics
192,91,29,2025-12-23,3900,44,0.345,True,Introduction to Calculus Differentiation,Mathematics
4299,91,37,2025-12-24,3120,16,0.253,False,Energy Forms and Conservation,Physics
595,91,49,2025-12-30,3480,52,0.407,True,Electricity DC Circuits and Ohms Law,Physics
2590,91,59,2026-01-07,2700,32,0.375,True,Electromagnetic Induction,Physics
673,91,4,2026-01-11,1920,46,0.315,True,Whole Numbers and Number Theory,Mathematics
3863,91,51,2026-01-11,2100,52,0.402,True,Electromagnetism Basic Concepts,Physics
917,91,22,2026-02-03,2040,21,0.249,True,Numbers Surds and Indices,Mathematics
1868,91,34,2026-02-06,2100,26,0.308,True,Physical Quantities and Units,Physics
3448,91,56,2026-02-16,4140,11,0.199,True,Atomic Structure and Nuclear Physics,Physics
3871,91,23,2026-02-17,3960,44,0.283,False,Algebra Polynomials and Rational Expressions,Mathematics
839,91,50,2026-02-21,2280,39,0.461,True,Electricity DC Circuits and Ohms Law,Physics
3207,91,56,2026-02-21,4440,30,0.256,True,Atomic Structure and Nuclear Physics,Physics
185,91,59,2026-02-23,3420,67,0.305,True,Electromagnetic Induction,Physics
2984,92,56,2025-09-18,3420,24,0.247,True,Atomic Structure and Nuclear Physics,Physics
4335,92,14,2025-09-18,3360,32,0.243,True,Algebra Quadratic Equations and Inequalities,Mathematics
2186,92,20,2025-09-21,3720,29,0.178,True,Trigonometry Introduction to Ratios,Mathematics
3166,92,18,2025-09-22,3840,40,0.275,True,Geometry Circles Polygons and Constructions,Mathematics
2510,92,39,2025-09-25,1800,34,0.177,False,Light Reflection and Refraction,Physics
3694,92,4,2025-10-10,2580,19,0.214,False,Whole Numbers and Number Theory,Mathematics
1804,92,17,2025-10-15,2400,18,0.203,True,Geometry Circles Polygons and Constructions,Mathematics
3671,92,16,2025-10-17,3060,39,0.266,True,Functions and Graphs,Mathematics
4237,92,11,2025-10-19,1620,11,0.213,False,Statistics Data Collection and Representation,Mathematics
3011,92,39,2025-10-22,2700,27,0.222,True,Light Reflection and Refraction,Physics
1465,92,37,2025-10-27,3480,19,0.175,False,Energy Forms and Conservation,Physics
2098,92,52,2025-10-28,2700,4,0.213,False,Kinematics and Projectile Motion,Physics
1394,92,31,2025-10-29,3780,8,0.249,False,Probability and Statistical Distributions,Mathematics
3008,92,9,2025-11-06,4200,22,0.182,False,Geometry Lines Angles and Triangles,Mathematics
1271,92,44,2025-11-10,3120,22,0.189,False,Mechanics Work Energy and Power,Physics
1739,92,54,2025-11-10,3660,29,0.197,True,Electricity AC Circuits and Electronics,Physics
3402,92,41,2025-11-19,2160,24,0.212,True,Matter States and Properties,Physics
1333,92,16,2025-12-08,3780,29,0.193,True,Functions and Graphs,Mathematics
791,92,58,2025-12-12,3780,14,0.202,True,Electromagnetic Induction,Physics
290,92,60,2025-12-22,3780,33,0.186,False,Optics Interference and Diffraction,Physics
2898,92,34,2026-01-03,2280,18,0.2,True,Physical Quantities and Units,Physics
4022,92,54,2026-01-09,3180,5,0.15,True,Electricity AC Circuits and Electronics,Physics
2966,92,46,2026-01-14,3060,23,0.237,True,Thermal Physics and Heat Transfer,Physics
2024,92,13,2026-01-19,3360,15,0.212,True,Algebra Quadratic Equations and Inequalities,Mathematics
3967,92,40,2026-02-06,3240,7,0.323,True,Light Reflection and Refraction,Physics
531,92,22,2026-02-07,2640,27,0.237,True,Numbers Surds and Indices,Mathematics
4061,92,52,2026-02-11,2760,23,0.205,True,Kinematics and Projectile Motion,Physics
4121,92,46,2026-02-14,3720,10,0.285,True,Thermal Physics and Heat Transfer,Physics
2695,92,15,2026-02-16,2040,30,0.264,True,Functions and Graphs,Mathematics
1550,92,21,2026-02-19,2100,15,0.215,False,Statistics Measures of Central Tendency,Mathematics
2473,92,35,2026-02-20,2940,19,0.165,True,Forces and Newtons Laws,Physics
1089,92,57,2026-02-24,4020,19,0.194,False,Atomic Structure and Nuclear Physics,Physics
1704,93,47,2025-09-07,2880,12,0.231,True,Wave Properties Sound and Light,Physics
3462,93,42,2025-09-08,1860,49,0.225,True,Matter States and Properties,Physics
3583,93,17,2025-09-21,3720,43,0.259,True,Geometry Circles Polygons and Constructions,Mathematics
1796,93,26,2025-09-23,3240,2,0.158,True,Logarithmic and Exponential Functions,Mathematics
4011,93,15,2025-10-07,2700,11,0.242,True,Functions and Graphs,Mathematics
4760,93,54,2025-10-14,3060,17,0.151,True,Electricity AC Circuits and Electronics,Physics
1683,93,3,2025-10-28,1860,16,0.239,False,Whole Numbers and Number Theory,Mathematics
3632,93,52,2025-11-07,2940,25,0.232,True,Kinematics and Projectile Motion,Physics
3473,93,30,2025-11-18,2280,33,0.21,True,Vectors and Transformations,Mathematics
2235,93,9,2025-11-30,3060,48,0.327,True,Geometry Lines Angles and Triangles,Mathematics
4940,93,47,2025-12-06,1920,10,0.24,True,Wave Properties Sound and Light,Physics
1083,93,9,2025-12-11,2280,16,0.269,True,Geometry Lines Angles and Triangles,Mathematics
352,93,45,2025-12-16,2220,2,0.199,True,Thermal Physics and Heat Transfer,Physics
816,93,53,2025-12-16,4260,20,0.191,True,Kinematics and Projectile Motion,Physics
1249,93,24,2025-12-22,2940,37,0.21,True,Algebra Polynomials and Rational Expressions,Mathematics
2260,93,3,2025-12-27,2160,27,0.331,False,Whole Numbers and Number Theory,Mathematics
3850,93,59,2025-12-31,3480,23,0.196,True,Electromagnetic Induction,Physics
4057,93,46,2026-01-05,3420,26,0.267,True,Thermal Physics and Heat Transfer,Physics
1388,93,20,2026-01-06,2400,12,0.182,True,Trigonometry Introduction to Ratios,Mathematics
4876,93,7,2026-01-07,2820,20,0.24,False,Algebra Expressions and Linear Equations,Mathematics
4676,93,59,2026-01-11,2820,37,0.246,True,Electromagnetic Induction,Physics
3266,93,34,2026-01-20,2100,37,0.206,True,Physical Quantities and Units,Physics
635,93,14,2026-01-26,2700,21,0.185,True,Algebra Quadratic Equations and Inequalities,Mathematics
193,93,15,2026-01-29,2100,21,0.296,True,Functions and Graphs,Mathematics
2479,93,53,2026-02-01,3060,10,0.155,True,Kinematics and Projectile Motion,Physics
4847,93,14,2026-02-03,4200,31,0.225,True,Algebra Quadratic Equations and Inequalities,Mathematics
3379,93,60,2026-02-04,4080,19,0.199,False,Optics Interference and Diffraction,Physics
2094,93,24,2026-02-15,3060,27,0.182,True,Algebra Polynomials and Rational Expressions,Mathematics
19,93,21,2026-02-19,2040,24,0.274,True,Statistics Measures of Central Tendency,Mathematics
4036,93,10,2026-02-25,3540,33,0.381,True,Geometry Lines Angles and Triangles,Mathematics
4298,94,45,2025-09-02,2100,11,0.113,True,Thermal Physics and Heat Transfer,Physics
3224,94,26,2025-09-06,3780,11,0.125,False,Logarithmic and Exponential Functions,Mathematics
1399,94,13,2025-09-10,3000,38,0.173,True,Algebra Quadratic Equations and Inequalities,Mathematics
1742,94,7,2025-09-23,3420,3,0.076,True,Algebra Expressions and Linear Equations,Mathematics
4958,94,31,2025-09-27,3780,35,0.237,True,Probability and Statistical Distributions,Mathematics
4941,94,15,2025-09-29,3120,2,0.129,True,Functions and Graphs,Mathematics
3691,94,27,2025-10-02,3780,21,0.143,False,Trigonometry Advanced Applications,Mathematics
3965,94,25,2025-10-02,4200,0,0.085,True,Logarithmic and Exponential Functions,Mathematics
4667,94,59,2025-10-03,2100,26,0.256,True,Electromagnetic Induction,Physics
4560,94,21,2025-10-05,2040,23,0.121,True,Statistics Measures of Central Tendency,Mathematics
3426,94,34,2025-10-08,2340,12,0.14,True,Physical Quantities and Units,Physics
3779,94,8,2025-10-10,2100,21,0.13,True,Algebra Expressions and Linear Equations,Mathematics
1536,94,19,2025-10-28,2400,0,0.123,False,Trigonometry Introduction to Ratios,Mathematics
1257,94,58,2025-10-31,3420,24,0.176,False,Electromagnetic Induction,Physics
3369,94,44,2025-11-04,3360,1,0.102,True,Mechanics Work Energy and Power,Physics
2083,94,27,2025-11-07,2640,4,0.122,True,Trigonometry Advanced Applications,Mathematics
4161,94,58,2025-11-24,3780,8,0.223,False,Electromagnetic Induction,Physics
4566,94,15,2025-11-27,2280,14,0.16,True,Functions and Graphs,Mathematics
1164,94,30,2025-12-02,4020,31,0.141,False,Vectors and Transformations,Mathematics
697,94,1,2025-12-04,2820,27,0.153,True,Sets and Venn Diagrams,Mathematics
1693,94,26,2025-12-05,2160,17,0.128,False,Logarithmic and Exponential Functions,Mathematics
4882,94,5,2025-12-11,3060,21,0.082,True,Fractions Decimals and Percentages,Mathematics
3053,94,12,2026-01-06,2040,32,0.17,True,Statistics Data Collection and Representation,Mathematics
4223,94,29,2026-01-06,3720,10,0.045,True,Introduction to Calculus Differentiation,Mathematics
2196,94,20,2026-01-09,2460,26,0.138,False,Trigonometry Introduction to Ratios,Mathematics
2465,94,13,2026-01-11,3360,16,0.177,False,Algebra Quadratic Equations and Inequalities,Mathematics
4218,94,11,2026-01-11,1740,23,0.134,True,Statistics Data Collection and Representation,Mathematics
3877,94,60,2026-01-14,2880,25,0.163,False,Optics Interference and Diffraction,Physics
956,94,40,2026-01-16,3060,24,0.123,True,Light Reflection and Refraction,Physics
2757,94,56,2026-01-16,3960,14,0.109,False,Atomic Structure and Nuclear Physics,Physics
2913,94,15,2026-01-24,2400,4,0.134,False,Functions and Graphs,Mathematics
4266,94,31,2026-01-24,2580,12,0.209,True,Probability and Statistical Distributions,Mathematics
3510,94,29,2026-01-26,3900,5,0.032,False,Introduction to Calculus Differentiation,Mathematics
4104,94,46,2026-01-27,2100,4,0.11,True,Thermal Physics and Heat Transfer,Physics
4453,94,29,2026-01-29,3360,9,0.05,True,Introduction to Calculus Differentiation,Mathematics
3119,94,41,2026-02-05,2280,11,0.085,True,Matter States and Properties,Physics
2589,94,52,2026-02-08,2820,3,0.126,True,Kinematics and Projectile Motion,Physics
1467,94,14,2026-02-09,3420,25,0.17,True,Algebra Quadratic Equations and Inequalities,Mathematics
4072,94,32,2026-02-21,2820,12,0.204,True,Probability and Statistical Distributions,Mathematics
3285,95,28,2025-09-23,3060,26,0.243,False,Introduction to Calculus Differentiation,Mathematics
1628,95,49,2025-10-09,2160,20,0.213,True,Electricity DC Circuits and Ohms Law,Physics
255,95,31,2025-10-11,2520,31,0.212,False,Probability and Statistical Distributions,Mathematics
4734,95,54,2025-10-17,2640,33,0.255,True,Electricity AC Circuits and Electronics,Physics
3606,95,20,2025-10-21,2760,18,0.225,False,Trigonometry Introduction to Ratios,Mathematics
2690,95,20,2025-11-04,2760,32,0.175,True,Trigonometry Introduction to Ratios,Mathematics
4978,95,25,2025-11-09,3960,43,0.246,False,Logarithmic and Exponential Functions,Mathematics
4196,95,22,2025-11-11,3420,27,0.242,True,Numbers Surds and Indices,Mathematics
3680,95,51,2025-11-12,2220,26,0.22,True,Electromagnetism Basic Concepts,Physics
3259,95,10,2025-11-15,2280,24,0.277,True,Geometry Lines Angles and Triangles,Mathematics
938,95,42,2025-11-18,2640,6,0.17,True,Matter States and Properties,Physics
1172,95,57,2025-11-24,3240,39,0.254,False,Atomic Structure and Nuclear Physics,Physics
3828,95,23,2025-11-27,3000,23,0.264,True,Algebra Polynomials and Rational Expressions,Mathematics
392,95,53,2025-12-02,3900,18,0.251,False,Kinematics and Projectile Motion,Physics
1095,95,15,2025-12-11,2040,23,0.244,False,Functions and Graphs,Mathematics
1493,95,5,2026-01-03,2940,47,0.327,True,Fractions Decimals and Percentages,Mathematics
14,95,5,2026-01-09,2520,19,0.232,True,Fractions Decimals and Percentages,Mathematics
1175,95,44,2026-01-09,2760,24,0.241,True,Mechanics Work Energy and Power,Physics
4818,95,57,2026-01-09,4020,17,0.299,True,Atomic Structure and Nuclear Physics,Physics
935,95,12,2026-01-10,1680,28,0.255,True,Statistics Data Collection and Representation,Mathematics
3739,95,32,2026-01-10,2460,18,0.235,False,Probability and Statistical Distributions,Mathematics
4512,95,36,2026-01-12,2160,16,0.211,True,Forces and Newtons Laws,Physics
1195,95,52,2026-01-20,3300,32,0.27,True,Kinematics and Projectile Motion,Physics
1534,95,56,2026-01-22,2640,46,0.242,True,Atomic Structure and Nuclear Physics,Physics
2093,95,26,2026-01-24,3120,34,0.214,True,Logarithmic and Exponential Functions,Mathematics
941,95,47,2026-01-27,3240,19,0.19,True,Wave Properties Sound and Light,Physics
4860,95,46,2026-02-02,3000,13,0.267,True,Thermal Physics and Heat Transfer,Physics
1138,95,6,2026-02-14,2160,20,0.247,False,Fractions Decimals and Percentages,Mathematics
3030,96,32,2025-09-01,3720,23,0.125,True,Probability and Statistical Distributions,Mathematics
4406,96,1,2025-09-11,2340,18,0.187,True,Sets and Venn Diagrams,Mathematics
3215,96,18,2025-09-20,3000,24,0.208,False,Geometry Circles Polygons and Constructions,Mathematics
1073,96,43,2025-09-25,2640,25,0.234,False,Mechanics Work Energy and Power,Physics
3070,96,45,2025-09-25,2820,30,0.147,False,Thermal Physics and Heat Transfer,Physics
3078,96,10,2025-10-01,3840,17,0.168,True,Geometry Lines Angles and Triangles,Mathematics
176,96,53,2025-10-03,3720,19,0.166,True,Kinematics and Projectile Motion,Physics
292,96,55,2025-10-07,3600,21,0.178,True,Electricity AC Circuits and Electronics,Physics
1700,96,56,2025-10-09,4140,24,0.194,True,Atomic Structure and Nuclear Physics,Physics
405,96,46,2025-10-30,3300,0,0.145,False,Thermal Physics and Heat Transfer,Physics
3628,96,9,2025-11-12,3960,39,0.183,True,Geometry Lines Angles and Triangles,Mathematics
1898,96,47,2025-12-08,2400,16,0.153,True,Wave Properties Sound and Light,Physics
1918,96,60,2025-12-16,3120,17,0.175,False,Optics Interference and Diffraction,Physics
4085,96,21,2025-12-17,1740,15,0.178,True,Statistics Measures of Central Tendency,Mathematics
1886,96,56,2025-12-25,4380,11,0.264,True,Atomic Structure and Nuclear Physics,Physics
3673,96,9,2025-12-29,2880,8,0.196,True,Geometry Lines Angles and Triangles,Mathematics
2568,96,22,2026-01-13,2340,15,0.187,False,Numbers Surds and Indices,Mathematics
1165,96,6,2026-01-16,2220,15,0.183,True,Fractions Decimals and Percentages,Mathematics
2257,96,20,2026-01-17,3660,1,0.178,True,Trigonometry Introduction to Ratios,Mathematics
4208,96,27,2026-01-27,3000,14,0.171,True,Trigonometry Advanced Applications,Mathematics
78,96,23,2026-01-28,4140,13,0.119,True,Algebra Polynomials and Rational Expressions,Mathematics
2972,96,22,2026-02-11,2640,32,0.248,False,Numbers Surds and Indices,Mathematics
1251,96,14,2026-02-15,3480,11,0.189,True,Algebra Quadratic Equations and Inequalities,Mathematics
3668,96,48,2026-02-16,3300,24,0.237,True,Wave Properties Sound and Light,Physics
2634,97,58,2025-09-04,3120,21,0.296,True,Electromagnetic Induction,Physics
2531,97,20,2025-09-22,3780,7,0.189,True,Trigonometry Introduction to Ratios,Mathematics
4124,97,35,2025-09-28,3660,38,0.357,True,Forces and Newtons Laws,Physics
1373,97,54,2025-09-30,3780,38,0.314,False,Electricity AC Circuits and Electronics,Physics
4943,97,10,2025-10-04,2460,30,0.357,False,Geometry Lines Angles and Triangles,Mathematics
1088,97,41,2025-10-06,1800,38,0.272,True,Matter States and Properties,Physics
62,97,48,2025-10-11,2880,25,0.369,True,Wave Properties Sound and Light,Physics
1657,97,10,2025-10-11,2520,44,0.32,True,Geometry Lines Angles and Triangles,Mathematics
1378,97,26,2025-10-12,3360,28,0.319,True,Logarithmic and Exponential Functions,Mathematics
4430,97,16,2025-10-22,3840,25,0.22,False,Functions and Graphs,Mathematics
3226,97,37,2025-10-30,3120,54,0.471,True,Energy Forms and Conservation,Physics
1455,97,24,2025-11-03,3540,28,0.284,True,Algebra Polynomials and Rational Expressions,Mathematics
3534,97,19,2025-11-11,3240,28,0.177,True,Trigonometry Introduction to Ratios,Mathematics
2612,97,38,2025-11-21,2520,35,0.372,False,Energy Forms and Conservation,Physics
4404,97,58,2025-11-24,2400,21,0.31,True,Electromagnetic Induction,Physics
4799,97,56,2025-11-24,4140,38,0.298,True,Atomic Structure and Nuclear Physics,Physics
988,97,46,2025-12-16,3120,33,0.263,True,Thermal Physics and Heat Transfer,Physics
4690,97,47,2025-12-18,2460,57,0.381,True,Wave Properties Sound and Light,Physics
1334,97,60,2025-12-19,3180,23,0.235,True,Optics Interference and Diffraction,Physics
4429,97,23,2025-12-24,3060,31,0.262,True,Algebra Polynomials and Rational Expressions,Mathematics
2828,97,55,2025-12-26,3780,32,0.324,True,Electricity AC Circuits and Electronics,Physics
623,97,30,2025-12-30,3120,50,0.336,True,Vectors and Transformations,Mathematics
331,97,11,2026-01-02,1620,24,0.256,False,Statistics Data Collection and Representation,Mathematics
3620,97,14,2026-01-13,2760,23,0.279,True,Algebra Quadratic Equations and Inequalities,Mathematics
562,97,29,2026-02-02,3600,3,0.202,False,Introduction to Calculus Differentiation,Mathematics
1170,97,23,2026-02-13,3720,13,0.31,True,Algebra Polynomials and Rational Expressions,Mathematics
4787,97,52,2026-02-16,4140,21,0.222,True,Kinematics and Projectile Motion,Physics
3519,97,51,2026-02-23,2160,45,0.231,True,Electromagnetism Basic Concepts,Physics
2647,97,53,2026-02-28,4560,6,0.206,True,Kinematics and Projectile Motion,Physics
4401,98,10,2025-09-10,2580,26,0.43,True,Geometry Lines Angles and Triangles,Mathematics
2146,98,53,2025-09-12,2760,20,0.215,True,Kinematics and Projectile Motion,Physics
2513,98,34,2025-09-15,2280,18,0.188,True,Physical Quantities and Units,Physics
3889,98,9,2025-09-24,2820,29,0.365,True,Geometry Lines Angles and Triangles,Mathematics
3866,98,10,2025-10-13,2400,31,0.262,False,Geometry Lines Angles and Triangles,Mathematics
550,98,59,2025-10-15,2220,33,0.186,True,Electromagnetic Induction,Physics
1132,98,3,2025-10-21,2400,38,0.21,True,Whole Numbers and Number Theory,Mathematics
4621,98,43,2025-10-21,3840,4,0.143,True,Mechanics Work Energy and Power,Physics
3087,98,19,2025-11-02,2460,18,0.177,True,Trigonometry Introduction to Ratios,Mathematics
4719,98,51,2025-11-12,2040,14,0.201,True,Electromagnetism Basic Concepts,Physics
3330,98,46,2025-11-14,2580,31,0.229,True,Thermal Physics and Heat Transfer,Physics
2931,98,37,2025-11-15,2040,33,0.336,True,Energy Forms and Conservation,Physics
2772,98,26,2025-11-18,2760,0,0.119,False,Logarithmic and Exponential Functions,Mathematics
70,98,28,2025-11-21,3360,16,0.198,True,Introduction to Calculus Differentiation,Mathematics
3806,98,4,2025-11-26,2040,23,0.217,False,Whole Numbers and Number Theory,Mathematics
3572,98,32,2025-12-02,4200,38,0.24,False,Probability and Statistical Distributions,Mathematics
299,98,57,2025-12-07,3420,5,0.201,True,Atomic Structure and Nuclear Physics,Physics
2852,98,54,2025-12-21,2700,20,0.226,True,Electricity AC Circuits and Electronics,Physics
2870,98,2,2025-12-25,3780,20,0.244,True,Sets and Venn Diagrams,Mathematics
2649,98,37,2025-12-26,2640,35,0.219,True,Energy Forms and Conservation,Physics
4251,98,47,2025-12-28,3300,12,0.173,True,Wave Properties Sound and Light,Physics
2445,98,43,2026-01-12,2640,27,0.214,True,Mechanics Work Energy and Power,Physics
4724,98,28,2026-01-15,4320,0,0.243,False,Introduction to Calculus Differentiation,Mathematics
1959,98,3,2026-01-25,1800,21,0.218,True,Whole Numbers and Number Theory,Mathematics
3270,98,12,2026-02-03,1980,8,0.148,True,Statistics Data Collection and Representation,Mathematics
532,98,44,2026-02-08,2880,29,0.177,True,Mechanics Work Energy and Power,Physics
2116,98,41,2026-02-09,2220,4,0.21,True,Matter States and Properties,Physics
4917,98,8,2026-02-15,2760,31,0.364,True,Algebra Expressions and Linear Equations,Mathematics
3189,98,9,2026-02-20,3180,31,0.179,True,Geometry Lines Angles and Triangles,Mathematics
2793,98,7,2026-02-23,3000,33,0.242,False,Algebra Expressions and Linear Equations,Mathematics
3959,99,48,2025-09-12,2400,32,0.26,True,Wave Properties Sound and Light,Physics
4629,99,48,2025-09-14,3240,24,0.275,True,Wave Properties Sound and Light,Physics
923,99,19,2025-09-21,2700,29,0.257,False,Trigonometry Introduction to Ratios,Mathematics
4424,99,11,2025-09-21,2220,25,0.2,True,Statistics Data Collection and Representation,Mathematics
3467,99,31,2025-09-25,2760,10,0.204,True,Probability and Statistical Distributions,Mathematics
2607,99,22,2025-10-06,2940,29,0.333,False,Numbers Surds and Indices,Mathematics
4790,99,60,2025-10-17,3960,36,0.282,True,Optics Interference and Diffraction,Physics
1661,99,57,2025-10-22,2880,36,0.215,True,Atomic Structure and Nuclear Physics,Physics
3819,99,45,2025-10-24,2280,21,0.253,True,Thermal Physics and Heat Transfer,Physics
2267,99,60,2025-11-07,2520,40,0.27,True,Optics Interference and Diffraction,Physics
989,99,5,2025-11-16,1980,11,0.299,True,Fractions Decimals and Percentages,Mathematics
2969,99,7,2025-11-20,2400,15,0.225,True,Algebra Expressions and Linear Equations,Mathematics
4666,99,2,2025-11-20,2340,48,0.327,True,Sets and Venn Diagrams,Mathematics
784,99,22,2025-11-30,2340,44,0.232,True,Numbers Surds and Indices,Mathematics
1790,99,55,2025-12-01,2160,11,0.247,False,Electricity AC Circuits and Electronics,Physics
3585,99,34,2025-12-15,1980,38,0.423,True,Physical Quantities and Units,Physics
269,99,34,2025-12-16,2520,25,0.231,True,Physical Quantities and Units,Physics
77,99,10,2025-12-17,2220,6,0.239,True,Geometry Lines Angles and Triangles,Mathematics
4403,99,28,2025-12-23,4380,22,0.248,False,Introduction to Calculus Differentiation,Mathematics
3364,99,43,2026-01-02,2940,18,0.164,True,Mechanics Work Energy and Power,Physics
1131,99,32,2026-01-05,3060,23,0.226,True,Probability and Statistical Distributions,Mathematics
2561,99,59,2026-01-16,3240,43,0.21,True,Electromagnetic Induction,Physics
4657,99,25,2026-01-21,3180,17,0.189,True,Logarithmic and Exponential Functions,Mathematics
3477,99,1,2026-01-24,3000,28,0.218,False,Sets and Venn Diagrams,Mathematics
2117,99,21,2026-01-25,2040,21,0.237,True,Statistics Measures of Central Tendency,Mathematics
977,99,28,2026-02-01,3060,8,0.154,True,Introduction to Calculus Differentiation,Mathematics
1259,99,1,2026-02-04,3120,26,0.18,True,Sets and Venn Diagrams,Mathematics
40,99,23,2026-02-10,3120,27,0.217,True,Algebra Polynomials and Rational Expressions,Mathematics
4835,99,54,2026-02-10,3840,31,0.31,True,Electricity AC Circuits and Electronics,Physics
2991,99,34,2026-02-16,2280,36,0.322,False,Physical Quantities and Units,Physics
2653,100,51,2025-09-11,2640,24,0.181,False,Electromagnetism Basic Concepts,Physics
741,100,25,2025-09-21,3240,9,0.164,False,Logarithmic and Exponential Functions,Mathematics
4741,100,58,2025-09-24,4260,24,0.213,False,Electromagnetic Induction,Physics
1765,100,1,2025-10-04,3420,25,0.208,False,Sets and Venn Diagrams,Mathematics
2348,100,53,2025-10-05,3780,36,0.208,True,Kinematics and Projectile Motion,Physics
622,100,55,2025-10-06,3720,13,0.123,False,Electricity AC Circuits and Electronics,Physics
3084,100,3,2025-10-07,2280,15,0.175,True,Whole Numbers and Number Theory,Mathematics
2683,100,46,2025-10-08,2700,31,0.196,True,Thermal Physics and Heat Transfer,Physics
2708,100,48,2025-10-12,3540,17,0.115,False,Wave Properties Sound and Light,Physics
1537,100,11,2025-10-15,1500,7,0.215,False,Statistics Data Collection and Representation,Mathematics
413,100,5,2025-10-31,2880,4,0.153,False,Fractions Decimals and Percentages,Mathematics
318,100,38,2025-11-01,3060,3,0.129,True,Energy Forms and Conservation,Physics
194,100,41,2025-11-18,1620,6,0.157,False,Matter States and Properties,Physics
679,100,52,2025-11-18,3840,9,0.148,False,Kinematics and Projectile Motion,Physics
1832,100,14,2025-11-20,2880,24,0.143,True,Algebra Quadratic Equations and Inequalities,Mathematics
851,100,12,2025-12-07,2520,0,0.174,False,Statistics Data Collection and Representation,Mathematics
2716,100,27,2025-12-07,4380,6,0.136,True,Trigonometry Advanced Applications,Mathematics
1198,100,33,2025-12-13,2880,4,0.146,True,Physical Quantities and Units,Physics
2151,100,24,2025-12-18,2100,20,0.168,True,Algebra Polynomials and Rational Expressions,Mathematics
2047,100,55,2025-12-19,3480,23,0.257,False,Electricity AC Circuits and Electronics,Physics
1188,100,54,2025-12-22,2940,41,0.175,True,Electricity AC Circuits and Electronics,Physics
320,100,60,2025-12-28,2700,0,0.118,True,Optics Interference and Diffraction,Physics
2409,100,33,2026-01-06,2460,31,0.145,True,Physical Quantities and Units,Physics
1846,100,10,2026-01-08,3660,22,0.15,False,Geometry Lines Angles and Triangles,Mathematics
4543,100,24,2026-01-12,3060,23,0.223,False,Algebra Polynomials and Rational Expressions,Mathematics
927,100,45,2026-01-19,2460,37,0.142,True,Thermal Physics and Heat Transfer,Physics
650,100,56,2026-01-27,3180,5,0.173,True,Atomic Structure and Nuclear Physics,Physics
137,100,51,2026-01-30,2040,7,0.173,True,Electromagnetism Basic Concepts,Physics
46,100,29,2026-02-04,3660,10,0.175,False,Introduction to Calculus Differentiation,Mathematics
1819,100,40,2026-02-14,3120,10,0.174,False,Light Reflection and Refraction,Physics
17,101,21,2025-09-01,2460,29,0.328,True,Statistics Measures of Central Tendency,Mathematics
2747,101,1,2025-09-02,3000,29,0.249,True,Sets and Venn Diagrams,Mathematics
4358,101,37,2025-09-05,2760,32,0.25,True,Energy Forms and Conservation,Physics
3815,101,26,2025-10-04,2820,15,0.275,True,Logarithmic and Exponential Functions,Mathematics
4710,101,2,2025-10-08,3120,11,0.255,True,Sets and Venn Diagrams,Mathematics
3252,101,3,2025-10-12,1740,30,0.284,True,Whole Numbers and Number Theory,Mathematics
2947,101,28,2025-10-15,3720,15,0.313,True,Introduction to Calculus Differentiation,Mathematics
1028,101,9,2025-10-21,3780,42,0.259,True,Geometry Lines Angles and Triangles,Mathematics
1721,101,49,2025-10-27,3840,12,0.291,True,Electricity DC Circuits and Ohms Law,Physics
1662,101,40,2025-11-03,3360,20,0.265,False,Light Reflection and Refraction,Physics
882,101,55,2025-11-14,3780,24,0.292,False,Electricity AC Circuits and Electronics,Physics
2496,101,39,2025-11-20,2880,13,0.23,True,Light Reflection and Refraction,Physics
158,101,21,2025-12-04,2040,30,0.361,True,Statistics Measures of Central Tendency,Mathematics
1282,101,48,2025-12-04,3300,33,0.269,True,Wave Properties Sound and Light,Physics
1440,101,37,2025-12-10,2640,27,0.243,False,Energy Forms and Conservation,Physics
2113,101,22,2025-12-15,3360,49,0.338,True,Numbers Surds and Indices,Mathematics
2483,101,59,2025-12-15,3180,11,0.276,False,Electromagnetic Induction,Physics
4407,101,29,2025-12-16,2700,37,0.322,True,Introduction to Calculus Differentiation,Mathematics
2300,101,24,2025-12-24,3600,48,0.292,True,Algebra Polynomials and Rational Expressions,Mathematics
1818,101,60,2026-01-01,3600,25,0.284,True,Optics Interference and Diffraction,Physics
4783,101,27,2026-01-04,3720,40,0.239,True,Trigonometry Advanced Applications,Mathematics
3757,101,42,2026-01-15,2280,37,0.237,True,Matter States and Properties,Physics
2518,101,32,2026-02-02,4140,32,0.261,True,Probability and Statistical Distributions,Mathematics
2362,101,40,2026-02-04,2700,30,0.206,True,Light Reflection and Refraction,Physics
4093,101,25,2026-02-08,3720,16,0.209,True,Logarithmic and Exponential Functions,Mathematics
4383,101,30,2026-02-09,4260,32,0.222,True,Vectors and Transformations,Mathematics
1347,101,10,2026-02-11,3780,25,0.289,True,Geometry Lines Angles and Triangles,Mathematics
1400,101,54,2026-02-15,2820,21,0.283,True,Electricity AC Circuits and Electronics,Physics
3645,101,24,2026-02-19,3720,17,0.276,False,Algebra Polynomials and Rational Expressions,Mathematics
2259,101,11,2026-02-23,2400,34,0.282,True,Statistics Data Collection and Representation,Mathematics
4393,101,25,2026-02-28,4020,43,0.223,True,Logarithmic and Exponential Functions,Mathematics
4170,102,56,2025-09-08,4260,33,0.256,True,Atomic Structure and Nuclear Physics,Physics
2381,102,31,2025-09-09,2100,43,0.475,True,Probability and Statistical Distributions,Mathematics
4199,102,21,2025-09-21,3060,45,0.405,True,Statistics Measures of Central Tendency,Mathematics
3887,102,31,2025-10-03,3240,44,0.593,True,Probability and Statistical Distributions,Mathematics
720,102,55,2025-10-06,3600,14,0.256,False,Electricity AC Circuits and Electronics,Physics
1487,102,60,2025-10-06,3360,19,0.337,True,Optics Interference and Diffraction,Physics
1126,102,9,2025-10-08,2520,16,0.309,True,Geometry Lines Angles and Triangles,Mathematics
3535,102,33,2025-10-16,1740,28,0.458,True,Physical Quantities and Units,Physics
2049,102,58,2025-10-27,3960,41,0.263,True,Electromagnetic Induction,Physics
701,102,21,2025-11-03,2520,29,0.353,True,Statistics Measures of Central Tendency,Mathematics
2310,102,47,2025-11-08,1920,27,0.26,True,Wave Properties Sound and Light,Physics
4341,102,18,2025-11-15,2940,37,0.362,True,Geometry Circles Polygons and Constructions,Mathematics
2888,102,45,2025-11-21,3120,12,0.279,True,Thermal Physics and Heat Transfer,Physics
1454,102,4,2025-11-23,2460,28,0.26,True,Whole Numbers and Number Theory,Mathematics
2052,102,33,2025-11-24,2340,30,0.329,True,Physical Quantities and Units,Physics
1032,102,32,2025-11-26,2400,19,0.241,False,Probability and Statistical Distributions,Mathematics
3608,102,1,2025-12-06,2280,42,0.32,True,Sets and Venn Diagrams,Mathematics
2451,102,55,2025-12-09,3120,46,0.368,True,Electricity AC Circuits and Electronics,Physics
4798,102,25,2025-12-11,3600,25,0.311,True,Logarithmic and Exponential Functions,Mathematics
3561,102,48,2025-12-18,3240,32,0.306,True,Wave Properties Sound and Light,Physics
1385,102,55,2025-12-19,2700,44,0.285,True,Electricity AC Circuits and Electronics,Physics
4678,102,11,2025-12-23,1440,47,0.303,True,Statistics Data Collection and Representation,Mathematics
2968,102,37,2025-12-24,2460,42,0.242,True,Energy Forms and Conservation,Physics
1202,102,31,2025-12-25,3720,39,0.329,True,Probability and Statistical Distributions,Mathematics
179,102,16,2025-12-30,3120,30,0.272,True,Functions and Graphs,Mathematics
4489,102,42,2026-01-04,2520,44,0.364,False,Matter States and Properties,Physics
606,102,44,2026-01-11,2400,21,0.251,True,Mechanics Work Energy and Power,Physics
1412,102,18,2026-01-23,3360,29,0.311,True,Geometry Circles Polygons and Constructions,Mathematics
2934,102,7,2026-01-23,2820,23,0.304,True,Algebra Expressions and Linear Equations,Mathematics
2693,102,32,2026-02-03,2580,48,0.518,True,Probability and Statistical Distributions,Mathematics
3881,102,8,2026-02-06,2100,41,0.35,True,Algebra Expressions and Linear Equations,Mathematics
3956,102,47,2026-02-07,2040,44,0.381,True,Wave Properties Sound and Light,Physics
4117,102,43,2026-02-07,3180,36,0.314,True,Mechanics Work Energy and Power,Physics
4349,102,32,2026-02-10,3960,47,0.613,True,Probability and Statistical Distributions,Mathematics
3725,103,21,2025-09-24,2760,35,0.278,True,Statistics Measures of Central Tendency,Mathematics
4046,103,40,2025-10-02,2940,40,0.309,True,Light Reflection and Refraction,Physics
44,103,46,2025-10-08,2580,8,0.245,False,Thermal Physics and Heat Transfer,Physics
2587,103,5,2025-10-11,1980,43,0.327,True,Fractions Decimals and Percentages,Mathematics
1594,103,35,2025-10-18,3720,30,0.28,True,Forces and Newtons Laws,Physics
1141,103,8,2025-10-22,2820,9,0.242,False,Algebra Expressions and Linear Equations,Mathematics
1992,103,17,2025-10-23,4080,17,0.193,False,Geometry Circles Polygons and Constructions,Mathematics
3195,103,27,2025-10-23,3480,0,0.168,True,Trigonometry Advanced Applications,Mathematics
4599,103,21,2025-10-24,2280,29,0.255,True,Statistics Measures of Central Tendency,Mathematics
991,103,1,2025-10-28,3000,33,0.262,True,Sets and Venn Diagrams,Mathematics
3856,103,52,2025-10-29,3300,18,0.209,True,Kinematics and Projectile Motion,Physics
1484,103,11,2025-11-15,2700,23,0.287,True,Statistics Data Collection and Representation,Mathematics
1441,103,21,2025-11-23,2160,25,0.204,True,Statistics Measures of Central Tendency,Mathematics
2107,103,11,2025-12-02,1500,60,0.368,True,Statistics Data Collection and Representation,Mathematics
2846,103,38,2025-12-12,2220,14,0.354,True,Energy Forms and Conservation,Physics
4300,103,19,2025-12-12,2220,31,0.226,True,Trigonometry Introduction to Ratios,Mathematics
1309,103,53,2025-12-19,2820,39,0.225,True,Kinematics and Projectile Motion,Physics
889,103,55,2025-12-29,3540,27,0.263,False,Electricity AC Circuits and Electronics,Physics
2628,103,1,2026-01-01,2580,24,0.301,True,Sets and Venn Diagrams,Mathematics
4717,103,53,2026-01-04,3420,16,0.194,True,Kinematics and Projectile Motion,Physics
2194,103,45,2026-01-11,2940,35,0.293,False,Thermal Physics and Heat Transfer,Physics
980,103,14,2026-01-12,3780,24,0.283,False,Algebra Quadratic Equations and Inequalities,Mathematics
3150,103,16,2026-01-20,3300,16,0.205,True,Functions and Graphs,Mathematics
2459,103,55,2026-01-21,2640,51,0.329,True,Electricity AC Circuits and Electronics,Physics
3159,103,3,2026-01-25,2760,27,0.241,False,Whole Numbers and Number Theory,Mathematics
3686,103,45,2026-01-25,2760,33,0.37,True,Thermal Physics and Heat Transfer,Physics
2664,103,6,2026-01-28,1740,27,0.319,True,Fractions Decimals and Percentages,Mathematics
4688,103,17,2026-01-30,2880,28,0.273,True,Geometry Circles Polygons and Constructions,Mathematics
123,103,6,2026-02-01,2400,14,0.26,False,Fractions Decimals and Percentages,Mathematics
1571,103,26,2026-02-05,2400,16,0.229,True,Logarithmic and Exponential Functions,Mathematics
1923,103,38,2026-02-19,1980,12,0.239,True,Energy Forms and Conservation,Physics
1989,103,39,2026-02-19,2040,18,0.223,True,Light Reflection and Refraction,Physics
2039,103,56,2026-02-19,4620,36,0.288,True,Atomic Structure and Nuclear Physics,Physics
3123,104,27,2025-09-08,3960,15,0.19,True,Trigonometry Advanced Applications,Mathematics
3406,104,26,2025-09-18,3600,5,0.232,True,Logarithmic and Exponential Functions,Mathematics
2008,104,17,2025-09-19,4020,0,0.142,True,Geometry Circles Polygons and Constructions,Mathematics
3864,104,5,2025-09-22,3120,12,0.238,False,Fractions Decimals and Percentages,Mathematics
2794,104,11,2025-09-23,2400,0,0.125,False,Statistics Data Collection and Representation,Mathematics
1630,104,26,2025-09-26,3600,1,0.172,True,Logarithmic and Exponential Functions,Mathematics
3017,104,43,2025-09-27,2520,22,0.192,True,Mechanics Work Energy and Power,Physics
3769,104,57,2025-09-29,2460,18,0.185,True,Atomic Structure and Nuclear Physics,Physics
23,104,43,2025-10-02,3840,3,0.206,True,Mechanics Work Energy and Power,Physics
2661,104,25,2025-10-07,2520,11,0.183,True,Logarithmic and Exponential Functions,Mathematics
743,104,56,2025-11-10,3480,0,0.128,False,Atomic Structure and Nuclear Physics,Physics
2620,104,55,2025-11-10,2820,2,0.118,False,Electricity AC Circuits and Electronics,Physics
3272,104,18,2025-11-11,3720,20,0.187,True,Geometry Circles Polygons and Constructions,Mathematics
278,104,40,2025-11-22,2640,32,0.151,True,Light Reflection and Refraction,Physics
2269,104,43,2025-11-27,2520,23,0.254,False,Mechanics Work Energy and Power,Physics
1743,104,50,2025-12-21,4200,19,0.169,True,Electricity DC Circuits and Ohms Law,Physics
4131,104,29,2025-12-23,3240,23,0.136,True,Introduction to Calculus Differentiation,Mathematics
3320,104,46,2025-12-31,2940,22,0.177,True,Thermal Physics and Heat Transfer,Physics
3341,104,7,2026-01-11,2760,10,0.212,True,Algebra Expressions and Linear Equations,Mathematics
2521,104,24,2026-01-13,2280,8,0.125,True,Algebra Polynomials and Rational Expressions,Mathematics
3548,104,9,2026-01-13,3480,19,0.204,False,Geometry Lines Angles and Triangles,Mathematics
4013,104,6,2026-01-16,2340,17,0.227,False,Fractions Decimals and Percentages,Mathematics
2248,104,40,2026-01-17,3300,13,0.126,False,Light Reflection and Refraction,Physics
2034,104,27,2026-01-19,3060,13,0.174,True,Trigonometry Advanced Applications,Mathematics
4880,104,13,2026-01-23,2520,4,0.156,True,Algebra Quadratic Equations and Inequalities,Mathematics
2127,104,48,2026-01-28,3060,20,0.133,True,Wave Properties Sound and Light,Physics
2878,104,31,2026-01-28,2880,10,0.182,False,Probability and Statistical Distributions,Mathematics
4402,104,39,2026-02-01,3060,18,0.145,True,Light Reflection and Refraction,Physics
4772,104,28,2026-02-09,4140,19,0.194,True,Introduction to Calculus Differentiation,Mathematics
4674,104,57,2026-02-16,3060,21,0.184,True,Atomic Structure and Nuclear Physics,Physics
3756,104,49,2026-02-20,3480,11,0.187,True,Electricity DC Circuits and Ohms Law,Physics
1673,104,42,2026-02-24,2160,23,0.171,False,Matter States and Properties,Physics
4914,105,25,2025-09-05,3420,32,0.375,True,Logarithmic and Exponential Functions,Mathematics
3610,105,27,2025-09-06,2760,20,0.215,True,Trigonometry Advanced Applications,Mathematics
985,105,46,2025-09-13,3480,23,0.138,True,Thermal Physics and Heat Transfer,Physics
4185,105,2,2025-09-17,3840,28,0.222,False,Sets and Venn Diagrams,Mathematics
648,105,35,2025-09-18,3840,15,0.167,True,Forces and Newtons Laws,Physics
719,105,23,2025-10-02,4080,26,0.193,True,Algebra Polynomials and Rational Expressions,Mathematics
1199,105,5,2025-10-18,3120,39,0.199,True,Fractions Decimals and Percentages,Mathematics
4187,105,43,2025-10-20,3180,22,0.119,True,Mechanics Work Energy and Power,Physics
3218,105,14,2025-10-23,4200,33,0.279,True,Algebra Quadratic Equations and Inequalities,Mathematics
1710,105,22,2025-10-27,2100,18,0.124,True,Numbers Surds and Indices,Mathematics
3441,105,19,2025-11-06,1980,17,0.158,True,Trigonometry Introduction to Ratios,Mathematics
134,105,19,2025-11-09,3300,38,0.167,False,Trigonometry Introduction to Ratios,Mathematics
1097,105,16,2025-11-09,3660,18,0.161,True,Functions and Graphs,Mathematics
904,105,60,2025-11-17,3300,21,0.225,False,Optics Interference and Diffraction,Physics
3370,105,48,2025-11-17,2340,5,0.175,True,Wave Properties Sound and Light,Physics
2482,105,50,2025-11-23,4200,28,0.187,False,Electricity DC Circuits and Ohms Law,Physics
2592,105,19,2025-12-09,2880,20,0.183,True,Trigonometry Introduction to Ratios,Mathematics
2232,105,9,2025-12-12,3540,18,0.196,True,Geometry Lines Angles and Triangles,Mathematics
3160,105,27,2025-12-16,3300,22,0.143,False,Trigonometry Advanced Applications,Mathematics
1627,105,24,2025-12-17,2940,22,0.255,True,Algebra Polynomials and Rational Expressions,Mathematics
4920,105,59,2025-12-23,2700,26,0.209,True,Electromagnetic Induction,Physics
2901,105,57,2025-12-26,4140,5,0.165,False,Atomic Structure and Nuclear Physics,Physics
658,105,10,2025-12-27,2820,23,0.136,True,Geometry Lines Angles and Triangles,Mathematics
4442,105,30,2025-12-28,2760,43,0.2,True,Vectors and Transformations,Mathematics
1397,105,26,2025-12-30,3720,53,0.343,True,Logarithmic and Exponential Functions,Mathematics
3397,105,3,2026-01-05,1860,38,0.303,True,Whole Numbers and Number Theory,Mathematics
1018,105,41,2026-01-10,2220,27,0.189,True,Matter States and Properties,Physics
4784,105,60,2026-01-14,3720,13,0.243,True,Optics Interference and Diffraction,Physics
2405,105,3,2026-01-27,2880,26,0.226,False,Whole Numbers and Number Theory,Mathematics
3094,105,29,2026-01-30,3240,24,0.209,True,Introduction to Calculus Differentiation,Mathematics
147,105,39,2026-01-31,2760,9,0.231,True,Light Reflection and Refraction,Physics
2952,105,13,2026-01-31,2640,26,0.266,False,Algebra Quadratic Equations and Inequalities,Mathematics
4269,105,21,2026-02-02,2460,23,0.239,True,Statistics Measures of Central Tendency,Mathematics
3697,105,37,2026-02-08,2760,29,0.258,True,Energy Forms and Conservation,Physics
4731,105,43,2026-02-11,2940,14,0.079,True,Mechanics Work Energy and Power,Physics
3023,105,14,2026-02-18,4020,23,0.29,False,Algebra Quadratic Equations and Inequalities,Mathematics
1295,105,26,2026-02-22,2760,18,0.223,True,Logarithmic and Exponential Functions,Mathematics
4591,105,39,2026-02-27,1980,41,0.301,True,Light Reflection and Refraction,Physics
2932,106,13,2025-09-10,2760,40,0.355,True,Algebra Quadratic Equations and Inequalities,Mathematics
2718,106,6,2025-09-17,2580,45,0.256,False,Fractions Decimals and Percentages,Mathematics
512,106,18,2025-09-23,2580,31,0.287,False,Geometry Circles Polygons and Constructions,Mathematics
2011,106,51,2025-09-23,3420,44,0.293,True,Electromagnetism Basic Concepts,Physics
2688,106,14,2025-10-04,2580,29,0.288,True,Algebra Quadratic Equations and Inequalities,Mathematics
3143,106,33,2025-10-05,1740,37,0.339,True,Physical Quantities and Units,Physics
4982,106,45,2025-10-09,3360,23,0.307,False,Thermal Physics and Heat Transfer,Physics
1515,106,54,2025-10-15,3120,26,0.324,True,Electricity AC Circuits and Electronics,Physics
4278,106,18,2025-10-16,2640,20,0.31,False,Geometry Circles Polygons and Constructions,Mathematics
4146,106,44,2025-10-22,2340,16,0.295,True,Mechanics Work Energy and Power,Physics
1024,106,59,2025-10-27,3540,37,0.28,True,Electromagnetic Induction,Physics
783,106,58,2025-11-01,3480,25,0.282,True,Electromagnetic Induction,Physics
1461,106,24,2025-11-03,3660,30,0.315,False,Algebra Polynomials and Rational Expressions,Mathematics
1110,106,47,2025-11-18,3180,24,0.372,True,Wave Properties Sound and Light,Physics
1274,106,38,2025-11-22,2640,31,0.285,True,Energy Forms and Conservation,Physics
2884,106,13,2025-12-01,2340,32,0.302,False,Algebra Quadratic Equations and Inequalities,Mathematics
390,106,19,2025-12-04,3240,16,0.267,True,Trigonometry Introduction to Ratios,Mathematics
1852,106,22,2025-12-06,2220,33,0.331,True,Numbers Surds and Indices,Mathematics
4106,106,23,2025-12-06,3180,30,0.373,False,Algebra Polynomials and Rational Expressions,Mathematics
2490,106,34,2025-12-11,2640,25,0.324,True,Physical Quantities and Units,Physics
2617,106,9,2025-12-15,4080,43,0.322,False,Geometry Lines Angles and Triangles,Mathematics
1027,106,37,2025-12-16,2280,6,0.236,True,Energy Forms and Conservation,Physics
4925,106,46,2025-12-21,3660,40,0.291,False,Thermal Physics and Heat Transfer,Physics
1649,106,30,2025-12-23,3540,35,0.305,True,Vectors and Transformations,Mathematics
3798,106,50,2025-12-31,3060,39,0.327,True,Electricity DC Circuits and Ohms Law,Physics
2753,106,50,2026-01-01,3360,23,0.243,False,Electricity DC Circuits and Ohms Law,Physics
1070,106,42,2026-01-06,2040,29,0.326,True,Matter States and Properties,Physics
4758,106,44,2026-01-14,3420,35,0.268,False,Mechanics Work Energy and Power,Physics
1979,106,34,2026-01-17,2400,26,0.271,True,Physical Quantities and Units,Physics
2481,106,38,2026-01-19,1860,25,0.276,False,Energy Forms and Conservation,Physics
452,106,48,2026-01-22,2100,24,0.294,True,Wave Properties Sound and Light,Physics
1542,106,24,2026-01-24,3540,32,0.324,False,Algebra Polynomials and Rational Expressions,Mathematics
3904,106,52,2026-01-27,2340,39,0.292,False,Kinematics and Projectile Motion,Physics
3805,106,10,2026-01-29,3240,22,0.375,True,Geometry Lines Angles and Triangles,Mathematics
12,106,48,2026-01-31,3000,25,0.278,True,Wave Properties Sound and Light,Physics
3905,106,22,2026-02-08,3060,14,0.342,True,Numbers Surds and Indices,Mathematics
3434,106,60,2026-02-21,2760,18,0.346,True,Optics Interference and Diffraction,Physics
1935,106,42,2026-02-26,3000,26,0.364,False,Matter States and Properties,Physics
2608,106,41,2026-02-28,2580,41,0.386,True,Matter States and Properties,Physics
4903,107,25,2025-09-01,4200,42,0.352,True,Logarithmic and Exponential Functions,Mathematics
4814,107,28,2025-09-03,3120,30,0.247,False,Introduction to Calculus Differentiation,Mathematics
1625,107,41,2025-09-04,2100,36,0.424,True,Matter States and Properties,Physics
876,107,52,2025-09-10,2400,40,0.425,True,Kinematics and Projectile Motion,Physics
3056,107,38,2025-09-15,2460,36,0.369,True,Energy Forms and Conservation,Physics
4288,107,19,2025-09-29,2520,27,0.341,True,Trigonometry Introduction to Ratios,Mathematics
259,107,4,2025-10-01,1500,20,0.255,True,Whole Numbers and Number Theory,Mathematics
2376,107,11,2025-10-09,1440,56,0.407,True,Statistics Data Collection and Representation,Mathematics
3024,107,32,2025-10-09,4200,37,0.266,True,Probability and Statistical Distributions,Mathematics
1946,107,17,2025-10-20,2340,24,0.305,True,Geometry Circles Polygons and Constructions,Mathematics
1497,107,2,2025-10-27,3660,23,0.278,True,Sets and Venn Diagrams,Mathematics
4519,107,28,2025-11-01,4620,33,0.246,False,Introduction to Calculus Differentiation,Mathematics
121,107,30,2025-11-02,3480,32,0.268,False,Vectors and Transformations,Mathematics
112,107,11,2025-11-05,2280,46,0.337,True,Statistics Data Collection and Representation,Mathematics
3230,107,52,2025-11-23,2520,49,0.452,True,Kinematics and Projectile Motion,Physics
3481,107,10,2025-12-06,3000,28,0.318,False,Geometry Lines Angles and Triangles,Mathematics
3302,107,19,2025-12-07,3240,46,0.306,True,Trigonometry Introduction to Ratios,Mathematics
902,107,55,2025-12-08,3480,27,0.349,True,Electricity AC Circuits and Electronics,Physics
1171,107,25,2025-12-12,3840,10,0.235,True,Logarithmic and Exponential Functions,Mathematics
3711,107,53,2025-12-13,4500,22,0.33,True,Kinematics and Projectile Motion,Physics
4633,107,43,2025-12-13,2340,48,0.372,True,Mechanics Work Energy and Power,Physics
3144,107,9,2025-12-29,3780,11,0.251,True,Geometry Lines Angles and Triangles,Mathematics
721,107,41,2026-01-05,1800,38,0.28,True,Matter States and Properties,Physics
1546,107,41,2026-01-06,2220,36,0.347,True,Matter States and Properties,Physics
833,107,57,2026-01-11,2940,44,0.282,True,Atomic Structure and Nuclear Physics,Physics
2064,107,35,2026-01-30,2940,24,0.349,True,Forces and Newtons Laws,Physics
347,107,52,2026-02-08,2580,12,0.352,True,Kinematics and Projectile Motion,Physics
4304,108,58,2025-09-11,3900,54,0.344,True,Electromagnetic Induction,Physics
4759,108,10,2025-09-11,3360,19,0.31,True,Geometry Lines Angles and Triangles,Mathematics
4499,108,7,2025-09-16,2220,24,0.265,True,Algebra Expressions and Linear Equations,Mathematics
1003,108,53,2025-09-19,2880,20,0.186,True,Kinematics and Projectile Motion,Physics
1978,108,11,2025-09-30,1560,29,0.281,True,Statistics Data Collection and Representation,Mathematics
3124,108,39,2025-09-30,2100,22,0.215,True,Light Reflection and Refraction,Physics
3344,108,28,2025-10-10,4080,14,0.16,True,Introduction to Calculus Differentiation,Mathematics
2118,108,30,2025-10-13,4020,21,0.217,True,Vectors and Transformations,Mathematics
1719,108,6,2025-10-17,2580,5,0.194,True,Fractions Decimals and Percentages,Mathematics
2570,108,12,2025-10-22,2340,44,0.344,True,Statistics Data Collection and Representation,Mathematics
2328,108,10,2025-11-03,2400,41,0.241,True,Geometry Lines Angles and Triangles,Mathematics
2548,108,51,2025-11-18,3360,20,0.233,True,Electromagnetism Basic Concepts,Physics
1956,108,6,2025-11-22,2040,37,0.258,True,Fractions Decimals and Percentages,Mathematics
2454,108,17,2025-12-03,2460,30,0.222,True,Geometry Circles Polygons and Constructions,Mathematics
1878,108,31,2025-12-14,2760,41,0.284,True,Probability and Statistical Distributions,Mathematics
4992,108,52,2025-12-15,4200,26,0.215,True,Kinematics and Projectile Motion,Physics
2904,108,46,2025-12-26,3360,24,0.188,True,Thermal Physics and Heat Transfer,Physics
4334,108,26,2025-12-28,3300,21,0.204,True,Logarithmic and Exponential Functions,Mathematics
4770,108,27,2026-01-02,3600,8,0.205,True,Trigonometry Advanced Applications,Mathematics
4680,108,21,2026-01-12,2520,32,0.24,True,Statistics Measures of Central Tendency,Mathematics
722,108,34,2026-01-20,1680,14,0.252,True,Physical Quantities and Units,Physics
4005,108,59,2026-01-29,3720,31,0.217,True,Electromagnetic Induction,Physics
4043,108,60,2026-02-14,3120,26,0.219,True,Optics Interference and Diffraction,Physics
4311,108,58,2026-02-16,2640,74,0.456,True,Electromagnetic Induction,Physics
4594,108,34,2026-02-28,1860,10,0.3,True,Physical Quantities and Units,Physics
1889,109,5,2025-09-02,2580,28,0.332,False,Fractions Decimals and Percentages,Mathematics
645,109,20,2025-09-12,3060,35,0.282,False,Trigonometry Introduction to Ratios,Mathematics
1369,109,16,2025-09-17,2160,34,0.307,True,Functions and Graphs,Mathematics
3560,109,26,2025-09-29,3780,19,0.229,True,Logarithmic and Exponential Functions,Mathematics
1381,109,4,2025-10-03,2160,23,0.181,True,Whole Numbers and Number Theory,Mathematics
350,109,47,2025-10-04,2940,24,0.322,True,Wave Properties Sound and Light,Physics
1888,109,22,2025-10-05,2220,41,0.349,False,Numbers Surds and Indices,Mathematics
979,109,39,2025-10-07,2280,25,0.299,True,Light Reflection and Refraction,Physics
2234,109,9,2025-10-16,4140,24,0.253,True,Geometry Lines Angles and Triangles,Mathematics
892,109,3,2025-10-18,2220,23,0.254,True,Whole Numbers and Number Theory,Mathematics
4842,109,22,2025-11-03,2220,27,0.355,True,Numbers Surds and Indices,Mathematics
3533,109,30,2025-11-06,3540,8,0.238,True,Vectors and Transformations,Mathematics
2462,109,45,2025-11-08,2640,21,0.289,True,Thermal Physics and Heat Transfer,Physics
3556,109,21,2025-11-10,2700,21,0.239,True,Statistics Measures of Central Tendency,Mathematics
4305,109,28,2025-11-13,3120,24,0.329,True,Introduction to Calculus Differentiation,Mathematics
4008,109,3,2025-11-17,2460,23,0.22,True,Whole Numbers and Number Theory,Mathematics
3039,109,33,2025-11-27,2520,34,0.203,True,Physical Quantities and Units,Physics
276,109,8,2025-11-28,2760,44,0.321,True,Algebra Expressions and Linear Equations,Mathematics
4854,109,59,2025-12-02,2280,36,0.226,True,Electromagnetic Induction,Physics
599,109,12,2025-12-07,2820,20,0.247,True,Statistics Data Collection and Representation,Mathematics
3639,109,60,2025-12-08,3600,23,0.228,True,Optics Interference and Diffraction,Physics
140,109,6,2025-12-25,2760,22,0.319,True,Fractions Decimals and Percentages,Mathematics
131,109,43,2025-12-27,3420,19,0.22,True,Mechanics Work Energy and Power,Physics
2082,109,46,2026-01-03,3060,29,0.249,True,Thermal Physics and Heat Transfer,Physics
3027,109,28,2026-01-04,2520,12,0.283,True,Introduction to Calculus Differentiation,Mathematics
3502,109,45,2026-01-08,2460,24,0.324,True,Thermal Physics and Heat Transfer,Physics
3061,109,37,2026-01-16,3300,24,0.235,False,Energy Forms and Conservation,Physics
1939,109,17,2026-01-20,3540,30,0.309,True,Geometry Circles Polygons and Constructions,Mathematics
2920,109,20,2026-02-04,3120,27,0.255,True,Trigonometry Introduction to Ratios,Mathematics
2662,109,44,2026-02-13,3360,20,0.175,True,Mechanics Work Energy and Power,Physics
2895,109,10,2026-02-19,3720,29,0.289,True,Geometry Lines Angles and Triangles,Mathematics
815,109,54,2026-02-20,3000,21,0.274,True,Electricity AC Circuits and Electronics,Physics
3128,109,11,2026-02-21,2040,7,0.2,True,Statistics Data Collection and Representation,Mathematics
468,109,53,2026-02-25,4440,23,0.254,False,Kinematics and Projectile Motion,Physics
655,109,50,2026-02-26,3300,25,0.229,True,Electricity DC Circuits and Ohms Law,Physics
4015,110,4,2025-09-01,1800,37,0.356,True,Whole Numbers and Number Theory,Mathematics
3182,110,3,2025-09-09,3000,27,0.282,True,Whole Numbers and Number Theory,Mathematics
3161,110,56,2025-09-11,3300,27,0.265,False,Atomic Structure and Nuclear Physics,Physics
1848,110,58,2025-09-20,2820,33,0.351,False,Electromagnetic Induction,Physics
1105,110,7,2025-09-22,3420,37,0.319,False,Algebra Expressions and Linear Equations,Mathematics
4965,110,13,2025-09-29,3540,33,0.377,True,Algebra Quadratic Equations and Inequalities,Mathematics
3358,110,41,2025-10-01,2340,23,0.313,True,Matter States and Properties,Physics
1377,110,41,2025-10-06,1560,17,0.252,True,Matter States and Properties,Physics
1903,110,50,2025-10-06,3540,17,0.198,False,Electricity DC Circuits and Ohms Law,Physics
1428,110,5,2025-10-07,3060,30,0.35,False,Fractions Decimals and Percentages,Mathematics
73,110,48,2025-10-10,2520,31,0.222,True,Wave Properties Sound and Light,Physics
3239,110,12,2025-10-13,2640,20,0.217,True,Statistics Data Collection and Representation,Mathematics
3149,110,9,2025-10-14,4200,20,0.279,False,Geometry Lines Angles and Triangles,Mathematics
1990,110,4,2025-10-25,1620,24,0.298,True,Whole Numbers and Number Theory,Mathematics
168,110,36,2025-11-10,1980,24,0.248,False,Forces and Newtons Laws,Physics
4376,110,46,2025-11-11,3600,17,0.235,True,Thermal Physics and Heat Transfer,Physics
3523,110,8,2025-11-13,3480,42,0.382,True,Algebra Expressions and Linear Equations,Mathematics
3808,110,48,2025-11-15,2100,35,0.268,True,Wave Properties Sound and Light,Physics
1128,110,25,2025-11-16,3660,28,0.283,True,Logarithmic and Exponential Functions,Mathematics
4546,110,32,2025-11-17,2700,23,0.246,False,Probability and Statistical Distributions,Mathematics
444,110,19,2025-11-20,1980,31,0.253,True,Trigonometry Introduction to Ratios,Mathematics
4377,110,25,2025-12-04,4140,29,0.263,True,Logarithmic and Exponential Functions,Mathematics
3276,110,41,2025-12-10,1500,31,0.276,False,Matter States and Properties,Physics
3758,110,13,2025-12-11,3600,33,0.305,True,Algebra Quadratic Equations and Inequalities,Mathematics
4725,110,39,2025-12-13,1800,36,0.309,True,Light Reflection and Refraction,Physics
865,110,13,2025-12-15,3240,29,0.247,True,Algebra Quadratic Equations and Inequalities,Mathematics
3054,110,48,2025-12-25,2160,6,0.238,True,Wave Properties Sound and Light,Physics
1035,110,6,2025-12-27,1860,19,0.311,False,Fractions Decimals and Percentages,Mathematics
3695,110,53,2025-12-27,2820,51,0.279,True,Kinematics and Projectile Motion,Physics
1151,110,58,2025-12-28,3540,40,0.32,True,Electromagnetic Induction,Physics
4548,110,1,2025-12-29,2640,36,0.284,False,Sets and Venn Diagrams,Mathematics
1294,110,56,2026-01-03,2940,32,0.254,True,Atomic Structure and Nuclear Physics,Physics
3432,110,30,2026-01-06,2520,37,0.261,False,Vectors and Transformations,Mathematics
2711,110,31,2026-01-22,2580,36,0.246,True,Probability and Statistical Distributions,Mathematics
3676,110,19,2026-01-22,3240,31,0.248,False,Trigonometry Introduction to Ratios,Mathematics
1072,110,32,2026-01-23,2520,27,0.301,False,Probability and Statistical Distributions,Mathematics
4219,110,34,2026-01-28,1800,27,0.229,True,Physical Quantities and Units,Physics
749,110,26,2026-02-02,3720,27,0.268,True,Logarithmic and Exponential Functions,Mathematics
3184,110,48,2026-02-04,2880,33,0.237,False,Wave Properties Sound and Light,Physics
3089,110,52,2026-02-09,3000,45,0.282,True,Kinematics and Projectile Motion,Physics
489,110,59,2026-02-21,2520,37,0.294,True,Electromagnetic Induction,Physics
2102,111,40,2025-09-02,2040,16,0.215,True,Light Reflection and Refraction,Physics
3112,111,44,2025-09-14,2280,3,0.213,True,Mechanics Work Energy and Power,Physics
4562,111,49,2025-09-24,3420,24,0.291,True,Electricity DC Circuits and Ohms Law,Physics
900,111,26,2025-10-06,2940,37,0.282,True,Logarithmic and Exponential Functions,Mathematics
4785,111,16,2025-10-10,2220,20,0.268,True,Functions and Graphs,Mathematics
746,111,37,2025-10-14,2760,19,0.28,True,Energy Forms and Conservation,Physics
2197,111,44,2025-10-30,1920,12,0.263,True,Mechanics Work Energy and Power,Physics
1214,111,44,2025-11-30,2760,13,0.201,True,Mechanics Work Energy and Power,Physics
4048,111,41,2025-12-01,1560,35,0.254,True,Matter States and Properties,Physics
1237,111,20,2025-12-16,2100,9,0.202,True,Trigonometry Introduction to Ratios,Mathematics
3592,111,59,2025-12-26,2940,6,0.262,True,Electromagnetic Induction,Physics
1449,111,58,2025-12-28,3900,28,0.226,True,Electromagnetic Induction,Physics
3293,111,14,2025-12-31,3000,48,0.392,True,Algebra Quadratic Equations and Inequalities,Mathematics
1646,111,13,2026-01-04,3540,30,0.33,True,Algebra Quadratic Equations and Inequalities,Mathematics
2379,111,49,2026-01-06,2100,38,0.229,True,Electricity DC Circuits and Ohms Law,Physics
1921,111,10,2026-01-12,2760,8,0.268,True,Geometry Lines Angles and Triangles,Mathematics
1176,111,45,2026-01-21,2640,16,0.269,True,Thermal Physics and Heat Transfer,Physics
1916,111,12,2026-01-22,1740,42,0.284,True,Statistics Data Collection and Representation,Mathematics
3942,111,18,2026-01-29,3360,20,0.265,True,Geometry Circles Polygons and Constructions,Mathematics
507,111,49,2026-02-11,2580,37,0.235,True,Electricity DC Circuits and Ohms Law,Physics
3854,111,16,2026-02-18,3360,18,0.228,True,Functions and Graphs,Mathematics
2237,111,47,2026-02-22,3120,25,0.295,True,Wave Properties Sound and Light,Physics
1664,111,1,2026-02-28,3240,25,0.306,False,Sets and Venn Diagrams,Mathematics
4004,112,20,2025-09-05,2460,31,0.346,True,Trigonometry Introduction to Ratios,Mathematics
3771,112,42,2025-09-07,3000,35,0.31,False,Matter States and Properties,Physics
4615,112,33,2025-09-14,2580,16,0.344,False,Physical Quantities and Units,Physics
4323,112,1,2025-09-27,3480,31,0.304,True,Sets and Venn Diagrams,Mathematics
116,112,23,2025-09-28,2400,34,0.329,False,Algebra Polynomials and Rational Expressions,Mathematics
1450,112,47,2025-10-01,2760,31,0.261,True,Wave Properties Sound and Light,Physics
1776,112,13,2025-10-02,3780,41,0.334,True,Algebra Quadratic Equations and Inequalities,Mathematics
948,112,52,2025-10-05,3780,27,0.322,True,Kinematics and Projectile Motion,Physics
361,112,20,2025-10-07,3180,33,0.275,False,Trigonometry Introduction to Ratios,Mathematics
2565,112,10,2025-10-07,3420,40,0.315,False,Geometry Lines Angles and Triangles,Mathematics
3090,112,41,2025-10-11,2280,30,0.287,True,Matter States and Properties,Physics
3812,112,2,2025-10-12,2400,26,0.279,False,Sets and Venn Diagrams,Mathematics
2391,112,43,2025-10-24,3240,42,0.371,True,Mechanics Work Energy and Power,Physics
3554,112,34,2025-10-26,2040,42,0.268,False,Physical Quantities and Units,Physics
1085,112,45,2025-11-01,2880,38,0.365,True,Thermal Physics and Heat Transfer,Physics
64,112,46,2025-11-03,2280,26,0.298,True,Thermal Physics and Heat Transfer,Physics
1382,112,56,2025-11-08,4320,18,0.283,False,Atomic Structure and Nuclear Physics,Physics
2367,112,14,2025-11-14,3600,42,0.402,True,Algebra Quadratic Equations and Inequalities,Mathematics
3395,112,19,2025-11-20,2520,39,0.312,False,Trigonometry Introduction to Ratios,Mathematics
4389,112,8,2025-11-25,3240,31,0.336,True,Algebra Expressions and Linear Equations,Mathematics
2776,112,32,2025-12-05,3900,65,0.376,False,Probability and Statistical Distributions,Mathematics
1367,112,43,2025-12-10,3720,31,0.344,True,Mechanics Work Energy and Power,Physics
4740,112,58,2025-12-14,3060,19,0.232,False,Electromagnetic Induction,Physics
2930,112,39,2025-12-17,1800,36,0.345,False,Light Reflection and Refraction,Physics
1020,112,31,2025-12-30,3540,18,0.308,True,Probability and Statistical Distributions,Mathematics
1317,112,58,2026-01-01,4080,9,0.303,True,Electromagnetic Induction,Physics
427,112,33,2026-01-04,2040,13,0.212,True,Physical Quantities and Units,Physics
4418,112,13,2026-01-04,3420,51,0.459,True,Algebra Quadratic Equations and Inequalities,Mathematics
4849,112,29,2026-01-04,2460,39,0.298,True,Introduction to Calculus Differentiation,Mathematics
3851,112,4,2026-01-08,2580,42,0.369,True,Whole Numbers and Number Theory,Mathematics
737,112,33,2026-01-11,2460,43,0.267,False,Physical Quantities and Units,Physics
2145,112,58,2026-01-12,3780,12,0.249,True,Electromagnetic Induction,Physics
1324,112,32,2026-01-14,3000,53,0.35,True,Probability and Statistical Distributions,Mathematics
1224,112,53,2026-01-26,4620,40,0.382,True,Kinematics and Projectile Motion,Physics
4168,112,58,2026-02-09,2400,29,0.235,True,Electromagnetic Induction,Physics
4993,112,11,2026-02-10,1680,44,0.377,True,Statistics Data Collection and Representation,Mathematics
3571,112,3,2026-02-11,2820,44,0.324,True,Whole Numbers and Number Theory,Mathematics
2996,112,46,2026-02-16,2160,48,0.419,True,Thermal Physics and Heat Transfer,Physics
1205,112,6,2026-02-28,3000,37,0.218,True,Fractions Decimals and Percentages,Mathematics
2433,113,36,2025-09-01,2400,8,0.145,True,Forces and Newtons Laws,Physics
2134,113,11,2025-09-05,2100,19,0.169,True,Statistics Data Collection and Representation,Mathematics
2316,113,16,2025-09-06,2820,28,0.21,True,Functions and Graphs,Mathematics
2560,113,16,2025-09-06,3780,5,0.229,True,Functions and Graphs,Mathematics
3531,113,57,2025-09-10,4140,24,0.233,True,Atomic Structure and Nuclear Physics,Physics
556,113,6,2025-09-14,2760,12,0.208,True,Fractions Decimals and Percentages,Mathematics
325,113,1,2025-09-19,3000,33,0.169,True,Sets and Venn Diagrams,Mathematics
316,113,27,2025-09-21,4020,19,0.153,True,Trigonometry Advanced Applications,Mathematics
3273,113,29,2025-09-22,4080,23,0.211,True,Introduction to Calculus Differentiation,Mathematics
4816,113,23,2025-09-22,4020,14,0.17,True,Algebra Polynomials and Rational Expressions,Mathematics
4472,113,18,2025-09-24,3720,22,0.232,True,Geometry Circles Polygons and Constructions,Mathematics
4671,113,32,2025-10-02,3300,21,0.254,True,Probability and Statistical Distributions,Mathematics
495,113,3,2025-10-06,3060,0,0.211,False,Whole Numbers and Number Theory,Mathematics
1321,113,5,2025-10-06,3360,38,0.304,False,Fractions Decimals and Percentages,Mathematics
2626,113,31,2025-10-30,2220,15,0.197,True,Probability and Statistical Distributions,Mathematics
3662,113,26,2025-11-07,3660,18,0.156,True,Logarithmic and Exponential Functions,Mathematics
1695,113,18,2025-11-16,3240,4,0.215,True,Geometry Circles Polygons and Constructions,Mathematics
4410,113,56,2025-11-24,2520,29,0.25,False,Atomic Structure and Nuclear Physics,Physics
2752,113,58,2025-11-26,2280,19,0.119,True,Electromagnetic Induction,Physics
454,113,43,2025-11-30,3840,6,0.134,True,Mechanics Work Energy and Power,Physics
1411,113,25,2025-12-04,3420,20,0.161,True,Logarithmic and Exponential Functions,Mathematics
4020,113,57,2025-12-07,2460,26,0.237,False,Atomic Structure and Nuclear Physics,Physics
1086,113,45,2025-12-09,3120,20,0.166,True,Thermal Physics and Heat Transfer,Physics
1706,113,60,2025-12-17,3600,0,0.172,True,Optics Interference and Diffraction,Physics
4974,113,29,2025-12-18,3780,27,0.308,True,Introduction to Calculus Differentiation,Mathematics
3724,113,15,2025-12-21,2700,31,0.236,True,Functions and Graphs,Mathematics
3176,113,31,2025-12-28,2760,25,0.219,False,Probability and Statistical Distributions,Mathematics
1090,113,5,2026-01-07,3420,21,0.228,True,Fractions Decimals and Percentages,Mathematics
4659,113,21,2026-01-11,2280,41,0.267,True,Statistics Measures of Central Tendency,Mathematics
1964,113,21,2026-01-18,2040,18,0.211,True,Statistics Measures of Central Tendency,Mathematics
597,113,28,2026-01-25,3720,23,0.129,True,Introduction to Calculus Differentiation,Mathematics
4701,113,27,2026-02-02,2760,1,0.163,False,Trigonometry Advanced Applications,Mathematics
2624,113,48,2026-02-03,2580,23,0.228,True,Wave Properties Sound and Light,Physics
91,113,25,2026-02-07,2880,21,0.161,False,Logarithmic and Exponential Functions,Mathematics
3799,113,54,2026-02-07,3120,25,0.177,True,Electricity AC Circuits and Electronics,Physics
4466,113,14,2026-02-18,3300,20,0.206,True,Algebra Quadratic Equations and Inequalities,Mathematics
2875,113,59,2026-02-21,3360,13,0.197,True,Electromagnetic Induction,Physics
1395,114,29,2025-09-01,3660,15,0.236,False,Introduction to Calculus Differentiation,Mathematics
967,114,1,2025-09-05,2100,16,0.33,True,Sets and Venn Diagrams,Mathematics
702,114,46,2025-09-07,2460,23,0.301,False,Thermal Physics and Heat Transfer,Physics
2750,114,43,2025-09-08,3840,14,0.225,True,Mechanics Work Energy and Power,Physics
1774,114,26,2025-09-13,2400,43,0.355,False,Logarithmic and Exponential Functions,Mathematics
1755,114,10,2025-09-17,2460,18,0.246,True,Geometry Lines Angles and Triangles,Mathematics
2541,114,32,2025-09-19,3300,16,0.284,True,Probability and Statistical Distributions,Mathematics
2153,114,24,2025-09-22,2100,12,0.238,False,Algebra Polynomials and Rational Expressions,Mathematics
2140,114,31,2025-10-01,2400,44,0.25,True,Probability and Statistical Distributions,Mathematics
3451,114,54,2025-10-05,4260,45,0.268,True,Electricity AC Circuits and Electronics,Physics
2610,114,5,2025-10-08,2040,49,0.491,True,Fractions Decimals and Percentages,Mathematics
3375,114,56,2025-10-08,3060,25,0.264,True,Atomic Structure and Nuclear Physics,Physics
3145,114,1,2025-10-14,3000,42,0.376,True,Sets and Venn Diagrams,Mathematics
1735,114,26,2025-10-17,3360,24,0.312,True,Logarithmic and Exponential Functions,Mathematics
3986,114,56,2025-11-05,4260,33,0.361,True,Atomic Structure and Nuclear Physics,Physics
4691,114,46,2025-11-05,2820,59,0.369,True,Thermal Physics and Heat Transfer,Physics
2397,114,48,2025-11-16,3600,35,0.254,True,Wave Properties Sound and Light,Physics
4948,114,10,2025-11-26,3480,42,0.284,True,Geometry Lines Angles and Triangles,Mathematics
4460,114,33,2025-12-04,2220,16,0.225,True,Physical Quantities and Units,Physics
4517,114,42,2025-12-04,2160,6,0.15,True,Matter States and Properties,Physics
600,114,36,2025-12-17,2880,15,0.199,True,Forces and Newtons Laws,Physics
610,114,45,2025-12-21,2940,30,0.255,True,Thermal Physics and Heat Transfer,Physics
3403,114,8,2025-12-23,3240,28,0.275,True,Algebra Expressions and Linear Equations,Mathematics
3367,114,44,2026-01-10,3420,27,0.291,False,Mechanics Work Energy and Power,Physics
4750,114,4,2026-01-10,1620,28,0.239,True,Whole Numbers and Number Theory,Mathematics
18,114,25,2026-01-16,3960,15,0.24,True,Logarithmic and Exponential Functions,Mathematics
3348,114,15,2026-01-20,3240,38,0.28,False,Functions and Graphs,Mathematics
1970,114,26,2026-01-22,3720,48,0.445,True,Logarithmic and Exponential Functions,Mathematics
2115,114,5,2026-01-30,2520,23,0.408,True,Fractions Decimals and Percentages,Mathematics
4583,114,57,2026-02-02,4200,34,0.445,True,Atomic Structure and Nuclear Physics,Physics
4532,114,6,2026-02-11,1920,23,0.499,True,Fractions Decimals and Percentages,Mathematics
2035,114,40,2026-02-19,2340,24,0.186,True,Light Reflection and Refraction,Physics
3542,114,31,2026-02-19,2940,29,0.338,False,Probability and Statistical Distributions,Mathematics
1976,114,24,2026-02-22,2220,27,0.179,False,Algebra Polynomials and Rational Expressions,Mathematics
2727,114,34,2026-02-28,2280,18,0.187,True,Physical Quantities and Units,Physics
201,115,44,2025-09-01,3060,27,0.292,True,Mechanics Work Energy and Power,Physics
1042,115,13,2025-09-02,2700,33,0.333,True,Algebra Quadratic Equations and Inequalities,Mathematics
2386,115,2,2025-09-04,3120,47,0.362,True,Sets and Venn Diagrams,Mathematics
2950,115,56,2025-09-09,4020,33,0.348,True,Atomic Structure and Nuclear Physics,Physics
3190,115,47,2025-09-14,3480,50,0.355,True,Wave Properties Sound and Light,Physics
4103,115,18,2025-09-25,3780,29,0.274,True,Geometry Circles Polygons and Constructions,Mathematics
2867,115,32,2025-10-06,3780,35,0.426,True,Probability and Statistical Distributions,Mathematics
4433,115,55,2025-10-13,2580,22,0.322,True,Electricity AC Circuits and Electronics,Physics
2355,115,9,2025-10-19,2640,29,0.445,True,Geometry Lines Angles and Triangles,Mathematics
659,115,24,2025-10-22,3660,22,0.371,True,Algebra Polynomials and Rational Expressions,Mathematics
2415,115,37,2025-10-30,2700,22,0.299,True,Energy Forms and Conservation,Physics
2387,115,32,2025-11-03,2640,13,0.293,True,Probability and Statistical Distributions,Mathematics
2943,115,9,2025-11-05,2760,48,0.535,True,Geometry Lines Angles and Triangles,Mathematics
3907,115,39,2025-11-16,2100,23,0.244,True,Light Reflection and Refraction,Physics
1402,115,45,2025-11-21,3000,46,0.323,True,Thermal Physics and Heat Transfer,Physics
669,115,9,2025-12-12,2340,25,0.354,True,Geometry Lines Angles and Triangles,Mathematics
1654,115,35,2025-12-14,3480,32,0.308,False,Forces and Newtons Laws,Physics
2380,115,56,2025-12-28,4620,57,0.296,False,Atomic Structure and Nuclear Physics,Physics
578,115,23,2026-01-03,2400,6,0.257,False,Algebra Polynomials and Rational Expressions,Mathematics
4786,115,41,2026-01-03,2400,42,0.311,True,Matter States and Properties,Physics
541,115,51,2026-01-08,2520,28,0.34,True,Electromagnetism Basic Concepts,Physics
2522,115,53,2026-01-17,3900,16,0.258,True,Kinematics and Projectile Motion,Physics
160,115,56,2026-01-19,4320,6,0.269,True,Atomic Structure and Nuclear Physics,Physics
200,115,19,2026-01-20,3120,8,0.331,True,Trigonometry Introduction to Ratios,Mathematics
4390,115,48,2026-01-28,3300,42,0.398,True,Wave Properties Sound and Light,Physics
4904,115,40,2026-02-09,2460,13,0.224,True,Light Reflection and Refraction,Physics
1593,115,43,2026-02-12,2760,43,0.399,True,Mechanics Work Energy and Power,Physics
4942,115,56,2026-02-12,3780,31,0.362,True,Atomic Structure and Nuclear Physics,Physics
4668,115,34,2026-02-15,2280,22,0.238,True,Physical Quantities and Units,Physics
4336,115,60,2026-02-16,2940,22,0.311,True,Optics Interference and Diffraction,Physics
256,116,10,2025-09-04,2940,30,0.22,True,Geometry Lines Angles and Triangles,Mathematics
2307,116,57,2025-09-19,3420,16,0.297,True,Atomic Structure and Nuclear Physics,Physics
2408,116,41,2025-09-23,1560,41,0.337,True,Matter States and Properties,Physics
155,116,40,2025-09-24,2340,12,0.264,True,Light Reflection and Refraction,Physics
1725,116,27,2025-10-01,2640,9,0.236,True,Trigonometry Advanced Applications,Mathematics
4763,116,53,2025-10-05,2880,20,0.276,True,Kinematics and Projectile Motion,Physics
2605,116,5,2025-10-06,3180,29,0.254,True,Fractions Decimals and Percentages,Mathematics
3932,116,47,2025-10-11,2280,34,0.33,True,Wave Properties Sound and Light,Physics
4147,116,39,2025-10-22,2040,30,0.235,True,Light Reflection and Refraction,Physics
3894,116,17,2025-11-01,3660,31,0.29,True,Geometry Circles Polygons and Constructions,Mathematics
1900,116,36,2025-11-03,3300,6,0.254,False,Forces and Newtons Laws,Physics
1952,116,11,2025-11-07,1740,33,0.307,True,Statistics Data Collection and Representation,Mathematics
4276,116,15,2025-11-17,2340,22,0.232,True,Functions and Graphs,Mathematics
1305,116,52,2025-12-05,2940,42,0.271,True,Kinematics and Projectile Motion,Physics
3392,116,45,2025-12-07,2580,13,0.331,False,Thermal Physics and Heat Transfer,Physics
3707,116,3,2025-12-07,2640,32,0.252,False,Whole Numbers and Number Theory,Mathematics
2667,116,1,2025-12-25,2700,29,0.267,True,Sets and Venn Diagrams,Mathematics
2572,116,49,2025-12-29,3120,43,0.242,True,Electricity DC Circuits and Ohms Law,Physics
3970,116,42,2025-12-31,1980,42,0.469,True,Matter States and Properties,Physics
2784,116,17,2026-01-02,3600,24,0.251,True,Geometry Circles Polygons and Constructions,Mathematics
233,116,26,2026-01-04,3300,16,0.188,True,Logarithmic and Exponential Functions,Mathematics
3026,116,38,2026-01-10,1800,37,0.319,True,Energy Forms and Conservation,Physics
3506,116,48,2026-01-10,3120,28,0.272,True,Wave Properties Sound and Light,Physics
2189,116,35,2026-01-12,2760,38,0.274,True,Forces and Newtons Laws,Physics
4302,116,10,2026-01-24,3780,19,0.256,True,Geometry Lines Angles and Triangles,Mathematics
861,116,38,2026-01-29,2220,29,0.307,True,Energy Forms and Conservation,Physics
1823,116,34,2026-01-30,1800,8,0.155,True,Physical Quantities and Units,Physics
3459,116,55,2026-01-30,3600,32,0.169,True,Electricity AC Circuits and Electronics,Physics
3581,116,47,2026-02-12,2220,24,0.351,True,Wave Properties Sound and Light,Physics
2974,116,22,2026-02-14,3420,19,0.284,True,Numbers Surds and Indices,Mathematics
2964,116,23,2026-02-22,3780,12,0.267,True,Algebra Polynomials and Rational Expressions,Mathematics
717,116,17,2026-02-27,2340,29,0.227,True,Geometry Circles Polygons and Constructions,Mathematics
969,117,58,2025-09-09,3900,36,0.234,True,Electromagnetic Induction,Physics
246,117,52,2025-09-14,2640,47,0.318,True,Kinematics and Projectile Motion,Physics
249,117,50,2025-09-14,4020,9,0.12,True,Electricity DC Circuits and Ohms Law,Physics
415,117,11,2025-09-14,2580,18,0.222,True,Statistics Data Collection and Representation,Mathematics
2214,117,59,2025-09-19,3780,19,0.286,True,Electromagnetic Induction,Physics
798,117,7,2025-09-25,3600,15,0.212,True,Algebra Expressions and Linear Equations,Mathematics
229,117,22,2025-10-15,3060,17,0.216,True,Numbers Surds and Indices,Mathematics
2435,117,43,2025-10-18,3600,34,0.291,True,Mechanics Work Energy and Power,Physics
2238,117,50,2025-10-19,3720,16,0.044,False,Electricity DC Circuits and Ohms Law,Physics
4089,117,1,2025-10-28,3300,27,0.223,True,Sets and Venn Diagrams,Mathematics
2092,117,52,2025-11-07,3360,32,0.275,True,Kinematics and Projectile Motion,Physics
4176,117,23,2025-11-07,3300,32,0.237,True,Algebra Polynomials and Rational Expressions,Mathematics
2699,117,29,2025-11-11,2460,28,0.368,True,Introduction to Calculus Differentiation,Mathematics
82,117,29,2025-11-16,3120,28,0.295,False,Introduction to Calculus Differentiation,Mathematics
4307,117,20,2025-11-16,3120,22,0.242,True,Trigonometry Introduction to Ratios,Mathematics
1519,117,1,2025-11-24,3360,39,0.194,True,Sets and Venn Diagrams,Mathematics
359,117,28,2025-11-26,4380,27,0.381,True,Introduction to Calculus Differentiation,Mathematics
3860,117,52,2025-12-02,3720,33,0.311,True,Kinematics and Projectile Motion,Physics
2597,117,15,2025-12-07,2640,42,0.282,True,Functions and Graphs,Mathematics
4995,117,57,2025-12-08,3120,14,0.208,False,Atomic Structure and Nuclear Physics,Physics
4115,117,33,2025-12-15,2400,27,0.214,True,Physical Quantities and Units,Physics
2053,117,4,2025-12-28,2040,29,0.216,True,Whole Numbers and Number Theory,Mathematics
301,117,11,2026-01-03,2700,20,0.194,True,Statistics Data Collection and Representation,Mathematics
2422,117,40,2026-01-03,3360,31,0.315,False,Light Reflection and Refraction,Physics
3315,117,50,2026-01-05,3900,18,0.141,True,Electricity DC Circuits and Ohms Law,Physics
4545,117,56,2026-01-06,3240,16,0.29,True,Atomic Structure and Nuclear Physics,Physics
3946,117,5,2026-01-19,2340,4,0.273,True,Fractions Decimals and Percentages,Mathematics
733,117,2,2026-01-20,3300,26,0.237,True,Sets and Venn Diagrams,Mathematics
4139,117,51,2026-02-02,1980,16,0.17,True,Electromagnetism Basic Concepts,Physics
618,117,7,2026-02-14,3780,31,0.252,False,Algebra Expressions and Linear Equations,Mathematics
3700,117,31,2026-02-15,2520,16,0.187,False,Probability and Statistical Distributions,Mathematics
4480,117,3,2026-02-16,2580,0,0.226,False,Whole Numbers and Number Theory,Mathematics
3199,117,7,2026-02-27,2700,11,0.142,True,Algebra Expressions and Linear Equations,Mathematics
1115,118,20,2025-09-07,2880,20,0.266,True,Trigonometry Introduction to Ratios,Mathematics
3101,118,48,2025-09-10,3240,14,0.265,True,Wave Properties Sound and Light,Physics
3947,118,19,2025-09-12,3360,8,0.188,True,Trigonometry Introduction to Ratios,Mathematics
1800,118,7,2025-09-26,3660,30,0.242,True,Algebra Expressions and Linear Equations,Mathematics
3526,118,40,2025-09-30,3060,20,0.343,True,Light Reflection and Refraction,Physics
4829,118,2,2025-10-04,2100,43,0.409,True,Sets and Venn Diagrams,Mathematics
2530,118,41,2025-10-08,2280,34,0.366,True,Matter States and Properties,Physics
1567,118,7,2025-10-14,3300,29,0.248,True,Algebra Expressions and Linear Equations,Mathematics
4419,118,54,2025-10-20,3960,56,0.374,True,Electricity AC Circuits and Electronics,Physics
209,118,20,2025-10-21,3360,27,0.252,True,Trigonometry Introduction to Ratios,Mathematics
2166,118,45,2025-10-23,2280,31,0.248,True,Thermal Physics and Heat Transfer,Physics
523,118,59,2025-10-31,2160,34,0.272,True,Electromagnetic Induction,Physics
1122,118,11,2025-11-02,2340,17,0.254,False,Statistics Data Collection and Representation,Mathematics
2761,118,39,2025-11-16,1680,31,0.341,True,Light Reflection and Refraction,Physics
3776,118,3,2025-11-17,2580,20,0.201,True,Whole Numbers and Number Theory,Mathematics
3256,118,35,2025-11-21,3000,5,0.255,False,Forces and Newtons Laws,Physics
1146,118,42,2025-11-23,2280,41,0.298,True,Matter States and Properties,Physics
2549,118,38,2025-11-29,2460,29,0.322,True,Energy Forms and Conservation,Physics
2675,118,43,2025-12-02,3240,36,0.286,True,Mechanics Work Energy and Power,Physics
1286,118,1,2025-12-27,2040,22,0.269,True,Sets and Venn Diagrams,Mathematics
360,118,31,2025-12-29,3720,26,0.248,True,Probability and Statistical Distributions,Mathematics
1607,118,27,2025-12-31,3840,33,0.286,True,Trigonometry Advanced Applications,Mathematics
380,118,39,2026-01-05,2760,46,0.287,True,Light Reflection and Refraction,Physics
3674,118,54,2026-01-05,2640,21,0.367,True,Electricity AC Circuits and Electronics,Physics
662,118,7,2026-01-10,3540,24,0.227,False,Algebra Expressions and Linear Equations,Mathematics
2076,118,53,2026-01-10,4440,29,0.259,True,Kinematics and Projectile Motion,Physics
1406,118,57,2026-01-11,4020,34,0.288,True,Atomic Structure and Nuclear Physics,Physics
2654,118,50,2026-01-11,4200,17,0.277,True,Electricity DC Circuits and Ohms Law,Physics
1503,118,1,2026-01-15,2340,45,0.328,True,Sets and Venn Diagrams,Mathematics
1266,118,52,2026-01-25,3180,12,0.236,True,Kinematics and Projectile Motion,Physics
208,118,4,2026-02-08,2520,37,0.195,True,Whole Numbers and Number Theory,Mathematics
3696,118,60,2026-02-16,3600,33,0.311,True,Optics Interference and Diffraction,Physics
224,118,25,2026-02-20,2700,23,0.237,True,Logarithmic and Exponential Functions,Mathematics
4931,119,14,2025-09-06,2700,16,0.215,True,Algebra Quadratic Equations and Inequalities,Mathematics
1808,119,13,2025-09-12,2220,21,0.238,True,Algebra Quadratic Equations and Inequalities,Mathematics
3521,119,31,2025-09-17,3060,33,0.221,True,Probability and Statistical Distributions,Mathematics
4944,119,28,2025-09-22,3060,22,0.204,True,Introduction to Calculus Differentiation,Mathematics
458,119,49,2025-09-27,3360,3,0.185,True,Electricity DC Circuits and Ohms Law,Physics
4714,119,44,2025-09-27,3000,21,0.187,True,Mechanics Work Energy and Power,Physics
114,119,23,2025-09-30,3120,6,0.262,True,Algebra Polynomials and Rational Expressions,Mathematics
4440,119,37,2025-10-10,2880,43,0.309,True,Energy Forms and Conservation,Physics
1391,119,35,2025-10-11,2760,17,0.203,True,Forces and Newtons Laws,Physics
1006,119,25,2025-10-24,3960,13,0.149,True,Logarithmic and Exponential Functions,Mathematics
1311,119,27,2025-10-25,2820,36,0.254,True,Trigonometry Advanced Applications,Mathematics
1469,119,55,2025-11-06,2640,9,0.215,True,Electricity AC Circuits and Electronics,Physics
3308,119,54,2025-11-16,3060,17,0.227,True,Electricity AC Circuits and Electronics,Physics
3234,119,47,2025-11-18,3360,0,0.217,True,Wave Properties Sound and Light,Physics
235,119,11,2025-11-25,1620,30,0.217,True,Statistics Data Collection and Representation,Mathematics
646,119,14,2025-12-05,2520,36,0.191,True,Algebra Quadratic Equations and Inequalities,Mathematics
1212,119,46,2025-12-09,2880,12,0.165,True,Thermal Physics and Heat Transfer,Physics
3452,119,45,2025-12-09,2700,15,0.257,True,Thermal Physics and Heat Transfer,Physics
3413,119,1,2025-12-11,2580,27,0.224,True,Sets and Venn Diagrams,Mathematics
1556,119,23,2025-12-22,3840,34,0.296,True,Algebra Polynomials and Rational Expressions,Mathematics
870,119,55,2025-12-31,3000,18,0.206,True,Electricity AC Circuits and Electronics,Physics
3827,119,12,2026-01-03,2520,26,0.264,True,Statistics Data Collection and Representation,Mathematics
177,119,17,2026-01-04,3600,14,0.25,True,Geometry Circles Polygons and Constructions,Mathematics
3485,119,45,2026-01-06,3180,20,0.274,True,Thermal Physics and Heat Transfer,Physics
1535,119,46,2026-02-05,2820,30,0.203,True,Thermal Physics and Heat Transfer,Physics
4074,119,59,2026-02-05,3420,29,0.305,True,Electromagnetic Induction,Physics
2410,119,18,2026-02-06,2700,17,0.308,True,Geometry Circles Polygons and Constructions,Mathematics
3774,119,22,2026-02-08,2880,15,0.204,True,Numbers Surds and Indices,Mathematics
1336,119,26,2026-02-13,2220,22,0.213,True,Logarithmic and Exponential Functions,Mathematics
4135,119,35,2026-02-14,2220,10,0.273,True,Forces and Newtons Laws,Physics
1773,119,38,2026-02-15,2940,20,0.258,True,Energy Forms and Conservation,Physics
1896,119,16,2026-02-16,2520,31,0.209,True,Functions and Graphs,Mathematics
3059,119,58,2026-02-18,3540,23,0.229,False,Electromagnetic Induction,Physics
88,119,22,2026-02-19,3060,13,0.203,True,Numbers Surds and Indices,Mathematics
1323,119,24,2026-02-21,3840,28,0.249,True,Algebra Polynomials and Rational Expressions,Mathematics
3472,119,4,2026-02-24,1980,9,0.226,True,Whole Numbers and Number Theory,Mathematics
1766,120,19,2025-09-06,1920,12,0.152,True,Trigonometry Introduction to Ratios,Mathematics
3192,120,18,2025-09-11,3660,23,0.097,True,Geometry Circles Polygons and Constructions,Mathematics
3116,120,27,2025-09-12,3240,0,0.139,True,Trigonometry Advanced Applications,Mathematics
3687,120,22,2025-09-20,3240,29,0.13,True,Numbers Surds and Indices,Mathematics
1183,120,23,2025-09-22,2940,8,0.115,True,Algebra Polynomials and Rational Expressions,Mathematics
378,120,31,2025-09-30,2640,14,0.089,True,Probability and Statistical Distributions,Mathematics
4370,120,19,2025-10-01,2880,13,0.183,False,Trigonometry Introduction to Ratios,Mathematics
4257,120,12,2025-10-06,2220,12,0.049,True,Statistics Data Collection and Representation,Mathematics
1222,120,52,2025-10-07,3420,14,0.096,True,Kinematics and Projectile Motion,Physics
1530,120,8,2025-10-11,1920,0,0.054,True,Algebra Expressions and Linear Equations,Mathematics
1505,120,36,2025-10-27,3060,0,0.086,True,Forces and Newtons Laws,Physics
2298,120,19,2025-11-12,2280,29,0.181,False,Trigonometry Introduction to Ratios,Mathematics
4815,120,9,2025-11-14,4080,0,0.083,True,Geometry Lines Angles and Triangles,Mathematics
1752,120,35,2025-11-28,3660,5,0.087,True,Forces and Newtons Laws,Physics
4232,120,2,2025-12-02,3840,18,0.075,True,Sets and Venn Diagrams,Mathematics
4609,120,47,2025-12-10,2160,11,0.096,True,Wave Properties Sound and Light,Physics
4310,120,23,2025-12-20,3300,19,0.076,False,Algebra Polynomials and Rational Expressions,Mathematics
2184,120,6,2025-12-21,1740,13,0.08,False,Fractions Decimals and Percentages,Mathematics
4539,120,38,2025-12-31,2280,7,0.116,True,Energy Forms and Conservation,Physics
2939,120,54,2026-01-03,3240,8,0.174,True,Electricity AC Circuits and Electronics,Physics
3719,120,22,2026-01-04,2400,11,0.114,True,Numbers Surds and Indices,Mathematics
3622,120,5,2026-01-05,1980,24,0.121,False,Fractions Decimals and Percentages,Mathematics
4596,120,13,2026-01-05,3720,5,0.091,False,Algebra Quadratic Equations and Inequalities,Mathematics
4852,120,15,2026-01-20,3300,6,0.126,True,Functions and Graphs,Mathematics
3545,120,28,2026-01-25,2760,5,0.085,True,Introduction to Calculus Differentiation,Mathematics
2623,120,8,2026-02-04,1980,0,0.0,True,Algebra Expressions and Linear Equations,Mathematics
4503,120,24,2026-02-10,2520,12,0.131,True,Algebra Polynomials and Rational Expressions,Mathematics
4933,120,18,2026-02-23,2280,0,0.126,False,Geometry Circles Polygons and Constructions,Mathematics
2558,120,30,2026-02-25,4200,0,0.155,True,Vectors and Transformations,Mathematics
3003,120,10,2026-02-25,3240,8,0.07,True,Geometry Lines Angles and Triangles,Mathematics
2404,121,10,2025-09-03,2280,36,0.303,True,Geometry Lines Angles and Triangles,Mathematics
3679,121,12,2025-09-24,2880,16,0.271,True,Statistics Data Collection and Representation,Mathematics
3952,121,53,2025-10-06,2700,23,0.321,True,Kinematics and Projectile Motion,Physics
1822,121,39,2025-10-11,2400,48,0.354,True,Light Reflection and Refraction,Physics
2622,121,58,2025-10-18,2520,36,0.355,True,Electromagnetic Induction,Physics
1186,121,27,2025-10-23,3120,44,0.342,True,Trigonometry Advanced Applications,Mathematics
341,121,18,2025-10-29,2280,41,0.353,True,Geometry Circles Polygons and Constructions,Mathematics
2909,121,54,2025-10-31,4200,53,0.375,True,Electricity AC Circuits and Electronics,Physics
2258,121,28,2025-11-28,2520,41,0.352,True,Introduction to Calculus Differentiation,Mathematics
1234,121,27,2025-12-08,4380,54,0.355,True,Trigonometry Advanced Applications,Mathematics
1134,121,54,2025-12-11,4080,23,0.227,True,Electricity AC Circuits and Electronics,Physics
1679,121,18,2025-12-14,2820,32,0.38,True,Geometry Circles Polygons and Constructions,Mathematics
3228,121,58,2025-12-15,3060,56,0.375,True,Electromagnetic Induction,Physics
1636,121,48,2025-12-31,3780,38,0.318,True,Wave Properties Sound and Light,Physics
3454,121,7,2026-01-04,2340,47,0.326,True,Algebra Expressions and Linear Equations,Mathematics
3659,121,45,2026-01-06,2820,39,0.301,False,Thermal Physics and Heat Transfer,Physics
1749,121,8,2026-01-14,2760,33,0.291,True,Algebra Expressions and Linear Equations,Mathematics
4166,121,56,2026-01-21,3900,35,0.403,True,Atomic Structure and Nuclear Physics,Physics
2340,121,18,2026-01-23,3480,40,0.454,True,Geometry Circles Polygons and Constructions,Mathematics
2075,121,54,2026-02-05,3480,46,0.368,True,Electricity AC Circuits and Electronics,Physics
293,121,26,2026-02-15,3300,28,0.252,True,Logarithmic and Exponential Functions,Mathematics
4081,121,54,2026-02-22,2640,44,0.452,True,Electricity AC Circuits and Electronics,Physics
4727,121,7,2026-02-23,3120,36,0.312,True,Algebra Expressions and Linear Equations,Mathematics
4916,121,37,2026-02-24,2640,13,0.187,True,Energy Forms and Conservation,Physics
4638,121,32,2026-02-25,2580,29,0.352,True,Probability and Statistical Distributions,Mathematics
3399,122,35,2025-09-11,2760,43,0.33,True,Forces and Newtons Laws,Physics
3121,122,40,2025-09-14,2520,31,0.326,True,Light Reflection and Refraction,Physics
2286,122,40,2025-09-26,1980,32,0.293,True,Light Reflection and Refraction,Physics
3992,122,41,2025-09-26,2460,36,0.278,True,Matter States and Properties,Physics
3835,122,44,2025-09-29,2820,16,0.206,True,Mechanics Work Energy and Power,Physics
4505,122,33,2025-10-02,1860,14,0.332,True,Physical Quantities and Units,Physics
1809,122,10,2025-10-06,2700,17,0.313,True,Geometry Lines Angles and Triangles,Mathematics
4989,122,47,2025-10-17,1980,35,0.262,False,Wave Properties Sound and Light,Physics
4423,122,60,2025-10-23,3600,15,0.172,True,Optics Interference and Diffraction,Physics
4696,122,41,2025-10-23,2400,41,0.408,True,Matter States and Properties,Physics
1371,122,27,2025-11-01,3840,33,0.239,True,Trigonometry Advanced Applications,Mathematics
2030,122,29,2025-11-04,3240,25,0.249,True,Introduction to Calculus Differentiation,Mathematics
2910,122,5,2025-11-08,2520,37,0.343,True,Fractions Decimals and Percentages,Mathematics
1874,122,53,2025-11-14,3000,52,0.34,False,Kinematics and Projectile Motion,Physics
3551,122,21,2025-11-20,2760,3,0.218,True,Statistics Measures of Central Tendency,Mathematics
1529,122,26,2025-11-22,2820,60,0.351,True,Logarithmic and Exponential Functions,Mathematics
584,122,33,2025-11-26,2700,44,0.346,True,Physical Quantities and Units,Physics
4464,122,26,2025-12-02,3000,32,0.399,True,Logarithmic and Exponential Functions,Mathematics
2553,122,40,2025-12-05,2100,35,0.332,True,Light Reflection and Refraction,Physics
369,122,25,2025-12-07,2640,38,0.272,True,Logarithmic and Exponential Functions,Mathematics
1991,122,60,2025-12-18,2640,14,0.206,False,Optics Interference and Diffraction,Physics
2717,122,36,2025-12-19,2040,38,0.272,False,Forces and Newtons Laws,Physics
3857,122,56,2025-12-19,3120,33,0.236,True,Atomic Structure and Nuclear Physics,Physics
4348,122,46,2025-12-23,3120,30,0.278,True,Thermal Physics and Heat Transfer,Physics
154,122,34,2025-12-24,2640,30,0.255,True,Physical Quantities and Units,Physics
2489,122,5,2025-12-25,2340,54,0.312,True,Fractions Decimals and Percentages,Mathematics
3859,122,14,2026-01-11,3420,18,0.202,False,Algebra Quadratic Equations and Inequalities,Mathematics
2439,122,53,2026-01-16,3540,41,0.36,True,Kinematics and Projectile Motion,Physics
2236,122,49,2026-01-25,3660,31,0.284,True,Electricity DC Circuits and Ohms Law,Physics
3381,122,1,2026-01-27,3000,30,0.304,True,Sets and Venn Diagrams,Mathematics
4529,122,16,2026-02-06,2640,14,0.193,True,Functions and Graphs,Mathematics
4595,122,44,2026-02-09,2460,29,0.23,True,Mechanics Work Energy and Power,Physics
2181,122,14,2026-02-10,3180,23,0.296,True,Algebra Quadratic Equations and Inequalities,Mathematics
1711,122,3,2026-02-11,2280,31,0.276,True,Whole Numbers and Number Theory,Mathematics
1502,122,27,2026-02-16,4080,46,0.297,True,Trigonometry Advanced Applications,Mathematics
1437,122,7,2026-02-17,3540,19,0.252,True,Algebra Expressions and Linear Equations,Mathematics
1663,123,41,2025-09-13,2160,32,0.281,True,Matter States and Properties,Physics
944,123,19,2025-09-16,1860,16,0.281,True,Trigonometry Introduction to Ratios,Mathematics
1319,123,8,2025-09-27,2340,34,0.294,True,Algebra Expressions and Linear Equations,Mathematics
3396,123,35,2025-09-29,2580,52,0.369,True,Forces and Newtons Laws,Physics
382,123,51,2025-10-05,1860,42,0.327,False,Electromagnetism Basic Concepts,Physics
3603,123,43,2025-10-05,2700,36,0.343,True,Mechanics Work Energy and Power,Physics
877,123,37,2025-10-15,2400,18,0.295,False,Energy Forms and Conservation,Physics
3710,123,13,2025-10-24,3720,48,0.356,True,Algebra Quadratic Equations and Inequalities,Mathematics
2552,123,3,2025-10-30,2340,34,0.296,True,Whole Numbers and Number Theory,Mathematics
1130,123,1,2025-11-03,3480,20,0.35,True,Sets and Venn Diagrams,Mathematics
96,123,59,2025-11-06,3000,40,0.351,True,Electromagnetic Induction,Physics
3624,123,56,2025-11-08,3300,29,0.336,True,Atomic Structure and Nuclear Physics,Physics
4857,123,24,2025-11-10,2580,21,0.292,True,Algebra Polynomials and Rational Expressions,Mathematics
3044,123,59,2025-11-16,2460,25,0.323,False,Electromagnetic Induction,Physics
4850,123,26,2025-11-17,2940,16,0.307,True,Logarithmic and Exponential Functions,Mathematics
4735,123,45,2025-11-30,2580,23,0.295,True,Thermal Physics and Heat Transfer,Physics
2243,123,38,2025-12-01,2100,36,0.342,False,Energy Forms and Conservation,Physics
1320,123,51,2025-12-04,2760,54,0.327,True,Electromagnetism Basic Concepts,Physics
280,123,21,2025-12-08,2520,26,0.346,True,Statistics Measures of Central Tendency,Mathematics
2311,123,18,2025-12-11,2940,19,0.251,True,Geometry Circles Polygons and Constructions,Mathematics
1250,123,57,2025-12-18,4140,35,0.295,True,Atomic Structure and Nuclear Physics,Physics
1238,123,5,2025-12-23,1980,29,0.293,False,Fractions Decimals and Percentages,Mathematics
1870,123,23,2025-12-25,3960,40,0.29,True,Algebra Polynomials and Rational Expressions,Mathematics
1745,123,48,2026-01-01,3300,27,0.339,True,Wave Properties Sound and Light,Physics
159,123,29,2026-01-14,3780,20,0.21,True,Introduction to Calculus Differentiation,Mathematics
2613,123,35,2026-01-15,2820,19,0.309,True,Forces and Newtons Laws,Physics
373,123,53,2026-01-22,2820,25,0.285,False,Kinematics and Projectile Motion,Physics
4381,123,2,2026-01-24,2220,52,0.46,False,Sets and Venn Diagrams,Mathematics
2251,123,1,2026-01-26,2400,44,0.419,True,Sets and Venn Diagrams,Mathematics
2556,123,5,2026-02-06,3240,17,0.318,True,Fractions Decimals and Percentages,Mathematics
22,123,56,2026-02-07,2940,18,0.303,False,Atomic Structure and Nuclear Physics,Physics
1626,123,45,2026-02-07,2160,45,0.299,False,Thermal Physics and Heat Transfer,Physics
2060,123,21,2026-02-08,3000,52,0.406,True,Statistics Measures of Central Tendency,Mathematics
2946,123,15,2026-02-16,3240,24,0.352,False,Functions and Graphs,Mathematics
4881,123,60,2026-02-25,2880,21,0.297,True,Optics Interference and Diffraction,Physics
4509,124,33,2025-09-03,1680,0,0.207,False,Physical Quantities and Units,Physics
502,124,4,2025-09-19,1860,12,0.196,False,Whole Numbers and Number Theory,Mathematics
68,124,9,2025-09-20,3360,26,0.238,True,Geometry Lines Angles and Triangles,Mathematics
1403,124,23,2025-09-20,4080,8,0.205,True,Algebra Polynomials and Rational Expressions,Mathematics
4712,124,28,2025-09-26,4200,23,0.212,True,Introduction to Calculus Differentiation,Mathematics
111,124,1,2025-10-26,1920,20,0.236,True,Sets and Venn Diagrams,Mathematics
1345,124,18,2025-11-01,2160,18,0.166,False,Geometry Circles Polygons and Constructions,Mathematics
2292,124,37,2025-11-05,3300,17,0.176,True,Energy Forms and Conservation,Physics
1292,124,1,2025-11-12,2280,22,0.195,True,Sets and Venn Diagrams,Mathematics
3704,124,45,2025-11-12,2220,17,0.212,False,Thermal Physics and Heat Transfer,Physics
1247,124,47,2025-12-03,2340,22,0.212,False,Wave Properties Sound and Light,Physics
2272,124,34,2025-12-05,2400,23,0.207,True,Physical Quantities and Units,Physics
4513,124,6,2025-12-06,2220,26,0.196,False,Fractions Decimals and Percentages,Mathematics
4118,124,28,2025-12-08,3060,11,0.192,True,Introduction to Calculus Differentiation,Mathematics
1061,124,21,2025-12-13,2880,12,0.123,True,Statistics Measures of Central Tendency,Mathematics
711,124,4,2025-12-23,2100,8,0.163,True,Whole Numbers and Number Theory,Mathematics
2131,124,49,2025-12-26,2640,4,0.143,True,Electricity DC Circuits and Ohms Law,Physics
3138,124,22,2025-12-27,3360,11,0.213,True,Numbers Surds and Indices,Mathematics
687,124,42,2026-01-10,1680,16,0.233,True,Matter States and Properties,Physics
2911,124,21,2026-01-18,1920,0,0.153,True,Statistics Measures of Central Tendency,Mathematics
1682,124,51,2026-02-01,2160,17,0.182,True,Electromagnetism Basic Concepts,Physics
482,124,41,2026-02-06,2400,15,0.227,True,Matter States and Properties,Physics
4804,124,1,2026-02-22,2280,21,0.158,True,Sets and Venn Diagrams,Mathematics
4823,124,54,2026-02-28,3840,18,0.242,True,Electricity AC Circuits and Electronics,Physics
637,125,35,2025-09-01,3360,14,0.358,True,Forces and Newtons Laws,Physics
4890,125,34,2025-09-03,2040,35,0.209,True,Physical Quantities and Units,Physics
3980,125,20,2025-09-06,3600,31,0.325,False,Trigonometry Introduction to Ratios,Mathematics
2923,125,34,2025-09-20,2400,23,0.22,False,Physical Quantities and Units,Physics
1239,125,12,2025-09-22,2040,23,0.311,True,Statistics Data Collection and Representation,Mathematics
2985,125,7,2025-09-26,2220,36,0.354,True,Algebra Expressions and Linear Equations,Mathematics
110,125,27,2025-09-30,4260,42,0.241,True,Trigonometry Advanced Applications,Mathematics
767,125,53,2025-10-04,4560,29,0.278,False,Kinematics and Projectile Motion,Physics
608,125,53,2025-10-12,3180,19,0.261,True,Kinematics and Projectile Motion,Physics
2128,125,32,2025-10-17,3960,24,0.216,False,Probability and Statistical Distributions,Mathematics
4686,125,10,2025-10-26,2940,18,0.27,True,Geometry Lines Angles and Triangles,Mathematics
2744,125,46,2025-11-12,2100,30,0.317,True,Thermal Physics and Heat Transfer,Physics
4619,125,8,2025-11-14,1920,39,0.41,True,Algebra Expressions and Linear Equations,Mathematics
3445,125,32,2025-11-20,3900,41,0.253,True,Probability and Statistical Distributions,Mathematics
326,125,18,2025-11-28,2760,29,0.293,True,Geometry Circles Polygons and Constructions,Mathematics
4054,125,13,2025-12-01,3720,27,0.265,True,Algebra Quadratic Equations and Inequalities,Mathematics
2291,125,30,2025-12-02,3900,32,0.314,True,Vectors and Transformations,Mathematics
4699,125,10,2025-12-05,2340,13,0.274,True,Geometry Lines Angles and Triangles,Mathematics
3909,125,14,2025-12-06,2580,33,0.231,True,Algebra Quadratic Equations and Inequalities,Mathematics
332,125,57,2025-12-07,3900,22,0.315,True,Atomic Structure and Nuclear Physics,Physics
3522,125,45,2025-12-15,1980,39,0.361,True,Thermal Physics and Heat Transfer,Physics
2147,125,21,2025-12-19,3060,35,0.285,True,Statistics Measures of Central Tendency,Mathematics
551,125,41,2025-12-22,1500,26,0.314,True,Matter States and Properties,Physics
1892,125,18,2026-01-02,2820,32,0.306,False,Geometry Circles Polygons and Constructions,Mathematics
4588,125,27,2026-01-06,3960,53,0.325,False,Trigonometry Advanced Applications,Mathematics
1489,125,58,2026-01-13,3420,23,0.278,False,Electromagnetic Induction,Physics
245,125,45,2026-01-17,2940,49,0.31,True,Thermal Physics and Heat Transfer,Physics
793,125,17,2026-01-20,2280,34,0.301,True,Geometry Circles Polygons and Constructions,Mathematics
451,125,15,2026-01-21,2520,44,0.352,False,Functions and Graphs,Mathematics
1476,125,50,2026-01-25,3420,18,0.276,True,Electricity DC Circuits and Ohms Law,Physics
2428,125,8,2026-02-01,2940,21,0.293,True,Algebra Expressions and Linear Equations,Mathematics
3424,125,19,2026-02-02,2460,12,0.317,True,Trigonometry Introduction to Ratios,Mathematics
1215,125,20,2026-02-06,3480,41,0.291,False,Trigonometry Introduction to Ratios,Mathematics
465,125,20,2026-02-07,2160,26,0.284,False,Trigonometry Introduction to Ratios,Mathematics
886,125,27,2026-02-12,3240,27,0.296,True,Trigonometry Advanced Applications,Mathematics
3595,125,16,2026-02-12,2940,37,0.339,True,Functions and Graphs,Mathematics
4754,126,47,2025-09-02,2880,17,0.179,True,Wave Properties Sound and Light,Physics
543,126,21,2025-09-11,2400,29,0.173,True,Statistics Measures of Central Tendency,Mathematics
310,126,40,2025-09-12,3180,30,0.151,False,Light Reflection and Refraction,Physics
2795,126,4,2025-09-12,1920,5,0.166,True,Whole Numbers and Number Theory,Mathematics
2990,126,29,2025-09-15,3000,10,0.17,True,Introduction to Calculus Differentiation,Mathematics
1346,126,15,2025-09-29,2520,2,0.209,True,Functions and Graphs,Mathematics
3546,126,19,2025-10-01,2580,0,0.144,False,Trigonometry Introduction to Ratios,Mathematics
915,126,31,2025-10-05,2700,23,0.173,True,Probability and Statistical Distributions,Mathematics
3544,126,36,2025-10-06,3300,21,0.191,True,Forces and Newtons Laws,Physics
738,126,12,2025-10-13,1980,10,0.149,True,Statistics Data Collection and Representation,Mathematics
3629,126,48,2025-10-19,2340,10,0.193,False,Wave Properties Sound and Light,Physics
2319,126,58,2025-10-24,3300,19,0.207,False,Electromagnetic Induction,Physics
4662,126,58,2025-10-24,2640,17,0.229,True,Electromagnetic Induction,Physics
53,126,10,2025-10-27,3480,14,0.172,False,Geometry Lines Angles and Triangles,Mathematics
152,126,51,2025-11-01,2400,13,0.195,True,Electromagnetism Basic Concepts,Physics
3104,126,48,2025-11-17,2220,14,0.188,True,Wave Properties Sound and Light,Physics
3357,126,23,2025-11-17,3540,26,0.189,True,Algebra Polynomials and Rational Expressions,Mathematics
3605,126,32,2025-11-23,2820,21,0.17,True,Probability and Statistical Distributions,Mathematics
471,126,32,2025-11-29,3240,24,0.162,False,Probability and Statistical Distributions,Mathematics
3675,126,43,2025-12-01,3420,21,0.211,True,Mechanics Work Energy and Power,Physics
2893,126,16,2025-12-02,2580,16,0.238,True,Functions and Graphs,Mathematics
312,126,23,2025-12-05,4260,5,0.146,True,Algebra Polynomials and Rational Expressions,Mathematics
616,126,44,2025-12-05,2460,33,0.168,False,Mechanics Work Energy and Power,Physics
473,126,44,2025-12-12,2700,10,0.146,True,Mechanics Work Energy and Power,Physics
3505,126,17,2025-12-12,2940,7,0.141,True,Geometry Circles Polygons and Constructions,Mathematics
1744,126,49,2025-12-13,2100,10,0.167,True,Electricity DC Circuits and Ohms Law,Physics
2903,126,22,2025-12-18,2280,18,0.14,True,Numbers Surds and Indices,Mathematics
1481,126,43,2025-12-24,3660,23,0.108,True,Mechanics Work Energy and Power,Physics
916,126,59,2025-12-26,3600,31,0.124,True,Electromagnetic Induction,Physics
2825,126,29,2025-12-29,4200,12,0.214,False,Introduction to Calculus Differentiation,Mathematics
3456,126,43,2025-12-30,3240,19,0.191,True,Mechanics Work Energy and Power,Physics
1033,126,43,2026-01-04,2400,18,0.168,True,Mechanics Work Energy and Power,Physics
672,126,6,2026-01-06,1740,22,0.2,True,Fractions Decimals and Percentages,Mathematics
3948,126,46,2026-01-25,3720,11,0.149,True,Thermal Physics and Heat Transfer,Physics
3079,126,12,2026-01-26,2940,8,0.16,False,Statistics Data Collection and Representation,Mathematics
4035,126,50,2026-02-01,2580,22,0.202,True,Electricity DC Circuits and Ohms Law,Physics
823,126,60,2026-02-06,4020,16,0.149,True,Optics Interference and Diffraction,Physics
3891,126,12,2026-02-10,2280,25,0.158,True,Statistics Data Collection and Representation,Mathematics
285,126,47,2026-02-14,3120,1,0.139,False,Wave Properties Sound and Light,Physics
4007,126,3,2026-02-14,2100,13,0.153,False,Whole Numbers and Number Theory,Mathematics
93,126,3,2026-02-17,2040,7,0.151,True,Whole Numbers and Number Theory,Mathematics
970,126,47,2026-02-20,3300,10,0.16,True,Wave Properties Sound and Light,Physics
3409,126,52,2026-02-20,2640,0,0.09,True,Kinematics and Projectile Motion,Physics
3766,126,41,2026-02-20,2520,28,0.251,False,Matter States and Properties,Physics
4264,126,11,2026-02-24,2160,2,0.134,False,Statistics Data Collection and Representation,Mathematics
2809,126,47,2026-02-28,3000,27,0.158,True,Wave Properties Sound and Light,Physics
1049,127,25,2025-09-05,3720,13,0.209,True,Logarithmic and Exponential Functions,Mathematics
1344,127,58,2025-09-14,2820,30,0.172,True,Electromagnetic Induction,Physics
375,127,5,2025-09-17,2280,42,0.278,True,Fractions Decimals and Percentages,Mathematics
4290,127,31,2025-09-18,3840,22,0.277,True,Probability and Statistical Distributions,Mathematics
2463,127,27,2025-09-19,2820,19,0.269,True,Trigonometry Advanced Applications,Mathematics
2244,127,1,2025-09-28,3120,29,0.28,True,Sets and Venn Diagrams,Mathematics
396,127,19,2025-10-02,2100,17,0.155,True,Trigonometry Introduction to Ratios,Mathematics
676,127,4,2025-10-17,2220,16,0.141,True,Whole Numbers and Number Theory,Mathematics
4685,127,22,2025-10-19,2040,21,0.235,True,Numbers Surds and Indices,Mathematics
2456,127,27,2025-10-24,3540,27,0.219,True,Trigonometry Advanced Applications,Mathematics
1812,127,11,2025-11-08,2460,27,0.205,False,Statistics Data Collection and Representation,Mathematics
1637,127,10,2025-11-10,3420,23,0.192,True,Geometry Lines Angles and Triangles,Mathematics
1168,127,32,2025-11-30,3240,17,0.223,True,Probability and Statistical Distributions,Mathematics
2202,127,5,2025-11-30,2820,38,0.315,False,Fractions Decimals and Percentages,Mathematics
3743,127,22,2025-11-30,1860,11,0.157,False,Numbers Surds and Indices,Mathematics
4969,127,2,2025-12-02,3600,18,0.285,True,Sets and Venn Diagrams,Mathematics
4355,127,8,2025-12-06,2520,32,0.2,True,Algebra Expressions and Linear Equations,Mathematics
567,127,25,2025-12-10,2940,24,0.192,False,Logarithmic and Exponential Functions,Mathematics
1289,127,18,2025-12-11,2100,12,0.147,False,Geometry Circles Polygons and Constructions,Mathematics
4009,127,55,2025-12-24,3540,23,0.227,True,Electricity AC Circuits and Electronics,Physics
4306,127,10,2025-12-26,2400,17,0.28,True,Geometry Lines Angles and Triangles,Mathematics
2583,127,54,2025-12-27,3720,0,0.225,True,Electricity AC Circuits and Electronics,Physics
4303,127,20,2025-12-27,3480,25,0.224,False,Trigonometry Introduction to Ratios,Mathematics
274,127,54,2026-01-04,2820,5,0.169,False,Electricity AC Circuits and Electronics,Physics
1434,127,3,2026-01-08,1860,18,0.166,True,Whole Numbers and Number Theory,Mathematics
2646,127,48,2026-01-13,3240,21,0.163,True,Wave Properties Sound and Light,Physics
4896,127,31,2026-01-15,2220,19,0.283,True,Probability and Statistical Distributions,Mathematics
4014,127,36,2026-01-21,3060,4,0.206,False,Forces and Newtons Laws,Physics
2112,127,39,2026-01-30,2460,26,0.177,True,Light Reflection and Refraction,Physics
4650,127,38,2026-01-30,1980,1,0.113,False,Energy Forms and Conservation,Physics
3580,127,41,2026-02-09,2580,13,0.199,False,Matter States and Properties,Physics
1472,127,29,2026-02-13,3060,24,0.135,True,Introduction to Calculus Differentiation,Mathematics
230,127,5,2026-02-14,2820,21,0.201,True,Fractions Decimals and Percentages,Mathematics
438,127,2,2026-02-15,2400,19,0.182,True,Sets and Venn Diagrams,Mathematics
696,127,23,2026-02-21,2820,20,0.162,True,Algebra Polynomials and Rational Expressions,Mathematics
3631,128,16,2025-09-08,3300,33,0.441,False,Functions and Graphs,Mathematics
4670,128,57,2025-09-09,4080,63,0.541,True,Atomic Structure and Nuclear Physics,Physics
1296,128,15,2025-09-12,3300,39,0.311,True,Functions and Graphs,Mathematics
311,128,13,2025-09-15,3300,4,0.335,True,Algebra Quadratic Equations and Inequalities,Mathematics
1621,128,42,2025-09-18,2640,30,0.347,True,Matter States and Properties,Physics
540,128,5,2025-09-24,2280,36,0.328,True,Fractions Decimals and Percentages,Mathematics
4575,128,10,2025-10-03,2100,34,0.316,True,Geometry Lines Angles and Triangles,Mathematics
4386,128,56,2025-10-15,3960,30,0.499,True,Atomic Structure and Nuclear Physics,Physics
2440,128,15,2025-10-19,3120,36,0.403,False,Functions and Graphs,Mathematics
2295,128,36,2025-10-21,2040,59,0.445,False,Forces and Newtons Laws,Physics
1788,128,40,2025-10-22,3240,44,0.483,True,Light Reflection and Refraction,Physics
3783,128,21,2025-10-22,2760,35,0.374,True,Statistics Measures of Central Tendency,Mathematics
1341,128,55,2025-10-23,2160,21,0.328,False,Electricity AC Circuits and Electronics,Physics
167,128,57,2025-10-26,4200,39,0.345,True,Atomic Structure and Nuclear Physics,Physics
404,128,7,2025-10-26,3540,26,0.342,True,Algebra Expressions and Linear Equations,Mathematics
4356,128,23,2025-11-03,3900,38,0.323,True,Algebra Polynomials and Rational Expressions,Mathematics
2091,128,5,2025-11-10,2820,56,0.416,True,Fractions Decimals and Percentages,Mathematics
1281,128,59,2025-11-11,3120,30,0.336,True,Electromagnetic Induction,Physics
4839,128,14,2025-11-17,3840,51,0.502,True,Algebra Quadratic Equations and Inequalities,Mathematics
1439,128,40,2025-11-20,2760,39,0.355,True,Light Reflection and Refraction,Physics
1703,128,31,2025-11-21,3000,38,0.287,True,Probability and Statistical Distributions,Mathematics
3187,128,57,2025-11-25,2820,60,0.46,True,Atomic Structure and Nuclear Physics,Physics
521,128,39,2025-11-29,2820,15,0.299,True,Light Reflection and Refraction,Physics
1278,128,30,2025-12-06,2460,38,0.348,True,Vectors and Transformations,Mathematics
3596,128,40,2025-12-12,2460,68,0.593,True,Light Reflection and Refraction,Physics
4263,128,18,2025-12-13,2280,39,0.309,True,Geometry Circles Polygons and Constructions,Mathematics
4737,128,11,2025-12-19,2400,43,0.335,True,Statistics Data Collection and Representation,Mathematics
1326,128,16,2025-12-22,3780,43,0.344,True,Functions and Graphs,Mathematics
1670,128,40,2025-12-31,2160,29,0.424,True,Light Reflection and Refraction,Physics
2782,128,14,2026-01-02,2280,47,0.379,True,Algebra Quadratic Equations and Inequalities,Mathematics
4810,128,29,2026-01-07,4020,32,0.279,True,Introduction to Calculus Differentiation,Mathematics
2746,128,45,2026-01-08,2040,31,0.326,True,Thermal Physics and Heat Transfer,Physics
4544,128,48,2026-01-08,3120,36,0.323,False,Wave Properties Sound and Light,Physics
2611,128,17,2026-01-23,3720,24,0.257,True,Geometry Circles Polygons and Constructions,Mathematics
2506,128,53,2026-01-24,2880,41,0.3,True,Kinematics and Projectile Motion,Physics
2512,128,37,2026-01-26,2880,17,0.278,True,Energy Forms and Conservation,Physics
3906,128,60,2026-01-31,4140,43,0.306,True,Optics Interference and Diffraction,Physics
1325,128,1,2026-02-04,2640,41,0.288,True,Sets and Venn Diagrams,Mathematics
1107,128,36,2026-02-10,3420,31,0.321,True,Forces and Newtons Laws,Physics
1639,128,43,2026-02-25,2880,15,0.315,True,Mechanics Work Energy and Power,Physics
3188,129,42,2025-09-15,2760,6,0.2,False,Matter States and Properties,Physics
3203,129,52,2025-09-17,3300,53,0.309,True,Kinematics and Projectile Motion,Physics
1948,129,59,2025-09-20,3600,29,0.264,False,Electromagnetic Induction,Physics
2687,129,50,2025-10-17,2340,36,0.233,True,Electricity DC Circuits and Ohms Law,Physics
3747,129,3,2025-10-17,1680,24,0.333,True,Whole Numbers and Number Theory,Mathematics
1430,129,5,2025-10-30,2280,19,0.221,True,Fractions Decimals and Percentages,Mathematics
3524,129,4,2025-11-05,2640,25,0.263,True,Whole Numbers and Number Theory,Mathematics
3898,129,28,2025-11-06,4020,22,0.257,False,Introduction to Calculus Differentiation,Mathematics
1498,129,46,2025-11-11,3720,20,0.168,True,Thermal Physics and Heat Transfer,Physics
4167,129,25,2025-11-14,3720,22,0.247,True,Logarithmic and Exponential Functions,Mathematics
1826,129,53,2025-12-01,4080,13,0.238,True,Kinematics and Projectile Motion,Physics
478,129,3,2025-12-04,1680,0,0.232,True,Whole Numbers and Number Theory,Mathematics
3993,129,59,2025-12-15,3360,28,0.318,True,Electromagnetic Induction,Physics
498,129,13,2025-12-20,2580,24,0.231,True,Algebra Quadratic Equations and Inequalities,Mathematics
2372,129,19,2026-01-15,3060,38,0.269,True,Trigonometry Introduction to Ratios,Mathematics
3888,129,36,2026-01-17,2520,36,0.209,True,Forces and Newtons Laws,Physics
240,129,40,2026-01-19,2460,8,0.234,False,Light Reflection and Refraction,Physics
3318,129,51,2026-01-23,3240,30,0.228,True,Electromagnetism Basic Concepts,Physics
3493,129,28,2026-01-25,4260,18,0.16,True,Introduction to Calculus Differentiation,Mathematics
374,129,22,2026-02-04,2460,23,0.181,True,Numbers Surds and Indices,Mathematics
4832,129,35,2026-02-05,3000,42,0.236,True,Forces and Newtons Laws,Physics
4016,129,45,2026-02-06,2700,19,0.239,False,Thermal Physics and Heat Transfer,Physics
2017,129,46,2026-02-10,3360,41,0.227,True,Thermal Physics and Heat Transfer,Physics
2468,129,60,2026-02-16,3180,22,0.288,True,Optics Interference and Diffraction,Physics
2013,129,22,2026-02-17,2220,32,0.174,True,Numbers Surds and Indices,Mathematics
4343,129,52,2026-02-19,2400,26,0.304,True,Kinematics and Projectile Motion,Physics
2978,129,1,2026-02-20,2700,34,0.284,True,Sets and Venn Diagrams,Mathematics
4188,129,3,2026-02-25,1980,50,0.363,True,Whole Numbers and Number Theory,Mathematics
2897,130,45,2025-09-05,1980,27,0.174,True,Thermal Physics and Heat Transfer,Physics
3020,130,14,2025-09-05,3900,38,0.336,True,Algebra Quadratic Equations and Inequalities,Mathematics
3249,130,32,2025-09-09,3780,21,0.26,True,Probability and Statistical Distributions,Mathematics
3469,130,57,2025-09-15,3060,33,0.23,True,Atomic Structure and Nuclear Physics,Physics
832,130,33,2025-09-16,2280,24,0.273,False,Physical Quantities and Units,Physics
714,130,16,2025-09-17,3780,11,0.225,True,Functions and Graphs,Mathematics
1471,130,5,2025-09-17,2040,24,0.246,True,Fractions Decimals and Percentages,Mathematics
2505,130,11,2025-09-24,1500,28,0.254,True,Statistics Data Collection and Representation,Mathematics
2678,130,16,2025-10-11,3300,34,0.284,True,Functions and Graphs,Mathematics
822,130,21,2025-10-14,2640,44,0.288,True,Statistics Measures of Central Tendency,Mathematics
398,130,10,2025-10-25,2400,55,0.24,True,Geometry Lines Angles and Triangles,Mathematics
4498,130,14,2025-10-25,2760,37,0.388,True,Algebra Quadratic Equations and Inequalities,Mathematics
4314,130,49,2025-11-01,3600,26,0.285,False,Electricity DC Circuits and Ohms Law,Physics
3789,130,32,2025-11-14,3660,23,0.3,True,Probability and Statistical Distributions,Mathematics
2657,130,29,2025-11-17,2400,33,0.245,True,Introduction to Calculus Differentiation,Mathematics
4952,130,16,2025-11-18,3540,30,0.278,True,Functions and Graphs,Mathematics
3080,130,19,2025-11-22,3060,46,0.275,True,Trigonometry Introduction to Ratios,Mathematics
563,130,9,2025-11-25,3360,17,0.266,False,Geometry Lines Angles and Triangles,Mathematics
3196,130,3,2025-11-25,1800,21,0.211,True,Whole Numbers and Number Theory,Mathematics
1865,130,18,2025-11-27,2460,25,0.272,True,Geometry Circles Polygons and Constructions,Mathematics
670,130,33,2025-12-08,1740,34,0.211,True,Physical Quantities and Units,Physics
1859,130,9,2025-12-13,2340,35,0.266,True,Geometry Lines Angles and Triangles,Mathematics
3281,130,19,2025-12-19,2520,37,0.287,True,Trigonometry Introduction to Ratios,Mathematics
3446,130,27,2025-12-23,3180,4,0.173,True,Trigonometry Advanced Applications,Mathematics
779,130,6,2025-12-29,2100,23,0.27,False,Fractions Decimals and Percentages,Mathematics
1011,130,52,2026-01-01,2880,27,0.27,True,Kinematics and Projectile Motion,Physics
388,130,46,2026-01-04,3600,12,0.244,True,Thermal Physics and Heat Transfer,Physics
2129,130,40,2026-01-09,2760,33,0.172,True,Light Reflection and Refraction,Physics
3257,130,40,2026-01-18,3420,11,0.137,True,Light Reflection and Refraction,Physics
1485,130,42,2026-01-19,2700,12,0.265,True,Matter States and Properties,Physics
2325,130,22,2026-02-06,2820,17,0.212,True,Numbers Surds and Indices,Mathematics
3066,130,30,2026-02-06,3060,37,0.188,True,Vectors and Transformations,Mathematics
1801,130,55,2026-02-12,3300,17,0.165,False,Electricity AC Circuits and Electronics,Physics
2299,130,41,2026-02-20,2100,36,0.243,True,Matter States and Properties,Physics
3390,130,1,2026-02-20,3120,25,0.248,True,Sets and Venn Diagrams,Mathematics
4344,130,21,2026-02-21,1740,29,0.264,True,Statistics Measures of Central Tendency,Mathematics
3480,131,41,2025-09-06,1800,43,0.336,True,Matter States and Properties,Physics
4454,131,3,2025-09-10,2760,53,0.424,True,Whole Numbers and Number Theory,Mathematics
3593,131,2,2025-09-14,3420,40,0.324,False,Sets and Venn Diagrams,Mathematics
657,131,24,2025-09-17,2400,33,0.292,False,Algebra Polynomials and Rational Expressions,Mathematics
1433,131,21,2025-09-22,2700,52,0.402,True,Statistics Measures of Central Tendency,Mathematics
1372,131,13,2025-09-23,3300,33,0.343,True,Algebra Quadratic Equations and Inequalities,Mathematics
2516,131,49,2025-10-01,2100,16,0.294,True,Electricity DC Circuits and Ohms Law,Physics
3928,131,47,2025-10-04,2460,33,0.392,False,Wave Properties Sound and Light,Physics
3064,131,59,2025-10-07,2160,35,0.338,True,Electromagnetic Induction,Physics
3280,131,10,2025-10-08,2460,37,0.34,True,Geometry Lines Angles and Triangles,Mathematics
907,131,32,2025-10-31,4080,19,0.294,True,Probability and Statistical Distributions,Mathematics
1438,131,53,2025-10-31,4200,42,0.365,False,Kinematics and Projectile Motion,Physics
1104,131,20,2025-11-03,3780,41,0.342,True,Trigonometry Introduction to Ratios,Mathematics
3178,131,50,2025-12-04,4140,30,0.345,True,Electricity DC Circuits and Ohms Law,Physics
1100,131,45,2025-12-06,3240,37,0.342,True,Thermal Physics and Heat Transfer,Physics
1817,131,58,2025-12-08,3840,37,0.319,True,Electromagnetic Induction,Physics
4330,131,54,2025-12-12,3240,26,0.323,True,Electricity AC Circuits and Electronics,Physics
4950,131,37,2026-01-01,2100,27,0.362,True,Energy Forms and Conservation,Physics
3969,131,19,2026-01-12,2760,44,0.481,False,Trigonometry Introduction to Ratios,Mathematics
4024,131,40,2026-01-23,1860,46,0.354,False,Light Reflection and Refraction,Physics
3737,131,19,2026-01-24,2280,42,0.423,True,Trigonometry Introduction to Ratios,Mathematics
4126,131,2,2026-01-30,2820,38,0.399,False,Sets and Venn Diagrams,Mathematics
2709,131,3,2026-02-04,2820,35,0.365,False,Whole Numbers and Number Theory,Mathematics
1974,131,47,2026-02-05,3120,42,0.358,False,Wave Properties Sound and Light,Physics
510,131,32,2026-02-06,3420,35,0.265,True,Probability and Statistical Distributions,Mathematics
2829,131,30,2026-02-12,3540,32,0.305,True,Vectors and Transformations,Mathematics
1368,131,29,2026-02-14,3120,41,0.341,True,Introduction to Calculus Differentiation,Mathematics
1984,131,22,2026-02-14,2640,8,0.278,True,Numbers Surds and Indices,Mathematics
3717,131,20,2026-02-18,2880,30,0.345,True,Trigonometry Introduction to Ratios,Mathematics
4559,131,48,2026-02-19,2700,47,0.476,False,Wave Properties Sound and Light,Physics
2710,131,18,2026-02-27,2520,37,0.402,False,Geometry Circles Polygons and Constructions,Mathematics
4844,132,35,2025-09-01,3240,45,0.348,True,Forces and Newtons Laws,Physics
349,132,58,2025-09-09,3000,15,0.307,False,Electromagnetic Induction,Physics
2642,132,37,2025-09-11,3300,27,0.346,True,Energy Forms and Conservation,Physics
1772,132,52,2025-09-13,2460,25,0.279,True,Kinematics and Projectile Motion,Physics
547,132,40,2025-09-16,2400,29,0.337,True,Light Reflection and Refraction,Physics
3589,132,33,2025-09-17,2040,30,0.327,True,Physical Quantities and Units,Physics
170,132,35,2025-09-26,2820,34,0.308,True,Forces and Newtons Laws,Physics
2787,132,27,2025-09-26,3840,53,0.326,True,Trigonometry Advanced Applications,Mathematics
827,132,30,2025-09-29,2400,22,0.3,False,Vectors and Transformations,Mathematics
1447,132,28,2025-10-01,4500,43,0.29,True,Introduction to Calculus Differentiation,Mathematics
3934,132,39,2025-10-01,2820,22,0.362,False,Light Reflection and Refraction,Physics
1828,132,50,2025-10-04,2940,18,0.349,False,Electricity DC Circuits and Ohms Law,Physics
3193,132,8,2025-10-15,3420,31,0.341,True,Algebra Expressions and Linear Equations,Mathematics
2892,132,38,2025-10-19,1680,27,0.37,True,Energy Forms and Conservation,Physics
4253,132,32,2025-10-19,2820,25,0.316,True,Probability and Statistical Distributions,Mathematics
2537,132,2,2025-10-21,3000,35,0.282,True,Sets and Venn Diagrams,Mathematics
1520,132,14,2025-10-22,3960,22,0.276,False,Algebra Quadratic Equations and Inequalities,Mathematics
2242,132,46,2025-11-03,3600,25,0.365,True,Thermal Physics and Heat Transfer,Physics
65,132,50,2025-11-10,4260,41,0.347,False,Electricity DC Circuits and Ohms Law,Physics
122,132,57,2025-11-17,3480,50,0.367,True,Atomic Structure and Nuclear Physics,Physics
4616,132,24,2025-11-17,3360,41,0.303,False,Algebra Polynomials and Rational Expressions,Mathematics
3277,132,25,2025-11-21,4200,24,0.33,True,Logarithmic and Exponential Functions,Mathematics
2444,132,21,2025-11-22,2820,19,0.345,True,Statistics Measures of Central Tendency,Mathematics
4534,132,39,2025-12-02,2880,37,0.379,True,Light Reflection and Refraction,Physics
4214,132,2,2025-12-06,3000,32,0.355,True,Sets and Venn Diagrams,Mathematics
2906,132,31,2025-12-08,3000,30,0.301,False,Probability and Statistical Distributions,Mathematics
1147,132,18,2025-12-10,3420,30,0.256,True,Geometry Circles Polygons and Constructions,Mathematics
435,132,49,2025-12-26,3060,20,0.373,True,Electricity DC Circuits and Ohms Law,Physics
3832,132,40,2026-01-10,2340,35,0.374,False,Light Reflection and Refraction,Physics
990,132,11,2026-01-16,1920,30,0.353,True,Statistics Data Collection and Representation,Mathematics
2207,132,47,2026-01-22,3120,28,0.315,True,Wave Properties Sound and Light,Physics
2121,132,42,2026-01-23,2880,20,0.318,True,Matter States and Properties,Physics
1887,132,11,2026-01-29,1500,33,0.388,True,Statistics Data Collection and Representation,Mathematics
2832,132,50,2026-02-05,4080,20,0.359,True,Electricity DC Circuits and Ohms Law,Physics
3108,132,39,2026-02-06,2640,31,0.341,False,Light Reflection and Refraction,Physics
2844,132,27,2026-02-14,3780,24,0.372,True,Trigonometry Advanced Applications,Mathematics
3807,132,42,2026-02-16,2940,35,0.412,False,Matter States and Properties,Physics
3437,132,49,2026-02-17,3600,30,0.431,False,Electricity DC Circuits and Ohms Law,Physics
3765,132,26,2026-02-20,3420,31,0.344,True,Logarithmic and Exponential Functions,Mathematics
4723,132,40,2026-02-21,2160,49,0.402,True,Light Reflection and Refraction,Physics
437,132,27,2026-02-27,3360,8,0.284,True,Trigonometry Advanced Applications,Mathematics
2114,133,4,2025-09-12,1980,7,0.181,True,Whole Numbers and Number Theory,Mathematics
3021,133,5,2025-10-09,2820,13,0.194,False,Fractions Decimals and Percentages,Mathematics
1767,133,46,2025-10-14,3000,16,0.195,True,Thermal Physics and Heat Transfer,Physics
4930,133,49,2025-10-17,2160,14,0.172,False,Electricity DC Circuits and Ohms Law,Physics
45,133,51,2025-11-02,2460,29,0.138,True,Electromagnetism Basic Concepts,Physics
2333,133,48,2025-11-23,3240,28,0.224,True,Wave Properties Sound and Light,Physics
2523,133,37,2025-11-23,3120,12,0.17,True,Energy Forms and Conservation,Physics
558,133,6,2025-11-24,1740,1,0.141,True,Fractions Decimals and Percentages,Mathematics
2120,133,60,2025-12-13,3660,23,0.223,True,Optics Interference and Diffraction,Physics
3925,133,54,2025-12-16,4140,0,0.131,False,Electricity AC Circuits and Electronics,Physics
3204,133,57,2025-12-25,3480,16,0.18,True,Atomic Structure and Nuclear Physics,Physics
141,133,18,2025-12-28,3120,9,0.144,True,Geometry Circles Polygons and Constructions,Mathematics
4550,133,39,2026-01-02,2280,5,0.157,False,Light Reflection and Refraction,Physics
3653,133,54,2026-01-07,3600,13,0.139,True,Electricity AC Circuits and Electronics,Physics
3052,133,9,2026-01-17,3780,20,0.137,True,Geometry Lines Angles and Triangles,Mathematics
4954,133,60,2026-01-18,3600,20,0.245,True,Optics Interference and Diffraction,Physics
4484,133,5,2026-01-25,3420,26,0.215,True,Fractions Decimals and Percentages,Mathematics
3389,133,35,2026-01-29,2220,14,0.182,True,Forces and Newtons Laws,Physics
906,133,47,2026-02-15,2220,26,0.164,True,Wave Properties Sound and Light,Physics
4158,133,35,2026-02-25,2760,29,0.231,True,Forces and Newtons Laws,Physics
205,133,24,2026-02-27,2100,9,0.165,False,Algebra Polynomials and Rational Expressions,Mathematics
2820,133,27,2026-02-27,3000,19,0.181,False,Trigonometry Advanced Applications,Mathematics
178,134,22,2025-09-04,2280,23,0.285,True,Numbers Surds and Indices,Mathematics
2263,134,28,2025-09-04,4080,35,0.301,False,Introduction to Calculus Differentiation,Mathematics
104,134,4,2025-09-18,2520,25,0.251,True,Whole Numbers and Number Theory,Mathematics
184,134,35,2025-09-19,2220,10,0.307,True,Forces and Newtons Laws,Physics
1986,134,8,2025-09-25,3060,42,0.27,True,Algebra Expressions and Linear Equations,Mathematics
2843,134,38,2025-09-28,2040,30,0.309,True,Energy Forms and Conservation,Physics
1524,134,6,2025-10-07,2280,22,0.335,True,Fractions Decimals and Percentages,Mathematics
2949,134,26,2025-10-17,2100,35,0.317,True,Logarithmic and Exponential Functions,Mathematics
4394,134,24,2025-10-30,2160,43,0.352,False,Algebra Polynomials and Rational Expressions,Mathematics
963,134,26,2025-11-03,2580,50,0.339,False,Logarithmic and Exponential Functions,Mathematics
2369,134,27,2025-11-09,3060,47,0.27,True,Trigonometry Advanced Applications,Mathematics
2557,134,59,2025-11-13,3060,24,0.274,False,Electromagnetic Induction,Physics
2215,134,13,2025-11-27,3840,32,0.314,True,Algebra Quadratic Equations and Inequalities,Mathematics
2359,134,33,2025-12-06,1980,21,0.285,True,Physical Quantities and Units,Physics
2676,134,36,2025-12-08,2400,38,0.307,True,Forces and Newtons Laws,Physics
3958,134,14,2025-12-11,2640,23,0.303,True,Algebra Quadratic Equations and Inequalities,Mathematics
994,134,56,2025-12-16,4440,12,0.282,True,Atomic Structure and Nuclear Physics,Physics
100,134,41,2025-12-17,1500,38,0.239,True,Matter States and Properties,Physics
4032,134,17,2025-12-25,2700,47,0.312,False,Geometry Circles Polygons and Constructions,Mathematics
1197,134,34,2025-12-28,2280,31,0.271,True,Physical Quantities and Units,Physics
4063,134,16,2026-01-05,3780,47,0.38,True,Functions and Graphs,Mathematics
3688,134,7,2026-01-06,2460,26,0.331,True,Algebra Expressions and Linear Equations,Mathematics
1799,134,57,2026-01-09,3840,19,0.353,False,Atomic Structure and Nuclear Physics,Physics
2567,134,15,2026-01-28,3060,32,0.345,True,Functions and Graphs,Mathematics
4422,134,17,2026-01-30,3240,33,0.337,True,Geometry Circles Polygons and Constructions,Mathematics
922,134,31,2026-01-31,2100,26,0.287,False,Probability and Statistical Distributions,Mathematics
2023,134,19,2026-01-31,3000,24,0.299,True,Trigonometry Introduction to Ratios,Mathematics
2865,134,35,2026-02-13,2940,27,0.316,True,Forces and Newtons Laws,Physics
920,134,20,2026-02-18,3540,35,0.229,False,Trigonometry Introduction to Ratios,Mathematics
2509,134,26,2026-02-24,3420,45,0.338,True,Logarithmic and Exponential Functions,Mathematics
4695,134,26,2026-02-25,2160,40,0.315,False,Logarithmic and Exponential Functions,Mathematics
4782,135,15,2025-09-03,2940,32,0.239,True,Functions and Graphs,Mathematics
223,135,4,2025-09-07,2520,20,0.217,True,Whole Numbers and Number Theory,Mathematics
2813,135,34,2025-09-13,1560,33,0.297,True,Physical Quantities and Units,Physics
3915,135,34,2025-09-16,1560,45,0.389,True,Physical Quantities and Units,Physics
5,135,53,2025-09-18,4260,10,0.262,True,Kinematics and Projectile Motion,Physics
4937,135,42,2025-09-26,2340,31,0.288,False,Matter States and Properties,Physics
1996,135,36,2025-10-10,3180,35,0.249,True,Forces and Newtons Laws,Physics
1298,135,20,2025-10-11,3480,29,0.305,True,Trigonometry Introduction to Ratios,Mathematics
3048,135,57,2025-10-19,3420,18,0.21,True,Atomic Structure and Nuclear Physics,Physics
3133,135,52,2025-10-27,3660,14,0.219,True,Kinematics and Projectile Motion,Physics
2212,135,2,2025-11-06,3480,18,0.191,True,Sets and Venn Diagrams,Mathematics
1552,135,60,2025-11-07,3540,35,0.258,True,Optics Interference and Diffraction,Physics
836,135,19,2025-11-20,2820,18,0.271,True,Trigonometry Introduction to Ratios,Mathematics
1907,135,60,2025-11-20,3000,38,0.333,True,Optics Interference and Diffraction,Physics
1143,135,26,2025-11-21,3120,14,0.205,False,Logarithmic and Exponential Functions,Mathematics
3329,135,45,2025-12-01,3360,22,0.181,True,Thermal Physics and Heat Transfer,Physics
2914,135,22,2025-12-04,2700,37,0.254,True,Numbers Surds and Indices,Mathematics
3576,135,40,2025-12-10,2880,38,0.278,True,Light Reflection and Refraction,Physics
3616,135,30,2025-12-19,3180,37,0.233,True,Vectors and Transformations,Mathematics
2639,135,20,2026-01-04,3600,4,0.338,False,Trigonometry Introduction to Ratios,Mathematics
2498,135,40,2026-01-20,1860,32,0.263,True,Light Reflection and Refraction,Physics
3496,135,3,2026-01-27,2580,16,0.173,True,Whole Numbers and Number Theory,Mathematics
2705,135,44,2026-02-02,2100,36,0.231,True,Mechanics Work Energy and Power,Physics
3566,135,15,2026-02-03,2580,26,0.21,True,Functions and Graphs,Mathematics
4778,135,38,2026-02-05,1980,17,0.246,True,Energy Forms and Conservation,Physics
649,135,22,2026-02-16,2940,30,0.261,True,Numbers Surds and Indices,Mathematics
166,135,32,2026-02-24,3120,26,0.252,False,Probability and Statistical Distributions,Mathematics
2337,135,28,2026-02-26,3300,26,0.244,True,Introduction to Calculus Differentiation,Mathematics
1587,136,20,2025-09-07,2340,27,0.327,True,Trigonometry Introduction to Ratios,Mathematics
3527,136,58,2025-09-08,4260,21,0.242,True,Electromagnetic Induction,Physics
2448,136,47,2025-09-09,2940,32,0.245,True,Wave Properties Sound and Light,Physics
16,136,11,2025-09-12,2100,16,0.212,True,Statistics Data Collection and Representation,Mathematics
1023,136,38,2025-09-12,1860,14,0.225,True,Energy Forms and Conservation,Physics
2464,136,57,2025-09-20,2640,24,0.312,False,Atomic Structure and Nuclear Physics,Physics
1784,136,40,2025-09-27,1920,43,0.308,True,Light Reflection and Refraction,Physics
3839,136,7,2025-10-13,2640,44,0.227,True,Algebra Expressions and Linear Equations,Mathematics
3122,136,37,2025-10-16,2940,24,0.291,False,Energy Forms and Conservation,Physics
2029,136,47,2025-10-27,1920,5,0.211,True,Wave Properties Sound and Light,Physics
2226,136,52,2025-10-27,3000,12,0.198,True,Kinematics and Projectile Motion,Physics
3360,136,38,2025-10-29,1980,44,0.316,True,Energy Forms and Conservation,Physics
4536,136,55,2025-10-30,2640,48,0.336,False,Electricity AC Circuits and Electronics,Physics
3578,136,42,2025-10-31,2700,32,0.252,True,Matter States and Properties,Physics
86,136,54,2025-11-09,3600,31,0.247,True,Electricity AC Circuits and Electronics,Physics
39,136,19,2025-11-12,2700,35,0.281,True,Trigonometry Introduction to Ratios,Mathematics
2885,136,51,2025-11-12,2580,7,0.233,True,Electromagnetism Basic Concepts,Physics
203,136,32,2025-11-14,3300,35,0.222,True,Probability and Statistical Distributions,Mathematics
4675,136,54,2025-11-16,3960,32,0.359,True,Electricity AC Circuits and Electronics,Physics
157,136,1,2025-11-18,3480,27,0.264,False,Sets and Venn Diagrams,Mathematics
509,136,40,2025-11-23,2520,8,0.258,True,Light Reflection and Refraction,Physics
3699,136,20,2025-11-24,2880,40,0.339,True,Trigonometry Introduction to Ratios,Mathematics
2099,136,19,2025-11-30,3000,28,0.349,True,Trigonometry Introduction to Ratios,Mathematics
2627,136,17,2025-12-01,4080,13,0.209,False,Geometry Circles Polygons and Constructions,Mathematics
4432,136,41,2025-12-02,1980,32,0.284,True,Matter States and Properties,Physics
1161,136,28,2025-12-12,4260,17,0.248,True,Introduction to Calculus Differentiation,Mathematics
1407,136,14,2025-12-12,2280,19,0.229,False,Algebra Quadratic Equations and Inequalities,Mathematics
1316,136,56,2025-12-18,2820,19,0.28,False,Atomic Structure and Nuclear Physics,Physics
2781,136,53,2025-12-23,3360,4,0.233,False,Kinematics and Projectile Motion,Physics
3901,136,43,2025-12-24,3360,25,0.235,False,Mechanics Work Energy and Power,Physics
291,136,35,2025-12-26,3660,22,0.253,True,Forces and Newtons Laws,Physics
1353,136,38,2025-12-30,2580,21,0.257,False,Energy Forms and Conservation,Physics
4926,136,7,2026-01-01,3660,36,0.265,True,Algebra Expressions and Linear Equations,Mathematics
2148,136,38,2026-01-02,1800,33,0.242,True,Energy Forms and Conservation,Physics
4198,136,15,2026-01-04,2280,16,0.221,False,Functions and Graphs,Mathematics
1436,136,55,2026-01-24,2640,29,0.282,True,Electricity AC Circuits and Electronics,Physics
3609,136,7,2026-01-25,3120,18,0.189,False,Algebra Expressions and Linear Equations,Mathematics
228,136,30,2026-01-26,3600,5,0.179,False,Vectors and Transformations,Mathematics
2868,136,44,2026-02-10,2160,25,0.248,False,Mechanics Work Energy and Power,Physics
4010,136,5,2026-02-10,2760,40,0.32,True,Fractions Decimals and Percentages,Mathematics
896,136,21,2026-02-11,3060,12,0.233,True,Statistics Measures of Central Tendency,Mathematics
3883,136,13,2026-02-14,2820,24,0.23,True,Algebra Quadratic Equations and Inequalities,Mathematics
4461,136,30,2026-02-14,4020,0,0.103,False,Vectors and Transformations,Mathematics
1781,136,59,2026-02-17,2460,14,0.222,True,Electromagnetic Induction,Physics
202,136,6,2026-02-24,2760,27,0.211,True,Fractions Decimals and Percentages,Mathematics
4059,136,56,2026-02-28,4080,38,0.289,True,Atomic Structure and Nuclear Physics,Physics
1795,137,32,2025-09-01,2760,17,0.139,True,Probability and Statistical Distributions,Mathematics
1064,137,38,2025-09-21,1980,20,0.27,True,Energy Forms and Conservation,Physics
2123,137,21,2025-09-22,1860,6,0.224,True,Statistics Measures of Central Tendency,Mathematics
2951,137,49,2025-09-22,2460,41,0.365,True,Electricity DC Circuits and Ohms Law,Physics
3349,137,43,2025-09-30,3780,8,0.209,True,Mechanics Work Energy and Power,Physics
3463,137,30,2025-10-03,3720,22,0.227,True,Vectors and Transformations,Mathematics
1312,137,19,2025-10-04,2880,4,0.243,True,Trigonometry Introduction to Ratios,Mathematics
1184,137,53,2025-10-07,4020,16,0.238,True,Kinematics and Projectile Motion,Physics
30,137,31,2025-10-15,2280,25,0.15,True,Probability and Statistical Distributions,Mathematics
4416,137,47,2025-10-17,2400,21,0.231,True,Wave Properties Sound and Light,Physics
3248,137,5,2025-10-18,2940,35,0.29,True,Fractions Decimals and Percentages,Mathematics
3132,137,10,2025-10-22,2940,42,0.234,True,Geometry Lines Angles and Triangles,Mathematics
2240,137,49,2025-11-01,2520,26,0.279,True,Electricity DC Circuits and Ohms Law,Physics
3985,137,41,2025-11-13,2700,19,0.383,True,Matter States and Properties,Physics
4151,137,52,2025-11-24,3180,32,0.297,True,Kinematics and Projectile Motion,Physics
1872,137,58,2025-11-27,3540,23,0.311,True,Electromagnetic Induction,Physics
1099,137,1,2025-12-01,3360,28,0.326,True,Sets and Venn Diagrams,Mathematics
59,137,23,2025-12-23,2880,32,0.265,True,Algebra Polynomials and Rational Expressions,Mathematics
4951,137,6,2025-12-23,2880,31,0.379,True,Fractions Decimals and Percentages,Mathematics
3512,137,38,2025-12-29,2400,48,0.271,False,Energy Forms and Conservation,Physics
4515,137,9,2025-12-31,3120,23,0.239,False,Geometry Lines Angles and Triangles,Mathematics
2580,137,25,2026-01-03,3960,18,0.199,False,Logarithmic and Exponential Functions,Mathematics
3537,137,33,2026-01-03,2340,24,0.318,False,Physical Quantities and Units,Physics
1877,137,45,2026-01-05,2940,22,0.25,False,Thermal Physics and Heat Transfer,Physics
3843,137,45,2026-01-06,3240,19,0.274,True,Thermal Physics and Heat Transfer,Physics
631,137,2,2026-02-11,3180,27,0.278,True,Sets and Venn Diagrams,Mathematics
986,137,57,2026-02-12,3600,28,0.278,False,Atomic Structure and Nuclear Physics,Physics
2105,137,35,2026-02-12,2940,33,0.287,True,Forces and Newtons Laws,Physics
2261,137,7,2026-02-26,3420,28,0.197,False,Algebra Expressions and Linear Equations,Mathematics
847,137,41,2026-02-28,2100,21,0.244,True,Matter States and Properties,Physics
271,138,10,2025-09-01,3300,26,0.214,True,Geometry Lines Angles and Triangles,Mathematics
2419,138,60,2025-09-06,4080,31,0.221,True,Optics Interference and Diffraction,Physics
3057,138,51,2025-09-11,3300,19,0.192,True,Electromagnetism Basic Concepts,Physics
241,138,37,2025-09-23,3060,18,0.292,True,Energy Forms and Conservation,Physics
2036,138,37,2025-09-26,3300,20,0.293,True,Energy Forms and Conservation,Physics
4809,138,20,2025-10-03,2280,31,0.265,True,Trigonometry Introduction to Ratios,Mathematics
3518,138,31,2025-10-08,2520,37,0.282,True,Probability and Statistical Distributions,Mathematics
4828,138,20,2025-10-09,3240,21,0.267,True,Trigonometry Introduction to Ratios,Mathematics
4673,138,14,2025-10-14,3420,24,0.338,False,Algebra Quadratic Equations and Inequalities,Mathematics
656,138,35,2025-10-17,2340,15,0.269,True,Forces and Newtons Laws,Physics
3852,138,14,2025-11-08,3120,36,0.246,True,Algebra Quadratic Equations and Inequalities,Mathematics
494,138,43,2025-11-17,2820,31,0.312,True,Mechanics Work Energy and Power,Physics
3236,138,20,2025-12-05,2220,16,0.219,True,Trigonometry Introduction to Ratios,Mathematics
1595,138,2,2025-12-07,2160,32,0.348,True,Sets and Venn Diagrams,Mathematics
2696,138,39,2025-12-14,2520,50,0.26,True,Light Reflection and Refraction,Physics
960,138,58,2025-12-28,2580,24,0.289,False,Electromagnetic Induction,Physics
2224,138,42,2026-01-02,2400,40,0.311,False,Matter States and Properties,Physics
1229,138,47,2026-01-04,3240,18,0.269,True,Wave Properties Sound and Light,Physics
4885,138,55,2026-01-09,3360,15,0.182,True,Electricity AC Circuits and Electronics,Physics
2314,138,22,2026-01-12,3060,27,0.252,True,Numbers Surds and Indices,Mathematics
3692,138,57,2026-01-30,3060,13,0.192,True,Atomic Structure and Nuclear Physics,Physics
1117,138,39,2026-02-01,2580,27,0.202,True,Light Reflection and Refraction,Physics
4120,138,32,2026-02-06,2760,37,0.287,False,Probability and Statistical Distributions,Mathematics
2179,138,13,2026-02-23,2700,10,0.239,True,Algebra Quadratic Equations and Inequalities,Mathematics
3177,138,34,2026-02-28,1500,21,0.174,True,Physical Quantities and Units,Physics
4888,139,18,2025-09-01,3600,45,0.483,True,Geometry Circles Polygons and Constructions,Mathematics
4622,139,29,2025-09-03,3000,23,0.272,True,Introduction to Calculus Differentiation,Mathematics
1674,139,11,2025-09-08,1740,23,0.28,True,Statistics Data Collection and Representation,Mathematics
3495,139,10,2025-09-24,3480,35,0.301,True,Geometry Lines Angles and Triangles,Mathematics
3391,139,45,2025-10-17,3240,41,0.272,False,Thermal Physics and Heat Transfer,Physics
777,139,10,2025-10-19,2280,26,0.251,True,Geometry Lines Angles and Triangles,Mathematics
197,139,59,2025-10-24,3780,29,0.329,False,Electromagnetic Induction,Physics
4414,139,10,2025-10-27,2820,27,0.353,True,Geometry Lines Angles and Triangles,Mathematics
4820,139,43,2025-11-07,2160,63,0.563,True,Mechanics Work Energy and Power,Physics
2808,139,22,2025-11-09,3300,13,0.333,True,Numbers Surds and Indices,Mathematics
3420,139,43,2025-11-11,2160,36,0.354,True,Mechanics Work Energy and Power,Physics
1723,139,33,2025-11-24,3000,42,0.401,True,Physical Quantities and Units,Physics
2975,139,15,2025-11-25,2760,25,0.287,True,Functions and Graphs,Mathematics
1769,139,36,2025-12-06,3240,22,0.334,True,Forces and Newtons Laws,Physics
317,139,32,2025-12-07,2880,51,0.329,True,Probability and Statistical Distributions,Mathematics
4337,139,32,2025-12-22,3840,27,0.412,True,Probability and Statistical Distributions,Mathematics
3861,139,27,2025-12-23,2820,36,0.266,False,Trigonometry Advanced Applications,Mathematics
4275,139,44,2025-12-25,3420,51,0.489,True,Mechanics Work Energy and Power,Physics
2368,139,10,2025-12-26,3060,26,0.293,True,Geometry Lines Angles and Triangles,Mathematics
732,139,5,2026-01-11,2520,30,0.3,True,Fractions Decimals and Percentages,Mathematics
2788,139,42,2026-01-11,2160,25,0.314,True,Matter States and Properties,Physics
1150,139,47,2026-01-19,3000,42,0.375,True,Wave Properties Sound and Light,Physics
3570,139,58,2026-01-20,4020,60,0.415,True,Electromagnetic Induction,Physics
1351,139,17,2026-01-24,2580,51,0.434,True,Geometry Circles Polygons and Constructions,Mathematics
4647,139,13,2026-01-29,2700,48,0.366,True,Algebra Quadratic Equations and Inequalities,Mathematics
3136,139,20,2026-02-04,3780,32,0.29,True,Trigonometry Introduction to Ratios,Mathematics
4776,139,33,2026-02-06,2100,54,0.534,False,Physical Quantities and Units,Physics
2730,139,31,2026-02-07,2460,41,0.36,True,Probability and Statistical Distributions,Mathematics
1211,139,41,2026-02-11,2160,52,0.332,True,Matter States and Properties,Physics
3313,139,1,2026-02-13,2160,39,0.392,False,Sets and Venn Diagrams,Mathematics
4604,139,39,2026-02-16,2280,28,0.342,True,Light Reflection and Refraction,Physics
1592,139,54,2026-02-17,2520,39,0.336,True,Electricity AC Circuits and Electronics,Physics
2902,139,39,2026-02-26,2100,37,0.311,False,Light Reflection and Refraction,Physics
3164,139,34,2026-02-26,2520,49,0.462,True,Physical Quantities and Units,Physics
3173,139,26,2026-02-28,3660,29,0.334,True,Logarithmic and Exponential Functions,Mathematics
3902,140,12,2025-09-02,1680,46,0.475,True,Statistics Data Collection and Representation,Mathematics
4510,140,23,2025-09-02,3540,35,0.317,True,Algebra Polynomials and Rational Expressions,Mathematics
1876,140,57,2025-09-12,2520,24,0.28,True,Atomic Structure and Nuclear Physics,Physics
4111,140,37,2025-09-17,2460,35,0.341,True,Energy Forms and Conservation,Physics
965,140,18,2025-09-29,2880,25,0.301,True,Geometry Circles Polygons and Constructions,Mathematics
3314,140,43,2025-10-01,3420,32,0.292,True,Mechanics Work Energy and Power,Physics
1322,140,54,2025-10-05,2940,35,0.312,True,Electricity AC Circuits and Electronics,Physics
4339,140,6,2025-10-14,2520,41,0.442,False,Fractions Decimals and Percentages,Mathematics
2734,140,39,2025-10-17,3000,23,0.296,True,Light Reflection and Refraction,Physics
4496,140,39,2025-10-17,2520,22,0.37,True,Light Reflection and Refraction,Physics
4378,140,58,2025-10-26,2280,44,0.344,True,Electromagnetic Induction,Physics
1851,140,58,2025-10-28,3660,23,0.306,True,Electromagnetic Induction,Physics
2069,140,34,2025-10-28,1860,29,0.279,True,Physical Quantities and Units,Physics
4265,140,55,2025-11-23,3180,33,0.359,True,Electricity AC Circuits and Electronics,Physics
3564,140,15,2025-12-04,2040,6,0.32,True,Functions and Graphs,Mathematics
1951,140,5,2025-12-19,2220,21,0.346,True,Fractions Decimals and Percentages,Mathematics
4972,140,12,2025-12-19,2040,54,0.502,True,Statistics Data Collection and Representation,Mathematics
3661,140,43,2025-12-20,2520,33,0.306,True,Mechanics Work Energy and Power,Physics
4703,140,40,2025-12-21,2280,34,0.444,True,Light Reflection and Refraction,Physics
1902,140,26,2025-12-25,3660,42,0.38,False,Logarithmic and Exponential Functions,Mathematics
708,140,12,2026-01-04,2160,37,0.38,True,Statistics Data Collection and Representation,Mathematics
2977,140,26,2026-01-28,3480,55,0.399,True,Logarithmic and Exponential Functions,Mathematics
2353,140,58,2026-01-31,3600,21,0.328,False,Electromagnetic Induction,Physics
4444,140,9,2026-02-03,2880,18,0.285,True,Geometry Lines Angles and Triangles,Mathematics
1413,140,50,2026-02-07,2460,34,0.303,False,Electricity DC Circuits and Ohms Law,Physics
2630,140,46,2026-02-14,3180,42,0.29,True,Thermal Physics and Heat Transfer,Physics
3479,140,23,2026-02-26,4140,37,0.305,True,Algebra Polynomials and Rational Expressions,Mathematics
3588,140,30,2026-02-26,3840,47,0.346,False,Vectors and Transformations,Mathematics
2834,140,32,2026-02-27,2460,27,0.286,True,Probability and Statistical Distributions,Mathematics
911,140,56,2026-02-28,4140,6,0.268,False,Atomic Structure and Nuclear Physics,Physics
2919,141,43,2025-09-21,2460,42,0.282,True,Mechanics Work Energy and Power,Physics
306,141,16,2025-09-26,2460,24,0.287,True,Functions and Graphs,Mathematics
3169,141,28,2025-10-04,2580,34,0.275,False,Introduction to Calculus Differentiation,Mathematics
2079,141,54,2025-10-08,2460,21,0.245,False,Electricity AC Circuits and Electronics,Physics
1741,141,20,2025-10-11,2520,10,0.238,True,Trigonometry Introduction to Ratios,Mathematics
1925,141,30,2025-10-12,3120,18,0.214,False,Vectors and Transformations,Mathematics
2119,141,7,2025-10-17,3120,32,0.212,True,Algebra Expressions and Linear Equations,Mathematics
1443,141,16,2025-10-22,3480,35,0.322,True,Functions and Graphs,Mathematics
3847,141,19,2025-10-22,3240,41,0.256,True,Trigonometry Introduction to Ratios,Mathematics
1966,141,2,2025-10-25,3840,33,0.261,True,Sets and Venn Diagrams,Mathematics
4052,141,41,2025-10-27,1860,31,0.279,True,Matter States and Properties,Physics
1648,141,37,2025-10-29,2760,18,0.34,True,Energy Forms and Conservation,Physics
4924,141,20,2025-10-30,2580,35,0.307,True,Trigonometry Introduction to Ratios,Mathematics
1014,141,45,2025-11-01,2880,28,0.323,True,Thermal Physics and Heat Transfer,Physics
295,141,46,2025-11-07,2580,16,0.239,True,Thermal Physics and Heat Transfer,Physics
355,141,32,2025-11-09,3540,43,0.279,True,Probability and Statistical Distributions,Mathematics
845,141,13,2025-11-16,2160,20,0.273,True,Algebra Quadratic Equations and Inequalities,Mathematics
1081,141,32,2025-11-20,3900,32,0.371,False,Probability and Statistical Distributions,Mathematics
4556,141,49,2025-11-23,3360,29,0.29,True,Electricity DC Circuits and Ohms Law,Physics
1474,141,14,2025-11-24,2880,15,0.351,True,Algebra Quadratic Equations and Inequalities,Mathematics
2835,141,9,2025-11-24,2460,31,0.336,False,Geometry Lines Angles and Triangles,Mathematics
1304,141,15,2025-12-02,3060,48,0.314,True,Functions and Graphs,Mathematics
4908,141,48,2025-12-14,2700,35,0.35,False,Wave Properties Sound and Light,Physics
2640,141,38,2025-12-27,1800,46,0.383,False,Energy Forms and Conservation,Physics
173,141,51,2026-01-15,3300,22,0.207,True,Electromagnetism Basic Concepts,Physics
4256,141,52,2026-01-21,2760,33,0.289,True,Kinematics and Projectile Motion,Physics
1733,141,25,2026-01-24,3120,16,0.211,True,Logarithmic and Exponential Functions,Mathematics
2749,141,14,2026-01-24,4260,38,0.36,True,Algebra Quadratic Equations and Inequalities,Mathematics
850,141,50,2026-01-25,2880,35,0.239,True,Electricity DC Circuits and Ohms Law,Physics
2527,141,30,2026-01-31,3780,38,0.288,False,Vectors and Transformations,Mathematics
1899,141,49,2026-02-03,2100,35,0.266,True,Electricity DC Circuits and Ohms Law,Physics
2564,141,22,2026-02-07,2760,10,0.211,True,Numbers Surds and Indices,Mathematics
1942,141,10,2026-02-10,3840,13,0.264,False,Geometry Lines Angles and Triangles,Mathematics
387,141,47,2026-02-15,2580,12,0.291,False,Wave Properties Sound and Light,Physics
825,141,6,2026-02-22,1920,15,0.319,True,Fractions Decimals and Percentages,Mathematics
120,141,56,2026-02-24,2640,18,0.261,True,Atomic Structure and Nuclear Physics,Physics
511,141,48,2026-02-24,2400,37,0.361,True,Wave Properties Sound and Light,Physics
4279,141,36,2026-02-24,2940,36,0.209,True,Forces and Newtons Laws,Physics
3971,142,56,2025-09-05,3720,31,0.185,True,Atomic Structure and Nuclear Physics,Physics
2754,142,42,2025-09-10,2280,15,0.2,False,Matter States and Properties,Physics
2532,142,30,2025-09-13,3540,20,0.204,True,Vectors and Transformations,Mathematics
2040,142,44,2025-09-26,2940,17,0.28,False,Mechanics Work Energy and Power,Physics
1473,142,8,2025-10-03,3480,8,0.205,True,Algebra Expressions and Linear Equations,Mathematics
4831,142,22,2025-10-08,2640,3,0.176,False,Numbers Surds and Indices,Mathematics
775,142,48,2025-10-11,3540,0,0.165,True,Wave Properties Sound and Light,Physics
469,142,16,2025-10-17,3600,20,0.19,True,Functions and Graphs,Mathematics
734,142,60,2025-10-17,2520,29,0.207,False,Optics Interference and Diffraction,Physics
4476,142,1,2025-10-19,2040,13,0.243,True,Sets and Venn Diagrams,Mathematics
1082,142,28,2025-10-24,4020,20,0.171,True,Introduction to Calculus Differentiation,Mathematics
4212,142,3,2025-10-31,1680,27,0.208,True,Whole Numbers and Number Theory,Mathematics
1924,142,37,2025-11-08,3120,31,0.231,True,Energy Forms and Conservation,Physics
1303,142,57,2025-11-10,3120,6,0.108,True,Atomic Structure and Nuclear Physics,Physics
2071,142,38,2025-11-14,1680,41,0.306,False,Energy Forms and Conservation,Physics
2925,142,47,2025-11-19,3360,16,0.235,False,Wave Properties Sound and Light,Physics
2485,142,45,2025-11-22,3000,43,0.284,False,Thermal Physics and Heat Transfer,Physics
3689,142,40,2025-11-24,2940,19,0.138,False,Light Reflection and Refraction,Physics
4173,142,18,2025-11-26,2880,26,0.153,False,Geometry Circles Polygons and Constructions,Mathematics
1922,142,37,2025-12-07,1980,14,0.209,True,Energy Forms and Conservation,Physics
4765,142,34,2025-12-07,2520,14,0.193,True,Physical Quantities and Units,Physics
1842,142,14,2025-12-08,4200,22,0.248,False,Algebra Quadratic Equations and Inequalities,Mathematics
4042,142,26,2025-12-10,3720,11,0.128,True,Logarithmic and Exponential Functions,Mathematics
4003,142,19,2025-12-14,1980,24,0.219,True,Trigonometry Introduction to Ratios,Mathematics
3155,142,28,2025-12-19,3960,12,0.146,True,Introduction to Calculus Differentiation,Mathematics
2484,142,7,2025-12-20,2940,10,0.245,False,Algebra Expressions and Linear Equations,Mathematics
1531,142,31,2025-12-21,2100,23,0.183,False,Probability and Statistical Distributions,Mathematics
1019,142,13,2025-12-29,3660,39,0.201,False,Algebra Quadratic Equations and Inequalities,Mathematics
2965,142,4,2025-12-31,2400,20,0.159,False,Whole Numbers and Number Theory,Mathematics
2111,142,20,2026-01-01,3480,4,0.174,True,Trigonometry Introduction to Ratios,Mathematics
191,142,30,2026-01-12,2520,13,0.198,True,Vectors and Transformations,Mathematics
1606,142,55,2026-01-16,2520,18,0.175,True,Electricity AC Circuits and Electronics,Physics
2033,142,47,2026-01-19,1920,4,0.21,False,Wave Properties Sound and Light,Physics
2423,142,43,2026-01-22,3840,29,0.319,False,Mechanics Work Energy and Power,Physics
232,142,43,2026-01-28,3660,24,0.243,True,Mechanics Work Energy and Power,Physics
3231,142,55,2026-02-18,2700,6,0.21,True,Electricity AC Circuits and Electronics,Physics
3172,142,27,2026-02-19,3300,3,0.19,True,Trigonometry Advanced Applications,Mathematics
2873,142,13,2026-02-22,3540,14,0.227,True,Algebra Quadratic Equations and Inequalities,Mathematics
1691,143,47,2025-09-02,2880,32,0.28,True,Wave Properties Sound and Light,Physics
4177,143,4,2025-09-06,2040,35,0.17,False,Whole Numbers and Number Theory,Mathematics
1248,143,42,2025-09-11,2220,22,0.193,True,Matter States and Properties,Physics
3072,143,14,2025-09-17,3420,35,0.27,False,Algebra Quadratic Equations and Inequalities,Mathematics
729,143,28,2025-09-19,3960,21,0.291,True,Introduction to Calculus Differentiation,Mathematics
3186,143,56,2025-09-21,4200,28,0.326,True,Atomic Structure and Nuclear Physics,Physics
3386,143,30,2025-09-26,3120,29,0.22,True,Vectors and Transformations,Mathematics
2475,143,32,2025-09-27,3000,34,0.213,True,Probability and Statistical Distributions,Mathematics
2414,143,38,2025-09-28,2520,33,0.277,True,Energy Forms and Conservation,Physics
1152,143,19,2025-10-24,2820,40,0.22,False,Trigonometry Introduction to Ratios,Mathematics
1330,143,47,2025-10-26,2820,15,0.221,True,Wave Properties Sound and Light,Physics
4817,143,32,2025-11-03,3360,23,0.217,True,Probability and Statistical Distributions,Mathematics
272,143,53,2025-11-16,3540,32,0.241,True,Kinematics and Projectile Motion,Physics
2233,143,16,2025-11-27,2220,28,0.289,True,Functions and Graphs,Mathematics
1029,143,51,2025-12-07,2040,40,0.23,True,Electromagnetism Basic Concepts,Physics
3638,143,2,2025-12-11,3300,16,0.196,False,Sets and Venn Diagrams,Mathematics
3709,143,4,2025-12-12,1980,25,0.225,True,Whole Numbers and Number Theory,Mathematics
189,143,58,2025-12-16,3600,40,0.278,True,Electromagnetic Induction,Physics
1994,143,46,2025-12-21,3720,38,0.386,False,Thermal Physics and Heat Transfer,Physics
621,143,49,2025-12-30,3300,29,0.284,False,Electricity DC Circuits and Ohms Law,Physics
4130,143,1,2026-01-02,3240,37,0.208,True,Sets and Venn Diagrams,Mathematics
520,143,56,2026-01-09,4500,28,0.253,True,Atomic Structure and Nuclear Physics,Physics
3702,143,29,2026-01-24,2400,22,0.348,True,Introduction to Calculus Differentiation,Mathematics
4088,143,32,2026-01-25,3840,35,0.204,True,Probability and Statistical Distributions,Mathematics
2841,143,56,2026-02-02,3900,35,0.351,True,Atomic Structure and Nuclear Physics,Physics
2411,143,15,2026-02-08,3180,30,0.31,True,Functions and Graphs,Mathematics
4234,143,22,2026-02-20,2460,36,0.245,True,Numbers Surds and Indices,Mathematics
634,144,58,2025-09-05,2460,36,0.195,True,Electromagnetic Induction,Physics
1077,144,28,2025-09-20,3420,26,0.244,True,Introduction to Calculus Differentiation,Mathematics
4884,144,48,2025-09-20,2280,18,0.279,False,Wave Properties Sound and Light,Physics
2374,144,45,2025-10-03,3360,24,0.263,True,Thermal Physics and Heat Transfer,Physics
4605,144,6,2025-10-11,2940,26,0.256,False,Fractions Decimals and Percentages,Mathematics
4602,144,9,2025-10-16,3900,29,0.244,False,Geometry Lines Angles and Triangles,Mathematics
2701,144,14,2025-10-24,4080,10,0.201,False,Algebra Quadratic Equations and Inequalities,Mathematics
3129,144,12,2025-10-29,1920,29,0.224,False,Statistics Data Collection and Representation,Mathematics
2988,144,47,2025-11-04,2760,19,0.206,False,Wave Properties Sound and Light,Physics
753,144,35,2025-11-07,2940,33,0.281,False,Forces and Newtons Laws,Physics
3663,144,26,2025-11-07,3000,35,0.258,True,Logarithmic and Exponential Functions,Mathematics
1850,144,23,2025-11-11,2460,16,0.159,True,Algebra Polynomials and Rational Expressions,Mathematics
1190,144,13,2025-11-16,2160,17,0.155,True,Algebra Quadratic Equations and Inequalities,Mathematics
1756,144,37,2025-11-16,3360,28,0.343,False,Energy Forms and Conservation,Physics
678,144,30,2025-11-23,2340,11,0.186,True,Vectors and Transformations,Mathematics
4268,144,59,2025-11-24,2940,29,0.28,True,Electromagnetic Induction,Physics
2100,144,10,2025-11-28,3600,14,0.236,False,Geometry Lines Angles and Triangles,Mathematics
2526,144,58,2025-12-10,4200,25,0.259,False,Electromagnetic Induction,Physics
3957,144,58,2025-12-14,2880,36,0.247,False,Electromagnetic Induction,Physics
762,144,31,2025-12-16,2460,1,0.178,True,Probability and Statistical Distributions,Mathematics
455,144,20,2025-12-18,2760,10,0.19,False,Trigonometry Introduction to Ratios,Mathematics
3289,144,2,2025-12-18,2220,29,0.303,True,Sets and Venn Diagrams,Mathematics
3120,144,56,2025-12-26,2580,21,0.2,False,Atomic Structure and Nuclear Physics,Physics
3741,144,19,2025-12-28,3420,11,0.226,True,Trigonometry Introduction to Ratios,Mathematics
4001,144,56,2025-12-28,3300,17,0.236,True,Atomic Structure and Nuclear Physics,Physics
238,144,34,2026-01-05,1500,20,0.249,True,Physical Quantities and Units,Physics
1666,144,6,2026-01-08,3060,20,0.212,False,Fractions Decimals and Percentages,Mathematics
8,144,37,2026-01-16,3300,39,0.318,True,Energy Forms and Conservation,Physics
4919,144,28,2026-01-20,4440,33,0.216,True,Introduction to Calculus Differentiation,Mathematics
3062,144,24,2026-01-27,2280,24,0.228,True,Algebra Polynomials and Rational Expressions,Mathematics
3372,144,15,2026-02-02,2640,26,0.172,False,Functions and Graphs,Mathematics
2006,144,44,2026-02-06,3420,19,0.266,True,Mechanics Work Energy and Power,Physics
757,144,25,2026-02-12,2760,28,0.2,True,Logarithmic and Exponential Functions,Mathematics
1034,144,59,2026-02-12,3000,34,0.23,False,Electromagnetic Induction,Physics
1692,144,44,2026-02-17,2700,27,0.217,True,Mechanics Work Energy and Power,Physics
2144,144,1,2026-02-21,2520,15,0.236,False,Sets and Venn Diagrams,Mathematics
217,144,34,2026-02-24,2640,20,0.217,True,Physical Quantities and Units,Physics
3338,144,59,2026-02-24,3840,30,0.211,False,Electromagnetic Induction,Physics
4107,144,40,2026-02-25,2460,24,0.205,True,Light Reflection and Refraction,Physics
4038,145,8,2025-09-02,2700,42,0.336,True,Algebra Expressions and Linear Equations,Mathematics
195,145,27,2025-09-16,2640,41,0.289,True,Trigonometry Advanced Applications,Mathematics
2287,145,22,2025-09-16,3120,20,0.301,False,Numbers Surds and Indices,Mathematics
3897,145,2,2025-09-16,2460,30,0.28,True,Sets and Venn Diagrams,Mathematics
236,145,35,2025-09-27,3060,23,0.275,True,Forces and Newtons Laws,Physics
1566,145,31,2025-09-27,3600,28,0.31,True,Probability and Statistical Distributions,Mathematics
4371,145,9,2025-09-28,3540,48,0.352,True,Geometry Lines Angles and Triangles,Mathematics
4128,145,36,2025-10-03,2640,19,0.261,False,Forces and Newtons Laws,Physics
1269,145,23,2025-10-05,3540,28,0.347,False,Algebra Polynomials and Rational Expressions,Mathematics
2407,145,30,2025-10-10,3660,15,0.312,False,Vectors and Transformations,Mathematics
4201,145,6,2025-10-13,2400,38,0.301,True,Fractions Decimals and Percentages,Mathematics
3652,145,52,2025-10-16,3600,30,0.266,True,Kinematics and Projectile Motion,Physics
4889,145,59,2025-10-26,2220,43,0.427,True,Electromagnetic Induction,Physics
638,145,51,2025-11-01,2760,37,0.24,True,Electromagnetism Basic Concepts,Physics
3019,145,8,2025-11-04,3240,24,0.334,True,Algebra Expressions and Linear Equations,Mathematics
340,145,56,2025-11-13,2760,31,0.32,False,Atomic Structure and Nuclear Physics,Physics
1961,145,31,2025-11-21,3840,43,0.319,False,Probability and Statistical Distributions,Mathematics
3475,145,58,2025-11-23,2640,43,0.404,True,Electromagnetic Induction,Physics
570,145,42,2025-11-24,1740,40,0.322,True,Matter States and Properties,Physics
2480,145,36,2025-11-30,2640,23,0.268,True,Forces and Newtons Laws,Physics
328,145,54,2025-12-18,2460,31,0.222,True,Electricity AC Circuits and Electronics,Physics
4329,145,21,2025-12-28,2820,30,0.377,False,Statistics Measures of Central Tendency,Mathematics
1777,145,39,2025-12-31,2100,44,0.326,True,Light Reflection and Refraction,Physics
2879,145,12,2026-01-09,2100,36,0.306,True,Statistics Data Collection and Representation,Mathematics
2924,145,54,2026-01-17,2460,35,0.229,False,Electricity AC Circuits and Electronics,Physics
2016,145,7,2026-01-18,2400,36,0.319,False,Algebra Expressions and Linear Equations,Mathematics
831,145,13,2026-02-04,2820,23,0.263,True,Algebra Quadratic Equations and Inequalities,Mathematics
4976,145,55,2026-02-07,3840,17,0.257,False,Electricity AC Circuits and Electronics,Physics
3466,145,37,2026-02-08,3120,27,0.302,True,Energy Forms and Conservation,Physics
959,146,53,2025-09-06,4140,25,0.167,False,Kinematics and Projectile Motion,Physics
2760,146,42,2025-09-15,2160,32,0.234,False,Matter States and Properties,Physics
3275,146,48,2025-09-23,2640,12,0.101,True,Wave Properties Sound and Light,Physics
1285,146,44,2025-09-24,2460,19,0.196,False,Mechanics Work Energy and Power,Physics
1950,146,6,2025-10-01,1800,0,0.198,False,Fractions Decimals and Percentages,Mathematics
2108,146,36,2025-10-01,2460,36,0.264,True,Forces and Newtons Laws,Physics
3242,146,25,2025-10-15,2820,30,0.24,True,Logarithmic and Exponential Functions,Mathematics
1055,146,58,2025-10-16,3300,19,0.241,True,Electromagnetic Induction,Physics
4319,146,23,2025-10-26,4020,35,0.328,False,Algebra Polynomials and Rational Expressions,Mathematics
2495,146,56,2025-10-27,3180,14,0.217,True,Atomic Structure and Nuclear Physics,Physics
3574,146,9,2025-10-31,3600,12,0.221,True,Geometry Lines Angles and Triangles,Mathematics
2221,146,31,2025-11-02,3660,36,0.335,True,Probability and Statistical Distributions,Mathematics
4000,146,53,2025-11-08,3240,26,0.3,False,Kinematics and Projectile Motion,Physics
13,146,45,2025-11-20,2580,11,0.149,True,Thermal Physics and Heat Transfer,Physics
4592,146,15,2025-11-21,2760,22,0.215,True,Functions and Graphs,Mathematics
4079,146,22,2025-11-22,2340,24,0.142,True,Numbers Surds and Indices,Mathematics
2401,146,27,2025-11-23,3360,22,0.121,True,Trigonometry Advanced Applications,Mathematics
1641,146,50,2025-11-24,2820,12,0.218,False,Electricity DC Circuits and Ohms Law,Physics
1551,146,32,2025-11-25,2700,24,0.281,True,Probability and Statistical Distributions,Mathematics
4718,146,52,2025-11-29,2640,16,0.314,True,Kinematics and Projectile Motion,Physics
2487,146,5,2025-12-06,2820,44,0.264,True,Fractions Decimals and Percentages,Mathematics
4567,146,9,2025-12-07,3300,30,0.231,True,Geometry Lines Angles and Triangles,Mathematics
4501,146,59,2025-12-14,2700,46,0.287,True,Electromagnetic Induction,Physics
1780,146,51,2025-12-17,2220,27,0.175,True,Electromagnetism Basic Concepts,Physics
1920,146,42,2025-12-18,2640,4,0.204,True,Matter States and Properties,Physics
1127,146,26,2025-12-21,2220,16,0.211,True,Logarithmic and Exponential Functions,Mathematics
2686,146,52,2025-12-24,3780,28,0.255,False,Kinematics and Projectile Motion,Physics
321,146,42,2025-12-27,2820,0,0.163,True,Matter States and Properties,Physics
2858,146,50,2025-12-28,3660,12,0.253,True,Electricity DC Circuits and Ohms Law,Physics
1499,146,39,2025-12-30,1980,36,0.198,True,Light Reflection and Refraction,Physics
2080,146,34,2026-01-02,1440,32,0.154,False,Physical Quantities and Units,Physics
3619,146,28,2026-01-24,3120,14,0.18,True,Introduction to Calculus Differentiation,Mathematics
4312,146,43,2026-01-24,3180,5,0.266,True,Mechanics Work Energy and Power,Physics
506,146,42,2026-01-25,1860,25,0.2,True,Matter States and Properties,Physics
3908,146,39,2026-01-25,2940,31,0.261,True,Light Reflection and Refraction,Physics
4102,146,12,2026-02-01,2580,23,0.288,False,Statistics Data Collection and Representation,Mathematics
752,146,43,2026-02-12,3360,10,0.138,True,Mechanics Work Energy and Power,Physics
2326,146,11,2026-02-15,1500,8,0.281,True,Statistics Data Collection and Representation,Mathematics
2575,146,53,2026-02-16,4380,20,0.195,True,Kinematics and Projectile Motion,Physics
3476,146,31,2026-02-16,3660,43,0.327,True,Probability and Statistical Distributions,Mathematics
453,146,32,2026-02-19,4080,13,0.256,True,Probability and Statistical Distributions,Mathematics
2171,146,24,2026-02-28,2460,16,0.266,True,Algebra Polynomials and Rational Expressions,Mathematics
1139,147,43,2025-10-05,3780,22,0.258,False,Mechanics Work Energy and Power,Physics
4495,147,37,2025-10-05,2640,40,0.362,True,Energy Forms and Conservation,Physics
1463,147,34,2025-10-06,2100,10,0.273,True,Physical Quantities and Units,Physics
410,147,54,2025-10-15,4140,45,0.322,True,Electricity AC Circuits and Electronics,Physics
1230,147,60,2025-10-18,3240,30,0.282,True,Optics Interference and Diffraction,Physics
4360,147,22,2025-10-20,1860,43,0.342,True,Numbers Surds and Indices,Mathematics
2831,147,35,2025-10-28,2700,38,0.313,True,Forces and Newtons Laws,Physics
4507,147,10,2025-10-31,3720,36,0.355,True,Geometry Lines Angles and Triangles,Mathematics
4467,147,20,2025-11-06,3540,24,0.246,True,Trigonometry Introduction to Ratios,Mathematics
4086,147,40,2025-11-20,3420,5,0.27,True,Light Reflection and Refraction,Physics
2089,147,24,2025-11-22,2100,16,0.31,False,Algebra Polynomials and Rational Expressions,Mathematics
1022,147,28,2025-12-04,3840,21,0.237,False,Introduction to Calculus Differentiation,Mathematics
499,147,54,2025-12-07,2880,31,0.304,True,Electricity AC Circuits and Electronics,Physics
2149,147,51,2025-12-07,3120,30,0.301,True,Electromagnetism Basic Concepts,Physics
1459,147,17,2025-12-13,3900,40,0.27,True,Geometry Circles Polygons and Constructions,Mathematics
3988,147,46,2025-12-14,2640,30,0.206,True,Thermal Physics and Heat Transfer,Physics
2635,147,51,2025-12-15,2760,46,0.346,False,Electromagnetism Basic Concepts,Physics
2471,147,42,2025-12-16,3000,38,0.362,True,Matter States and Properties,Physics
2755,147,37,2026-01-02,3060,36,0.304,True,Energy Forms and Conservation,Physics
4206,147,34,2026-01-02,2100,14,0.311,True,Physical Quantities and Units,Physics
3438,147,31,2026-01-05,2220,26,0.251,True,Probability and Statistical Distributions,Mathematics
4321,147,22,2026-01-20,3120,39,0.371,False,Numbers Surds and Indices,Mathematics
2416,147,52,2026-01-21,4260,23,0.146,True,Kinematics and Projectile Motion,Physics
402,147,29,2026-01-23,3000,33,0.273,False,Introduction to Calculus Differentiation,Mathematics
4999,147,13,2026-01-27,3600,24,0.306,True,Algebra Quadratic Equations and Inequalities,Mathematics
4687,147,50,2026-02-02,3000,20,0.287,False,Electricity DC Circuits and Ohms Law,Physics
3635,147,10,2026-02-13,2760,38,0.279,True,Geometry Lines Angles and Triangles,Mathematics
1573,147,29,2026-02-15,4200,10,0.27,True,Introduction to Calculus Differentiation,Mathematics
1144,147,42,2026-02-25,2040,21,0.286,True,Matter States and Properties,Physics
4698,147,55,2026-02-26,3720,31,0.329,False,Electricity AC Circuits and Electronics,Physics
4540,147,31,2026-02-27,2580,15,0.249,False,Probability and Statistical Distributions,Mathematics
2074,148,13,2025-09-03,2940,46,0.33,True,Algebra Quadratic Equations and Inequalities,Mathematics
3973,148,46,2025-09-05,2640,46,0.287,True,Thermal Physics and Heat Transfer,Physics
2461,148,27,2025-09-15,4560,27,0.289,False,Trigonometry Advanced Applications,Mathematics
448,148,56,2025-09-22,3960,42,0.316,True,Atomic Structure and Nuclear Physics,Physics
1570,148,4,2025-09-24,2640,32,0.252,False,Whole Numbers and Number Theory,Mathematics
3253,148,7,2025-10-02,3480,29,0.352,True,Algebra Expressions and Linear Equations,Mathematics
619,148,46,2025-10-08,2340,27,0.229,True,Thermal Physics and Heat Transfer,Physics
3987,148,17,2025-10-10,3000,25,0.314,True,Geometry Circles Polygons and Constructions,Mathematics
2331,148,17,2025-10-14,3360,17,0.296,True,Geometry Circles Polygons and Constructions,Mathematics
1080,148,9,2025-10-16,4140,43,0.291,True,Geometry Lines Angles and Triangles,Mathematics
4309,148,39,2025-10-16,2280,23,0.273,True,Light Reflection and Refraction,Physics
4869,148,48,2025-10-20,2580,38,0.324,True,Wave Properties Sound and Light,Physics
4836,148,5,2025-10-27,2160,25,0.287,False,Fractions Decimals and Percentages,Mathematics
3996,148,50,2025-11-01,2280,0,0.247,True,Electricity DC Circuits and Ohms Law,Physics
913,148,6,2025-11-15,2220,29,0.258,True,Fractions Decimals and Percentages,Mathematics
1928,148,55,2025-11-15,2760,26,0.343,True,Electricity AC Circuits and Electronics,Physics
1364,148,44,2025-11-19,2280,2,0.276,True,Mechanics Work Energy and Power,Physics
2602,148,36,2025-11-19,3060,39,0.41,True,Forces and Newtons Laws,Physics
1521,148,35,2025-11-27,3600,44,0.362,True,Forces and Newtons Laws,Physics
4099,148,31,2025-11-27,3720,40,0.254,True,Probability and Statistical Distributions,Mathematics
2520,148,29,2025-12-07,3780,24,0.253,True,Introduction to Calculus Differentiation,Mathematics
3043,148,18,2025-12-08,3840,45,0.339,True,Geometry Circles Polygons and Constructions,Mathematics
3669,148,7,2025-12-22,2520,21,0.361,True,Algebra Expressions and Linear Equations,Mathematics
2268,148,14,2025-12-30,2400,56,0.342,True,Algebra Quadratic Equations and Inequalities,Mathematics
4530,148,45,2025-12-31,3420,16,0.293,True,Thermal Physics and Heat Transfer,Physics
1655,148,51,2026-01-11,2580,19,0.267,True,Electromagnetism Basic Concepts,Physics
403,148,16,2026-01-20,3420,18,0.259,True,Functions and Graphs,Mathematics
2095,148,42,2026-01-29,1980,27,0.293,True,Matter States and Properties,Physics
1543,148,27,2026-02-02,3060,22,0.262,True,Trigonometry Advanced Applications,Mathematics
4561,148,54,2026-02-10,2820,45,0.396,False,Electricity AC Circuits and Electronics,Physics
2474,148,22,2026-02-18,3240,24,0.272,True,Numbers Surds and Indices,Mathematics
3954,148,9,2026-02-18,3660,38,0.329,True,Geometry Lines Angles and Triangles,Mathematics
296,148,1,2026-02-25,2940,31,0.295,True,Sets and Venn Diagrams,Mathematics
3862,149,52,2025-09-03,3960,0,0.163,True,Kinematics and Projectile Motion,Physics
751,149,9,2025-09-08,2760,7,0.184,True,Geometry Lines Angles and Triangles,Mathematics
2684,149,16,2025-09-14,3000,19,0.179,True,Functions and Graphs,Mathematics
761,149,52,2025-09-16,3240,15,0.12,True,Kinematics and Projectile Motion,Physics
898,149,2,2025-09-23,2640,19,0.235,True,Sets and Venn Diagrams,Mathematics
3831,149,55,2025-10-09,3240,22,0.222,True,Electricity AC Circuits and Electronics,Physics
4325,149,57,2025-10-13,3420,15,0.228,True,Atomic Structure and Nuclear Physics,Physics
1228,149,49,2025-10-15,2820,32,0.251,False,Electricity DC Circuits and Ohms Law,Physics
1225,149,49,2025-10-18,3180,21,0.18,True,Electricity DC Circuits and Ohms Law,Physics
4163,149,20,2025-10-18,2940,13,0.158,True,Trigonometry Introduction to Ratios,Mathematics
4210,149,58,2025-10-24,3360,28,0.267,False,Electromagnetic Induction,Physics
3075,149,24,2025-10-27,3180,12,0.201,False,Algebra Polynomials and Rational Expressions,Mathematics
4821,149,26,2025-11-03,2700,25,0.216,False,Logarithmic and Exponential Functions,Mathematics
3311,149,22,2025-11-13,2820,28,0.127,False,Numbers Surds and Indices,Mathematics
3208,149,54,2025-11-14,2520,22,0.186,False,Electricity AC Circuits and Electronics,Physics
2874,149,31,2025-11-16,2100,41,0.241,False,Probability and Statistical Distributions,Mathematics
2777,149,24,2025-11-17,3780,19,0.179,True,Algebra Polynomials and Rational Expressions,Mathematics
162,149,2,2025-11-18,2880,32,0.188,True,Sets and Venn Diagrams,Mathematics
4261,149,9,2025-11-26,2340,25,0.196,False,Geometry Lines Angles and Triangles,Mathematics
1633,149,57,2025-11-28,2580,9,0.169,False,Atomic Structure and Nuclear Physics,Physics
2026,149,11,2025-11-28,2580,16,0.206,True,Statistics Data Collection and Representation,Mathematics
3500,149,39,2025-11-28,2760,29,0.215,True,Light Reflection and Refraction,Physics
612,149,45,2025-11-29,2400,30,0.23,False,Thermal Physics and Heat Transfer,Physics
4856,149,13,2025-12-05,3180,25,0.207,True,Algebra Quadratic Equations and Inequalities,Mathematics
1686,149,22,2025-12-06,2940,7,0.162,True,Numbers Surds and Indices,Mathematics
4220,149,38,2026-01-10,2460,15,0.185,True,Energy Forms and Conservation,Physics
277,149,8,2026-01-18,1920,34,0.199,True,Algebra Expressions and Linear Equations,Mathematics
4865,149,17,2026-01-18,2520,16,0.162,True,Geometry Circles Polygons and Constructions,Mathematics
1508,149,8,2026-01-30,2580,38,0.214,True,Algebra Expressions and Linear Equations,Mathematics
2945,149,55,2026-01-30,3720,6,0.191,True,Electricity AC Circuits and Electronics,Physics
4116,149,59,2026-02-01,2220,2,0.189,True,Electromagnetic Induction,Physics
1031,149,5,2026-02-15,1860,24,0.279,True,Fractions Decimals and Percentages,Mathematics
4581,149,5,2026-02-21,3060,37,0.414,False,Fractions Decimals and Percentages,Mathematics
2665,149,10,2026-02-26,3300,13,0.201,False,Geometry Lines Angles and Triangles,Mathematics
3307,150,55,2025-09-01,3540,24,0.259,True,Electricity AC Circuits and Electronics,Physics
4471,150,55,2025-09-04,2640,25,0.305,False,Electricity AC Circuits and Electronics,Physics
3443,150,58,2025-09-09,3000,11,0.318,True,Electromagnetic Induction,Physics
174,150,45,2025-09-12,2340,26,0.261,True,Thermal Physics and Heat Transfer,Physics
1504,150,49,2025-09-15,2460,18,0.206,False,Electricity DC Circuits and Ohms Law,Physics
447,150,35,2025-09-18,2700,31,0.263,False,Forces and Newtons Laws,Physics
3010,150,56,2025-09-18,3120,6,0.235,True,Atomic Structure and Nuclear Physics,Physics
297,150,25,2025-09-21,2880,21,0.294,True,Logarithmic and Exponential Functions,Mathematics
4683,150,17,2025-09-26,3300,35,0.355,True,Geometry Circles Polygons and Constructions,Mathematics
4966,150,55,2025-09-29,2640,40,0.343,True,Electricity AC Circuits and Electronics,Physics
258,150,41,2025-09-30,1500,23,0.3,True,Matter States and Properties,Physics
212,150,55,2025-10-07,3840,29,0.249,False,Electricity AC Circuits and Electronics,Physics
1616,150,23,2025-10-20,3780,42,0.253,False,Algebra Polynomials and Rational Expressions,Mathematics
463,150,60,2025-11-11,4080,17,0.174,True,Optics Interference and Diffraction,Physics
4338,150,10,2025-11-11,3600,25,0.197,True,Geometry Lines Angles and Triangles,Mathematics
1802,150,18,2025-11-15,3720,38,0.304,True,Geometry Circles Polygons and Constructions,Mathematics
3000,150,55,2025-11-15,3840,27,0.275,True,Electricity AC Circuits and Electronics,Physics
4672,150,26,2025-12-03,3180,20,0.23,True,Logarithmic and Exponential Functions,Mathematics
4047,150,12,2025-12-06,2940,23,0.329,True,Statistics Data Collection and Representation,Mathematics
1495,150,6,2025-12-09,2460,21,0.222,True,Fractions Decimals and Percentages,Mathematics
3028,150,36,2025-12-13,2280,43,0.283,True,Forces and Newtons Laws,Physics
1113,150,13,2025-12-24,3540,44,0.396,True,Algebra Quadratic Equations and Inequalities,Mathematics
727,150,14,2026-01-01,2280,30,0.311,False,Algebra Quadratic Equations and Inequalities,Mathematics
3787,150,31,2026-01-05,2280,10,0.225,False,Probability and Statistical Distributions,Mathematics
2940,150,48,2026-01-08,3180,43,0.343,True,Wave Properties Sound and Light,Physics
4834,150,46,2026-01-13,3360,27,0.252,True,Thermal Physics and Heat Transfer,Physics
3038,150,48,2026-01-15,3840,41,0.346,True,Wave Properties Sound and Light,Physics
366,150,24,2026-01-16,3180,16,0.208,True,Algebra Polynomials and Rational Expressions,Mathematics
2848,150,12,2026-01-19,1980,12,0.29,True,Statistics Data Collection and Representation,Mathematics
690,150,59,2026-02-03,2160,30,0.239,True,Electromagnetic Induction,Physics
2392,150,47,2026-02-22,3180,15,0.264,True,Wave Properties Sound and Light,Physics
3336,150,47,2026-02-23,3060,47,0.409,False,Wave Properties Sound and Light,Physics
279,150,13,2026-02-26,2220,39,0.26,False,Algebra Quadratic Equations and Inequalities,Mathematics
